日付,カテゴリ,製品ID,製品名,型番,区分,容量,店舗,購入可能価格(税込),在庫状況,購入可否,商品URL,備考
2026-10-09,CPU,cpu-core-ultra-5-225,Core Ultra 5 225,,Core Ultra 5,,アーク,31780,在庫あり,購入可,https://www.ark-pc.co.jp/i/10150691/,
2026-10-09,CPU,cpu-core-ultra-5-225,Core Ultra 5 225,,Core Ultra 5,,ツクモ,31780,在庫あり／24時間以内に出荷,購入可,https://shop.tsukumo.co.jp/goods/0735858550826/,
2026-10-09,CPU,cpu-core-ultra-5-225,Core Ultra 5 225,,Core Ultra 5,,ドスパラ,31780,在庫あり,購入可,https://www.dospara.co.jp/SBR1887/IC518588.html,
2026-10-09,CPU,cpu-core-ultra-5-225,Core Ultra 5 225,,Core Ultra 5,,パソコン工房,,確認できず,未確認,,対象5店舗の製品検索で一致する商品URLを特定できず。取扱なし・販売終了とは判定していない
2026-10-09,CPU,cpu-core-ultra-5-225,Core Ultra 5 225,,Core Ultra 5,,アプライド,,確認できず,未確認,,対象5店舗の製品検索で一致する商品URLを特定できず。取扱なし・販売終了とは判定していない
2026-10-09,CPU,cpu-core-ultra-5-225f,Core Ultra 5 225F,,Core Ultra 5,,アーク,25980,在庫あり,購入可,https://www.ark-pc.co.jp/i/10150692/,
2026-10-09,CPU,cpu-core-ultra-5-225f,Core Ultra 5 225F,,Core Ultra 5,,ツクモ,25980,在庫あり／24時間以内に出荷,購入可,https://shop.tsukumo.co.jp/goods/0735858550840/,
2026-10-09,CPU,cpu-core-ultra-5-225f,Core Ultra 5 225F,,Core Ultra 5,,ドスパラ,,在庫なし,購入不可,https://www.dospara.co.jp/SBR1887/IC518589.html,
2026-10-09,CPU,cpu-core-ultra-5-225f,Core Ultra 5 225F,,Core Ultra 5,,パソコン工房,,確認できず,未確認,,対象5店舗の製品検索で一致する商品URLを特定できず。取扱なし・販売終了とは判定していない
2026-10-09,CPU,cpu-core-ultra-5-225f,Core Ultra 5 225F,,Core Ultra 5,,アプライド,,売り切れ,購入不可,https://shop.applied-net.co.jp/view/item/000000448971?category_page_id=ct4141,
2026-10-09,CPU,cpu-core-ultra-5-235,Core Ultra 5 235,,Core Ultra 5,,アーク,,在庫なし,購入不可,https://www.ark-pc.co.jp/i/10150690/,
2026-10-09,CPU,cpu-core-ultra-5-235,Core Ultra 5 235,,Core Ultra 5,,ツクモ,48880,在庫わずか／24時間以内に出荷,購入可,https://shop.tsukumo.co.jp/goods/0735858551397/,
2026-10-09,CPU,cpu-core-ultra-5-235,Core Ultra 5 235,,Core Ultra 5,,ドスパラ,,在庫なし,購入不可,https://www.dospara.co.jp/SBR1887/IC669488.html,
2026-10-09,CPU,cpu-core-ultra-5-235,Core Ultra 5 235,,Core Ultra 5,,パソコン工房,,確認できず,未確認,,対象5店舗の製品検索で一致する商品URLを特定できず。取扱なし・販売終了とは判定していない
2026-10-09,CPU,cpu-core-ultra-5-235,Core Ultra 5 235,,Core Ultra 5,,アプライド,,確認できず,未確認,,対象5店舗の製品検索で一致する商品URLを特定できず。取扱なし・販売終了とは判定していない
2026-10-09,CPU,cpu-core-ultra-5-245k,Core Ultra 5 245K,,Core Ultra 5,,アーク,,在庫なし,購入不可,https://www.ark-pc.co.jp/i/10150680/,
2026-10-09,CPU,cpu-core-ultra-5-245k,Core Ultra 5 245K,,Core Ultra 5,,ツクモ,36800,在庫わずか,購入可,https://shop.tsukumo.co.jp/goods/0735858550543,
2026-10-09,CPU,cpu-core-ultra-5-245k,Core Ultra 5 245K,,Core Ultra 5,,ドスパラ,36800,在庫あり,購入可,https://www.dospara.co.jp/SBR1887/IC512738.html,
2026-10-09,CPU,cpu-core-ultra-5-245k,Core Ultra 5 245K,,Core Ultra 5,,パソコン工房,,確認できず,未確認,,対象5店舗の製品検索で一致する商品URLを特定できず。取扱なし・販売終了とは判定していない
2026-10-09,CPU,cpu-core-ultra-5-245k,Core Ultra 5 245K,,Core Ultra 5,,アプライド,,確認できず,未確認,,対象5店舗の製品検索で一致する商品URLを特定できず。取扱なし・販売終了とは判定していない
2026-10-09,CPU,cpu-core-ultra-5-245kf,Core Ultra 5 245KF,,Core Ultra 5,,アーク,,在庫なし,購入不可,https://www.ark-pc.co.jp/i/10150681/,
2026-10-09,CPU,cpu-core-ultra-5-245kf,Core Ultra 5 245KF,,Core Ultra 5,,ツクモ,30980,在庫わずか,購入可,https://shop.tsukumo.co.jp/goods/0735858550567/,
2026-10-09,CPU,cpu-core-ultra-5-245kf,Core Ultra 5 245KF,,Core Ultra 5,,ドスパラ,30980,在庫あり,購入可,https://www.dospara.co.jp/SBR1887/IC512739.html,
2026-10-09,CPU,cpu-core-ultra-5-245kf,Core Ultra 5 245KF,,Core Ultra 5,,パソコン工房,,確認できず,未確認,,対象5店舗の製品検索で一致する商品URLを特定できず。取扱なし・販売終了とは判定していない
2026-10-09,CPU,cpu-core-ultra-5-245kf,Core Ultra 5 245KF,,Core Ultra 5,,アプライド,,確認できず,未確認,,対象5店舗の製品検索で一致する商品URLを特定できず。取扱なし・販売終了とは判定していない
2026-10-09,CPU,cpu-core-ultra-5-250k-plus,Core Ultra 5 250K Plus,,Core Ultra 5,,アーク,41680,在庫あり,購入可,https://www.ark-pc.co.jp/i/10150698/,
2026-10-09,CPU,cpu-core-ultra-5-250k-plus,Core Ultra 5 250K Plus,,Core Ultra 5,,ツクモ,41680,在庫あり／24時間以内に出荷,購入可,https://shop.tsukumo.co.jp/goods/0735858553209,
2026-10-09,CPU,cpu-core-ultra-5-250k-plus,Core Ultra 5 250K Plus,,Core Ultra 5,,ドスパラ,41680,在庫あり,購入可,https://www.dospara.co.jp/SBR1887/IC615466.html,
2026-10-09,CPU,cpu-core-ultra-5-250k-plus,Core Ultra 5 250K Plus,,Core Ultra 5,,パソコン工房,,確認できず,未確認,,対象5店舗の製品検索で一致する商品URLを特定できず。取扱なし・販売終了とは判定していない
2026-10-09,CPU,cpu-core-ultra-5-250k-plus,Core Ultra 5 250K Plus,,Core Ultra 5,,アプライド,,確認できず,未確認,,対象5店舗の製品検索で一致する商品URLを特定できず。取扱なし・販売終了とは判定していない
2026-10-09,CPU,cpu-core-ultra-5-250kf-plus,Core Ultra 5 250KF Plus,,Core Ultra 5,,アーク,37038,在庫あり,購入可,https://www.ark-pc.co.jp/i/10150699/,
2026-10-09,CPU,cpu-core-ultra-5-250kf-plus,Core Ultra 5 250KF Plus,,Core Ultra 5,,ツクモ,37038,在庫あり／24時間以内に出荷,購入可,https://shop.tsukumo.co.jp/goods/0735858553216/,
2026-10-09,CPU,cpu-core-ultra-5-250kf-plus,Core Ultra 5 250KF Plus,,Core Ultra 5,,ドスパラ,,確認できず,未確認,,対象5店舗の製品検索で一致する商品URLを特定できず。取扱なし・販売終了とは判定していない
2026-10-09,CPU,cpu-core-ultra-5-250kf-plus,Core Ultra 5 250KF Plus,,Core Ultra 5,,パソコン工房,,確認できず,未確認,,対象5店舗の製品検索で一致する商品URLを特定できず。取扱なし・販売終了とは判定していない
2026-10-09,CPU,cpu-core-ultra-5-250kf-plus,Core Ultra 5 250KF Plus,,Core Ultra 5,,アプライド,35980,在庫有 1～3営業日で出荷予定 休業日除く,購入可,https://shop.applied-net.co.jp/view/item/000000451409,
2026-10-09,CPU,cpu-core-ultra-7-265,Core Ultra 7 265,,Core Ultra 7,,アーク,63980,在庫あり,購入可,https://www.ark-pc.co.jp/i/10150688/,
2026-10-09,CPU,cpu-core-ultra-7-265,Core Ultra 7 265,,Core Ultra 7,,ツクモ,63980,在庫わずか／24時間以内に出荷,購入可,https://shop.tsukumo.co.jp/goods/0735858550987/,
2026-10-09,CPU,cpu-core-ultra-7-265,Core Ultra 7 265,,Core Ultra 7,,ドスパラ,63980,在庫あり,購入可,https://www.dospara.co.jp/SBR1886/IC518585.html,
2026-10-09,CPU,cpu-core-ultra-7-265,Core Ultra 7 265,,Core Ultra 7,,パソコン工房,,確認できず,未確認,,対象5店舗の製品検索で一致する商品URLを特定できず。取扱なし・販売終了とは判定していない
2026-10-09,CPU,cpu-core-ultra-7-265,Core Ultra 7 265,,Core Ultra 7,,アプライド,,確認できず,未確認,,対象5店舗の製品検索で一致する商品URLを特定できず。取扱なし・販売終了とは判定していない
2026-10-09,CPU,cpu-core-ultra-7-265f,Core Ultra 7 265F,,Core Ultra 7,,アーク,54980,在庫あり,購入可,https://www.ark-pc.co.jp/i/10150689/,
2026-10-09,CPU,cpu-core-ultra-7-265f,Core Ultra 7 265F,,Core Ultra 7,,ツクモ,62887,在庫わずか／24時間以内に出荷,購入可,https://shop.tsukumo.co.jp/goods/0735858551205/,
2026-10-09,CPU,cpu-core-ultra-7-265f,Core Ultra 7 265F,,Core Ultra 7,,ドスパラ,,確認できず,未確認,https://www.dospara.co.jp/SBR1517/IC627710.html,商品ページの読み込み制限または取得失敗。検索でも通販価格・在庫を確定できず
2026-10-09,CPU,cpu-core-ultra-7-265f,Core Ultra 7 265F,,Core Ultra 7,,パソコン工房,,確認できず,未確認,,対象5店舗の製品検索で一致する商品URLを特定できず。取扱なし・販売終了とは判定していない
2026-10-09,CPU,cpu-core-ultra-7-265f,Core Ultra 7 265F,,Core Ultra 7,,アプライド,,確認できず,未確認,,対象5店舗の製品検索で一致する商品URLを特定できず。取扱なし・販売終了とは判定していない
2026-10-09,CPU,cpu-core-ultra-7-265k,Core Ultra 7 265K,,Core Ultra 7,,アーク,,販売終了,取扱終了,https://www.ark-pc.co.jp/i/72003453/,
2026-10-09,CPU,cpu-core-ultra-7-265k,Core Ultra 7 265K,,Core Ultra 7,,ツクモ,,在庫なし,購入不可,https://shop.tsukumo.co.jp/goods/0735858550529/,
2026-10-09,CPU,cpu-core-ultra-7-265k,Core Ultra 7 265K,,Core Ultra 7,,ドスパラ,49800,在庫あり,購入可,https://www.dospara.co.jp/SBR1886/IC512736.html,
2026-10-09,CPU,cpu-core-ultra-7-265k,Core Ultra 7 265K,,Core Ultra 7,,パソコン工房,,確認できず,未確認,,対象5店舗の製品検索で一致する商品URLを特定できず。取扱なし・販売終了とは判定していない
2026-10-09,CPU,cpu-core-ultra-7-265k,Core Ultra 7 265K,,Core Ultra 7,,アプライド,,確認できず,未確認,,対象5店舗の製品検索で一致する商品URLを特定できず。取扱なし・販売終了とは判定していない
2026-10-09,CPU,cpu-core-ultra-7-265kf,Core Ultra 7 265KF,,Core Ultra 7,,アーク,,確認できず,未確認,,対象5店舗の製品検索で一致する商品URLを特定できず。取扱なし・販売終了とは判定していない
2026-10-09,CPU,cpu-core-ultra-7-265kf,Core Ultra 7 265KF,,Core Ultra 7,,ツクモ,48800,在庫わずか,購入可,https://shop.tsukumo.co.jp/goods/0735858550444/,
2026-10-09,CPU,cpu-core-ultra-7-265kf,Core Ultra 7 265KF,,Core Ultra 7,,ドスパラ,48800,在庫あり,購入可,https://www.dospara.co.jp/SBR1886/IC512737.html,
2026-10-09,CPU,cpu-core-ultra-7-265kf,Core Ultra 7 265KF,,Core Ultra 7,,パソコン工房,,確認できず,未確認,,対象5店舗の製品検索で一致する商品URLを特定できず。取扱なし・販売終了とは判定していない
2026-10-09,CPU,cpu-core-ultra-7-265kf,Core Ultra 7 265KF,,Core Ultra 7,,アプライド,,確認できず,未確認,,対象5店舗の製品検索で一致する商品URLを特定できず。取扱なし・販売終了とは判定していない
2026-10-09,CPU,cpu-core-ultra-7-270k-plus,Core Ultra 7 270K Plus,,Core Ultra 7,,アーク,59800,在庫あり,購入可,https://www.ark-pc.co.jp/i/10150697/,
2026-10-09,CPU,cpu-core-ultra-7-270k-plus,Core Ultra 7 270K Plus,,Core Ultra 7,,ツクモ,59800,在庫あり／24時間以内に出荷,購入可,https://shop.tsukumo.co.jp/goods/0735858553308/,
2026-10-09,CPU,cpu-core-ultra-7-270k-plus,Core Ultra 7 270K Plus,,Core Ultra 7,,ドスパラ,59800,在庫あり,購入可,https://www.dospara.co.jp/SBR1886/IC615465.html,
2026-10-09,CPU,cpu-core-ultra-7-270k-plus,Core Ultra 7 270K Plus,,Core Ultra 7,,パソコン工房,,確認できず,未確認,,対象5店舗の製品検索で一致する商品URLを特定できず。取扱なし・販売終了とは判定していない
2026-10-09,CPU,cpu-core-ultra-7-270k-plus,Core Ultra 7 270K Plus,,Core Ultra 7,,アプライド,59480,在庫有 1～3営業日で出荷予定 休業日除く,購入可,https://shop.applied-net.co.jp/view/item/000000449210,
2026-10-09,CPU,cpu-core-ultra-9-285,Core Ultra 9 285,,Core Ultra 9,,アーク,,確認できず,未確認,,対象5店舗の製品検索で一致する商品URLを特定できず。取扱なし・販売終了とは判定していない
2026-10-09,CPU,cpu-core-ultra-9-285,Core Ultra 9 285,,Core Ultra 9,,ツクモ,,在庫なし,購入不可,https://shop.tsukumo.co.jp/goods/0735858550864/,
2026-10-09,CPU,cpu-core-ultra-9-285,Core Ultra 9 285,,Core Ultra 9,,ドスパラ,107800,在庫あり,購入可,https://www.dospara.co.jp/SBR1885/IC518584.html,
2026-10-09,CPU,cpu-core-ultra-9-285,Core Ultra 9 285,,Core Ultra 9,,パソコン工房,,確認できず,未確認,,対象5店舗の製品検索で一致する商品URLを特定できず。取扱なし・販売終了とは判定していない
2026-10-09,CPU,cpu-core-ultra-9-285,Core Ultra 9 285,,Core Ultra 9,,アプライド,,確認できず,未確認,,対象5店舗の製品検索で一致する商品URLを特定できず。取扱なし・販売終了とは判定していない
2026-10-09,CPU,cpu-core-ultra-9-285k,Core Ultra 9 285K,,Core Ultra 9,,アーク,,在庫なし,購入不可,https://www.ark-pc.co.jp/i/10150677/,
2026-10-09,CPU,cpu-core-ultra-9-285k,Core Ultra 9 285K,,Core Ultra 9,,ツクモ,,在庫なし,購入不可,https://shop.tsukumo.co.jp/goods/0735858550383/,
2026-10-09,CPU,cpu-core-ultra-9-285k,Core Ultra 9 285K,,Core Ultra 9,,ドスパラ,,在庫なし,購入不可,https://www.dospara.co.jp/SBR1885/IC512735.html,
2026-10-09,CPU,cpu-core-ultra-9-285k,Core Ultra 9 285K,,Core Ultra 9,,パソコン工房,,確認できず,未確認,,対象5店舗の製品検索で一致する商品URLを特定できず。取扱なし・販売終了とは判定していない
2026-10-09,CPU,cpu-core-ultra-9-285k,Core Ultra 9 285K,,Core Ultra 9,,アプライド,,確認できず,未確認,,対象5店舗の製品検索で一致する商品URLを特定できず。取扱なし・販売終了とは判定していない
2026-10-09,CPU,cpu-core-i3-14100,Core i3-14100,,Core i3,,アーク,,確認できず,未確認,,対象5店舗の製品検索で一致する商品URLを特定できず。取扱なし・販売終了とは判定していない
2026-10-09,CPU,cpu-core-i3-14100,Core i3-14100,,Core i3,,ツクモ,21380,在庫あり／24時間以内に出荷,購入可,https://shop.tsukumo.co.jp/goods/0735858547512/,
2026-10-09,CPU,cpu-core-i3-14100,Core i3-14100,,Core i3,,ドスパラ,21380,在庫あり,購入可,https://www.dospara.co.jp/SBR1482/IC497969.html,
2026-10-09,CPU,cpu-core-i3-14100,Core i3-14100,,Core i3,,パソコン工房,,確認できず,未確認,,対象5店舗の製品検索で一致する商品URLを特定できず。取扱なし・販売終了とは判定していない
2026-10-09,CPU,cpu-core-i3-14100,Core i3-14100,,Core i3,,アプライド,,確認できず,未確認,,対象5店舗の製品検索で一致する商品URLを特定できず。取扱なし・販売終了とは判定していない
2026-10-09,CPU,cpu-core-i3-14100f,Core i3-14100F,,Core i3,,アーク,,確認できず,未確認,https://www.ark-pc.co.jp/i/10150667/,商品ページの読み込み制限または取得失敗。検索でも通販価格・在庫を確定できず
2026-10-09,CPU,cpu-core-i3-14100f,Core i3-14100F,,Core i3,,ツクモ,15480,在庫あり／24時間以内に出荷,購入可,https://shop.tsukumo.co.jp/goods/0735858547536/,
2026-10-09,CPU,cpu-core-i3-14100f,Core i3-14100F,,Core i3,,ドスパラ,16480,在庫あり,購入可,https://www.dospara.co.jp/SBR1482/IC497970.html,
2026-10-09,CPU,cpu-core-i3-14100f,Core i3-14100F,,Core i3,,パソコン工房,,確認できず,未確認,,対象5店舗の製品検索で一致する商品URLを特定できず。取扱なし・販売終了とは判定していない
2026-10-09,CPU,cpu-core-i3-14100f,Core i3-14100F,,Core i3,,アプライド,,確認できず,未確認,,対象5店舗の製品検索で一致する商品URLを特定できず。取扱なし・販売終了とは判定していない
2026-10-09,CPU,cpu-core-i5-13600k,Core i5-13600K,,Core i5,,アーク,,確認できず,未確認,,対象5店舗の製品検索で一致する商品URLを特定できず。取扱なし・販売終了とは判定していない
2026-10-09,CPU,cpu-core-i5-13600k,Core i5-13600K,,Core i5,,ツクモ,,販売終了,取扱終了,https://shop.tsukumo.co.jp/goods/0735858526715/,
2026-10-09,CPU,cpu-core-i5-13600k,Core i5-13600K,,Core i5,,ドスパラ,,在庫なし,購入不可,https://www.dospara.co.jp/SBR1481/IC482989.html,
2026-10-09,CPU,cpu-core-i5-13600k,Core i5-13600K,,Core i5,,パソコン工房,,確認できず,未確認,,対象5店舗の製品検索で一致する商品URLを特定できず。取扱なし・販売終了とは判定していない
2026-10-09,CPU,cpu-core-i5-13600k,Core i5-13600K,,Core i5,,アプライド,,確認できず,未確認,,対象5店舗の製品検索で一致する商品URLを特定できず。取扱なし・販売終了とは判定していない
2026-10-09,CPU,cpu-core-i5-14400,Core i5-14400,,Core i5,,アーク,37800,在庫あり,購入可,https://www.ark-pc.co.jp/i/10150664/,
2026-10-09,CPU,cpu-core-i5-14400,Core i5-14400,,Core i5,,ツクモ,34980,在庫あり／24時間以内に出荷,購入可,https://shop.tsukumo.co.jp/goods/0735858547574/,
2026-10-09,CPU,cpu-core-i5-14400,Core i5-14400,,Core i5,,ドスパラ,34980,在庫あり,購入可,https://www.dospara.co.jp/SBR1481/IC497967.html,
2026-10-09,CPU,cpu-core-i5-14400,Core i5-14400,,Core i5,,パソコン工房,,確認できず,未確認,,対象5店舗の製品検索で一致する商品URLを特定できず。取扱なし・販売終了とは判定していない
2026-10-09,CPU,cpu-core-i5-14400,Core i5-14400,,Core i5,,アプライド,,確認できず,未確認,,対象5店舗の製品検索で一致する商品URLを特定できず。取扱なし・販売終了とは判定していない
2026-10-09,CPU,cpu-core-i5-14400f,Core i5-14400F,,Core i5,,アーク,29980,在庫あり,購入可,https://www.ark-pc.co.jp/i/10150665/,
2026-10-09,CPU,cpu-core-i5-14400f,Core i5-14400F,,Core i5,,ツクモ,27980,在庫あり／24時間以内に出荷,購入可,https://shop.tsukumo.co.jp/goods/0735858547581/,
2026-10-09,CPU,cpu-core-i5-14400f,Core i5-14400F,,Core i5,,ドスパラ,27980,在庫あり,購入可,https://www.dospara.co.jp/SBR1481/IC497968.html,
2026-10-09,CPU,cpu-core-i5-14400f,Core i5-14400F,,Core i5,,パソコン工房,,確認できず,未確認,,対象5店舗の製品検索で一致する商品URLを特定できず。取扱なし・販売終了とは判定していない
2026-10-09,CPU,cpu-core-i5-14400f,Core i5-14400F,,Core i5,,アプライド,,確認できず,未確認,https://shop.applied-net.co.jp/view/item/000000428753?category_page_id=ct2596,商品ページの読み込み制限または取得失敗。検索でも通販価格・在庫を確定できず
2026-10-09,CPU,cpu-core-i5-14500,Core i5-14500,,Core i5,,アーク,,確認できず,未確認,,対象5店舗の製品検索で一致する商品URLを特定できず。取扱なし・販売終了とは判定していない
2026-10-09,CPU,cpu-core-i5-14500,Core i5-14500,,Core i5,,ツクモ,,在庫なし,購入不可,https://shop.tsukumo.co.jp/goods/0735858547611/,
2026-10-09,CPU,cpu-core-i5-14500,Core i5-14500,,Core i5,,ドスパラ,,在庫なし,購入不可,https://www.dospara.co.jp/SBR1481/IC497966.html?msockid=05154f64988b6f06136359fc99ca6ee4,
2026-10-09,CPU,cpu-core-i5-14500,Core i5-14500,,Core i5,,パソコン工房,,確認できず,未確認,,対象5店舗の製品検索で一致する商品URLを特定できず。取扱なし・販売終了とは判定していない
2026-10-09,CPU,cpu-core-i5-14500,Core i5-14500,,Core i5,,アプライド,,確認できず,未確認,,対象5店舗の製品検索で一致する商品URLを特定できず。取扱なし・販売終了とは判定していない
2026-10-09,CPU,cpu-core-i5-14600k,Core i5-14600K,,Core i5,,アーク,,確認できず,未確認,,対象5店舗の製品検索で一致する商品URLを特定できず。取扱なし・販売終了とは判定していない
2026-10-09,CPU,cpu-core-i5-14600k,Core i5-14600K,,Core i5,,ツクモ,,在庫なし,購入不可,https://shop.tsukumo.co.jp/goods/0735858546881/,
2026-10-09,CPU,cpu-core-i5-14600k,Core i5-14600K,,Core i5,,ドスパラ,,在庫なし,購入不可,https://www.dospara.co.jp/SBR1481/IC494975.html,
2026-10-09,CPU,cpu-core-i5-14600k,Core i5-14600K,,Core i5,,パソコン工房,,確認できず,未確認,,対象5店舗の製品検索で一致する商品URLを特定できず。取扱なし・販売終了とは判定していない
2026-10-09,CPU,cpu-core-i5-14600k,Core i5-14600K,,Core i5,,アプライド,,確認できず,未確認,,対象5店舗の製品検索で一致する商品URLを特定できず。取扱なし・販売終了とは判定していない
2026-10-09,CPU,cpu-core-i5-14600kf,Core i5-14600KF,,Core i5,,アーク,,確認できず,未確認,,対象5店舗の製品検索で一致する商品URLを特定できず。取扱なし・販売終了とは判定していない
2026-10-09,CPU,cpu-core-i5-14600kf,Core i5-14600KF,,Core i5,,ツクモ,,在庫なし,購入不可,https://shop.tsukumo.co.jp/goods/0735858546904/,
2026-10-09,CPU,cpu-core-i5-14600kf,Core i5-14600KF,,Core i5,,ドスパラ,44980,在庫あり,購入可,https://www.dospara.co.jp/SBR1481/IC494976.html?msockid=264ad57f4fc66ab8213fc3df4e486b05,
2026-10-09,CPU,cpu-core-i5-14600kf,Core i5-14600KF,,Core i5,,パソコン工房,,確認できず,未確認,,対象5店舗の製品検索で一致する商品URLを特定できず。取扱なし・販売終了とは判定していない
2026-10-09,CPU,cpu-core-i5-14600kf,Core i5-14600KF,,Core i5,,アプライド,,確認できず,未確認,,対象5店舗の製品検索で一致する商品URLを特定できず。取扱なし・販売終了とは判定していない
2026-10-09,CPU,cpu-core-i7-13700k,Core i7-13700K,,Core i7,,アーク,,確認できず,未確認,,対象5店舗の製品検索で一致する商品URLを特定できず。取扱なし・販売終了とは判定していない
2026-10-09,CPU,cpu-core-i7-13700k,Core i7-13700K,,Core i7,,ツクモ,,販売終了,取扱終了,https://shop.tsukumo.co.jp/goods/0735858526678/,
2026-10-09,CPU,cpu-core-i7-13700k,Core i7-13700K,,Core i7,,ドスパラ,,確認できず,未確認,,対象5店舗の製品検索で一致する商品URLを特定できず。取扱なし・販売終了とは判定していない
2026-10-09,CPU,cpu-core-i7-13700k,Core i7-13700K,,Core i7,,パソコン工房,,確認できず,未確認,,対象5店舗の製品検索で一致する商品URLを特定できず。取扱なし・販売終了とは判定していない
2026-10-09,CPU,cpu-core-i7-13700k,Core i7-13700K,,Core i7,,アプライド,,確認できず,未確認,,対象5店舗の製品検索で一致する商品URLを特定できず。取扱なし・販売終了とは判定していない
2026-10-09,CPU,cpu-core-i7-14700,Core i7-14700,,Core i7,,アーク,,確認できず,未確認,,対象5店舗の製品検索で一致する商品URLを特定できず。取扱なし・販売終了とは判定していない
2026-10-09,CPU,cpu-core-i7-14700,Core i7-14700,,Core i7,,ツクモ,,確認できず,未確認,https://shop.tsukumo.co.jp/goods/0409171584010/,商品ページは見つかったが、通販価格と在庫を確定できず
2026-10-09,CPU,cpu-core-i7-14700,Core i7-14700,,Core i7,,ドスパラ,65800,在庫あり,購入可,https://www.dospara.co.jp/SBR1328/IC497964.html,
2026-10-09,CPU,cpu-core-i7-14700,Core i7-14700,,Core i7,,パソコン工房,,確認できず,未確認,,対象5店舗の製品検索で一致する商品URLを特定できず。取扱なし・販売終了とは判定していない
2026-10-09,CPU,cpu-core-i7-14700,Core i7-14700,,Core i7,,アプライド,,確認できず,未確認,,対象5店舗の製品検索で一致する商品URLを特定できず。取扱なし・販売終了とは判定していない
2026-10-09,CPU,cpu-core-i7-14700f,Core i7-14700F,,Core i7,,アーク,61980,在庫あり,購入可,https://www.ark-pc.co.jp/i/10150662/,
2026-10-09,CPU,cpu-core-i7-14700f,Core i7-14700F,,Core i7,,ツクモ,,販売終了,取扱終了,https://shop.tsukumo.co.jp/goods/0735858547680/,
2026-10-09,CPU,cpu-core-i7-14700f,Core i7-14700F,,Core i7,,ドスパラ,59980,在庫あり,購入可,https://www.dospara.co.jp/SBR1328/IC497965.html,
2026-10-09,CPU,cpu-core-i7-14700f,Core i7-14700F,,Core i7,,パソコン工房,,確認できず,未確認,,対象5店舗の製品検索で一致する商品URLを特定できず。取扱なし・販売終了とは判定していない
2026-10-09,CPU,cpu-core-i7-14700f,Core i7-14700F,,Core i7,,アプライド,,確認できず,未確認,,対象5店舗の製品検索で一致する商品URLを特定できず。取扱なし・販売終了とは判定していない
2026-10-09,CPU,cpu-core-i7-14700k,Core i7-14700K,,Core i7,,アーク,,在庫なし,購入不可,https://www.ark-pc.co.jp/i/10150655/,
2026-10-09,CPU,cpu-core-i7-14700k,Core i7-14700K,,Core i7,,ツクモ,,確認できず,未確認,https://shop.tsukumo.co.jp/goods/0409170221015/,商品ページは見つかったが、通販価格と在庫を確定できず
2026-10-09,CPU,cpu-core-i7-14700k,Core i7-14700K,,Core i7,,ドスパラ,69800,在庫あり,購入可,https://www.dospara.co.jp/SBR1328/IC494973.html,
2026-10-09,CPU,cpu-core-i7-14700k,Core i7-14700K,,Core i7,,パソコン工房,,確認できず,未確認,,対象5店舗の製品検索で一致する商品URLを特定できず。取扱なし・販売終了とは判定していない
2026-10-09,CPU,cpu-core-i7-14700k,Core i7-14700K,,Core i7,,アプライド,,確認できず,未確認,,対象5店舗の製品検索で一致する商品URLを特定できず。取扱なし・販売終了とは判定していない
2026-10-09,CPU,cpu-core-i7-14700kf,Core i7-14700KF,,Core i7,,アーク,,確認できず,未確認,https://www.ark-pc.co.jp/i/10150656/,商品ページの読み込み制限または取得失敗。検索でも通販価格・在庫を確定できず
2026-10-09,CPU,cpu-core-i7-14700kf,Core i7-14700KF,,Core i7,,ツクモ,,確認できず,未確認,https://shop.tsukumo.co.jp/goods/0409171061016/,商品ページは見つかったが、通販価格と在庫を確定できず
2026-10-09,CPU,cpu-core-i7-14700kf,Core i7-14700KF,,Core i7,,ドスパラ,65480,在庫あり,購入可,https://www.dospara.co.jp/SBR1328/IC494974.html,
2026-10-09,CPU,cpu-core-i7-14700kf,Core i7-14700KF,,Core i7,,パソコン工房,,確認できず,未確認,,対象5店舗の製品検索で一致する商品URLを特定できず。取扱なし・販売終了とは判定していない
2026-10-09,CPU,cpu-core-i7-14700kf,Core i7-14700KF,,Core i7,,アプライド,,確認できず,未確認,,対象5店舗の製品検索で一致する商品URLを特定できず。取扱なし・販売終了とは判定していない
2026-10-09,CPU,cpu-core-i9-13900k,Core i9-13900K,,Core i9,,アーク,,確認できず,未確認,,対象5店舗の製品検索で一致する商品URLを特定できず。取扱なし・販売終了とは判定していない
2026-10-09,CPU,cpu-core-i9-13900k,Core i9-13900K,,Core i9,,ツクモ,,販売終了,取扱終了,https://shop.tsukumo.co.jp/goods/0735858526616/,
2026-10-09,CPU,cpu-core-i9-13900k,Core i9-13900K,,Core i9,,ドスパラ,,確認できず,未確認,,対象5店舗の製品検索で一致する商品URLを特定できず。取扱なし・販売終了とは判定していない
2026-10-09,CPU,cpu-core-i9-13900k,Core i9-13900K,,Core i9,,パソコン工房,,確認できず,未確認,,対象5店舗の製品検索で一致する商品URLを特定できず。取扱なし・販売終了とは判定していない
2026-10-09,CPU,cpu-core-i9-13900k,Core i9-13900K,,Core i9,,アプライド,,確認できず,未確認,,対象5店舗の製品検索で一致する商品URLを特定できず。取扱なし・販売終了とは判定していない
2026-10-09,CPU,cpu-core-i9-14900,Core i9-14900,,Core i9,,アーク,,確認できず,未確認,,対象5店舗の製品検索で一致する商品URLを特定できず。取扱なし・販売終了とは判定していない
2026-10-09,CPU,cpu-core-i9-14900,Core i9-14900,,Core i9,,ツクモ,,確認できず,未確認,,対象5店舗の製品検索で一致する商品URLを特定できず。取扱なし・販売終了とは判定していない
2026-10-09,CPU,cpu-core-i9-14900,Core i9-14900,,Core i9,,ドスパラ,,在庫なし,購入不可,https://www.dospara.co.jp/SBR1329/IC497962.html,
2026-10-09,CPU,cpu-core-i9-14900,Core i9-14900,,Core i9,,パソコン工房,,確認できず,未確認,,対象5店舗の製品検索で一致する商品URLを特定できず。取扱なし・販売終了とは判定していない
2026-10-09,CPU,cpu-core-i9-14900,Core i9-14900,,Core i9,,アプライド,,確認できず,未確認,,対象5店舗の製品検索で一致する商品URLを特定できず。取扱なし・販売終了とは判定していない
2026-10-09,CPU,cpu-core-i9-14900f,Core i9-14900F,,Core i9,,アーク,,確認できず,未確認,,対象5店舗の製品検索で一致する商品URLを特定できず。取扱なし・販売終了とは判定していない
2026-10-09,CPU,cpu-core-i9-14900f,Core i9-14900F,,Core i9,,ツクモ,,在庫なし,購入不可,https://shop.tsukumo.co.jp/goods/0735858547642/,
2026-10-09,CPU,cpu-core-i9-14900f,Core i9-14900F,,Core i9,,ドスパラ,,確認できず,未確認,,対象5店舗の製品検索で一致する商品URLを特定できず。取扱なし・販売終了とは判定していない
2026-10-09,CPU,cpu-core-i9-14900f,Core i9-14900F,,Core i9,,パソコン工房,,確認できず,未確認,,対象5店舗の製品検索で一致する商品URLを特定できず。取扱なし・販売終了とは判定していない
2026-10-09,CPU,cpu-core-i9-14900f,Core i9-14900F,,Core i9,,アプライド,,確認できず,未確認,,対象5店舗の製品検索で一致する商品URLを特定できず。取扱なし・販売終了とは判定していない
2026-10-09,CPU,cpu-core-i9-14900k,Core i9-14900K,,Core i9,,アーク,,在庫なし,購入不可,https://www.ark-pc.co.jp/i/10150653/,
2026-10-09,CPU,cpu-core-i9-14900k,Core i9-14900K,,Core i9,,ツクモ,,在庫なし,購入不可,https://shop.tsukumo.co.jp/goods/0735858546966/,
2026-10-09,CPU,cpu-core-i9-14900k,Core i9-14900K,,Core i9,,ドスパラ,,確認できず,未確認,,対象5店舗の製品検索で一致する商品URLを特定できず。取扱なし・販売終了とは判定していない
2026-10-09,CPU,cpu-core-i9-14900k,Core i9-14900K,,Core i9,,パソコン工房,,確認できず,未確認,,対象5店舗の製品検索で一致する商品URLを特定できず。取扱なし・販売終了とは判定していない
2026-10-09,CPU,cpu-core-i9-14900k,Core i9-14900K,,Core i9,,アプライド,,確認できず,未確認,,対象5店舗の製品検索で一致する商品URLを特定できず。取扱なし・販売終了とは判定していない
2026-10-09,CPU,cpu-core-i9-14900kf,Core i9-14900KF,,Core i9,,アーク,,確認できず,未確認,,対象5店舗の製品検索で一致する商品URLを特定できず。取扱なし・販売終了とは判定していない
2026-10-09,CPU,cpu-core-i9-14900kf,Core i9-14900KF,,Core i9,,ツクモ,,販売終了,取扱終了,https://shop.tsukumo.co.jp/goods/0735858546980/,
2026-10-09,CPU,cpu-core-i9-14900kf,Core i9-14900KF,,Core i9,,ドスパラ,,在庫なし,購入不可,https://www.dospara.co.jp/SBR1329/IC494972.html?msockid=2e2502e7ff5a69a0372414aefef56868,
2026-10-09,CPU,cpu-core-i9-14900kf,Core i9-14900KF,,Core i9,,パソコン工房,,確認できず,未確認,,対象5店舗の製品検索で一致する商品URLを特定できず。取扱なし・販売終了とは判定していない
2026-10-09,CPU,cpu-core-i9-14900kf,Core i9-14900KF,,Core i9,,アプライド,,確認できず,未確認,,対象5店舗の製品検索で一致する商品URLを特定できず。取扱なし・販売終了とは判定していない
2026-10-09,CPU,cpu-core-i9-14900ks,Core i9-14900KS,,Core i9,,アーク,,在庫なし,購入不可,https://www.ark-pc.co.jp/i/10150676/,
2026-10-09,CPU,cpu-core-i9-14900ks,Core i9-14900KS,,Core i9,,ツクモ,,確認できず,未確認,,対象5店舗の製品検索で一致する商品URLを特定できず。取扱なし・販売終了とは判定していない
2026-10-09,CPU,cpu-core-i9-14900ks,Core i9-14900KS,,Core i9,,ドスパラ,,確認できず,未確認,,対象5店舗の製品検索で一致する商品URLを特定できず。取扱なし・販売終了とは判定していない
2026-10-09,CPU,cpu-core-i9-14900ks,Core i9-14900KS,,Core i9,,パソコン工房,,確認できず,未確認,,対象5店舗の製品検索で一致する商品URLを特定できず。取扱なし・販売終了とは判定していない
2026-10-09,CPU,cpu-core-i9-14900ks,Core i9-14900KS,,Core i9,,アプライド,,確認できず,未確認,,対象5店舗の製品検索で一致する商品URLを特定できず。取扱なし・販売終了とは判定していない
2026-10-09,CPU,cpu-ryzen-5-7500f,Ryzen 5 7500F,,Ryzen 5,,アーク,29280,在庫あり,購入可,https://www.ark-pc.co.jp/i/10240289/,
2026-10-09,CPU,cpu-ryzen-5-7500f,Ryzen 5 7500F,,Ryzen 5,,ツクモ,29280,在庫あり／24時間以内に出荷,購入可,https://shop.tsukumo.co.jp/goods/0730143315081/,
2026-10-09,CPU,cpu-ryzen-5-7500f,Ryzen 5 7500F,,Ryzen 5,,ドスパラ,,確認できず,未確認,https://www.dospara.co.jp/SBR1883/IC668602.html,商品ページの読み込み制限または取得失敗。検索でも通販価格・在庫を確定できず
2026-10-09,CPU,cpu-ryzen-5-7500f,Ryzen 5 7500F,,Ryzen 5,,パソコン工房,,確認できず,未確認,,対象5店舗の製品検索で一致する商品URLを特定できず。取扱なし・販売終了とは判定していない
2026-10-09,CPU,cpu-ryzen-5-7500f,Ryzen 5 7500F,,Ryzen 5,,アプライド,,確認できず,未確認,,対象5店舗の製品検索で一致する商品URLを特定できず。取扱なし・販売終了とは判定していない
2026-10-09,CPU,cpu-ryzen-5-7600,Ryzen 5 7600,,Ryzen 5,,アーク,,確認できず,未確認,,対象5店舗の製品検索で一致する商品URLを特定できず。取扱なし・販売終了とは判定していない
2026-10-09,CPU,cpu-ryzen-5-7600,Ryzen 5 7600,,Ryzen 5,,ツクモ,36480,在庫わずか／24時間以内に出荷,購入可,https://shop.tsukumo.co.jp/goods/0730143314572/,
2026-10-09,CPU,cpu-ryzen-5-7600,Ryzen 5 7600,,Ryzen 5,,ドスパラ,,在庫なし,購入不可,https://www.dospara.co.jp/SBR1883/IC484675.html,
2026-10-09,CPU,cpu-ryzen-5-7600,Ryzen 5 7600,,Ryzen 5,,パソコン工房,,在庫なし,購入不可,https://www.pc-koubou.jp/products/detail.php?product_id=954063,
2026-10-09,CPU,cpu-ryzen-5-7600,Ryzen 5 7600,,Ryzen 5,,アプライド,,確認できず,未確認,,対象5店舗の製品検索で一致する商品URLを特定できず。取扱なし・販売終了とは判定していない
2026-10-09,CPU,cpu-ryzen-5-7600x,Ryzen 5 7600X,,Ryzen 5,,アーク,,確認できず,未確認,https://www.ark-pc.co.jp/i/10240218/,商品ページの読み込み制限または取得失敗。検索でも通販価格・在庫を確定できず
2026-10-09,CPU,cpu-ryzen-5-7600x,Ryzen 5 7600X,,Ryzen 5,,ツクモ,,在庫なし,購入不可,https://shop.tsukumo.co.jp/goods/0730143314442/,
2026-10-09,CPU,cpu-ryzen-5-7600x,Ryzen 5 7600X,,Ryzen 5,,ドスパラ,,在庫なし,購入不可,https://www.dospara.co.jp/SBR1883/IC482484.html,
2026-10-09,CPU,cpu-ryzen-5-7600x,Ryzen 5 7600X,,Ryzen 5,,パソコン工房,,在庫なし,購入不可,https://www.pc-koubou.jp/products/detail.php?pre=tamd_bnr&product_id=925794,
2026-10-09,CPU,cpu-ryzen-5-7600x,Ryzen 5 7600X,,Ryzen 5,,アプライド,,確認できず,未確認,,対象5店舗の製品検索で一致する商品URLを特定できず。取扱なし・販売終了とは判定していない
2026-10-09,CPU,cpu-ryzen-5-8400f,Ryzen 5 8400F,,Ryzen 5,,アーク,,在庫なし,購入不可,https://www.ark-pc.co.jp/i/10240252/,
2026-10-09,CPU,cpu-ryzen-5-8400f,Ryzen 5 8400F,,Ryzen 5,,ツクモ,,確認できず,未確認,https://shop.tsukumo.co.jp/goods/0409172473016/,商品ページは見つかったが、通販価格と在庫を確定できず
2026-10-09,CPU,cpu-ryzen-5-8400f,Ryzen 5 8400F,,Ryzen 5,,ドスパラ,,在庫なし,購入不可,https://www.dospara.co.jp/SBR1883/IC506925.html,
2026-10-09,CPU,cpu-ryzen-5-8400f,Ryzen 5 8400F,,Ryzen 5,,パソコン工房,,在庫なし,購入不可,https://www.pc-koubou.jp/products/detail.php?product_id=1238664,
2026-10-09,CPU,cpu-ryzen-5-8400f,Ryzen 5 8400F,,Ryzen 5,,アプライド,32400,在庫あり,購入可,https://shop.applied-net.co.jp/view/item/000000432058,
2026-10-09,CPU,cpu-ryzen-5-8500g,Ryzen 5 8500G,,Ryzen 5,,アーク,,在庫なし,購入不可,https://www.ark-pc.co.jp/i/10240244/,
2026-10-09,CPU,cpu-ryzen-5-8500g,Ryzen 5 8500G,,Ryzen 5,,ツクモ,28980,在庫わずか,購入可,https://shop.tsukumo.co.jp/goods/0409173183013/,
2026-10-09,CPU,cpu-ryzen-5-8500g,Ryzen 5 8500G,,Ryzen 5,,ドスパラ,28980,在庫あり,購入可,https://www.dospara.co.jp/SBR1883/IC500262.html,
2026-10-09,CPU,cpu-ryzen-5-8500g,Ryzen 5 8500G,,Ryzen 5,,パソコン工房,28980,当日出荷,購入可,https://www.pc-koubou.jp/products/detail.php?product_id=1049803,
2026-10-09,CPU,cpu-ryzen-5-8500g,Ryzen 5 8500G,,Ryzen 5,,アプライド,,確認できず,未確認,,対象5店舗の製品検索で一致する商品URLを特定できず。取扱なし・販売終了とは判定していない
2026-10-09,CPU,cpu-ryzen-5-8600g,Ryzen 5 8600G,,Ryzen 5,,アーク,36800,在庫あり,購入可,https://www.ark-pc.co.jp/i/10240243/,
2026-10-09,CPU,cpu-ryzen-5-8600g,Ryzen 5 8600G,,Ryzen 5,,ツクモ,36800,在庫わずか,購入可,https://shop.tsukumo.co.jp/goods/0409173179016/,
2026-10-09,CPU,cpu-ryzen-5-8600g,Ryzen 5 8600G,,Ryzen 5,,ドスパラ,36800,在庫あり,購入可,https://www.dospara.co.jp/SBR1883/IC500263.html,
2026-10-09,CPU,cpu-ryzen-5-8600g,Ryzen 5 8600G,,Ryzen 5,,パソコン工房,36800,当日出荷,購入可,https://www.pc-koubou.jp/products/detail.php?product_id=1049802,
2026-10-09,CPU,cpu-ryzen-5-8600g,Ryzen 5 8600G,,Ryzen 5,,アプライド,,確認できず,未確認,,対象5店舗の製品検索で一致する商品URLを特定できず。取扱なし・販売終了とは判定していない
2026-10-09,CPU,cpu-ryzen-5-9500f,Ryzen 5 9500F,,Ryzen 5,,アーク,,在庫なし,購入不可,https://www.ark-pc.co.jp/i/10240288/,
2026-10-09,CPU,cpu-ryzen-5-9500f,Ryzen 5 9500F,,Ryzen 5,,ツクモ,36480,在庫わずか,購入可,https://shop.tsukumo.co.jp/goods/0730143317924/,
2026-10-09,CPU,cpu-ryzen-5-9500f,Ryzen 5 9500F,,Ryzen 5,,ドスパラ,36480,在庫あり,購入可,https://www.dospara.co.jp/SBR1883/IC580319.html,
2026-10-09,CPU,cpu-ryzen-5-9500f,Ryzen 5 9500F,,Ryzen 5,,パソコン工房,,在庫なし,購入不可,https://www.pc-koubou.jp/products/detail.php?product_id=1192783,
2026-10-09,CPU,cpu-ryzen-5-9500f,Ryzen 5 9500F,,Ryzen 5,,アプライド,,確認できず,未確認,,対象5店舗の製品検索で一致する商品URLを特定できず。取扱なし・販売終了とは判定していない
2026-10-09,CPU,cpu-ryzen-5-9600,Ryzen 5 9600,,Ryzen 5,,アーク,42581,在庫あり,購入可,https://www.ark-pc.co.jp/i/10240274/,
2026-10-09,CPU,cpu-ryzen-5-9600,Ryzen 5 9600,,Ryzen 5,,ツクモ,,確認できず,未確認,https://shop.tsukumo.co.jp/goods/0409172913017/,商品ページは見つかったが、通販価格と在庫を確定できず
2026-10-09,CPU,cpu-ryzen-5-9600,Ryzen 5 9600,,Ryzen 5,,ドスパラ,,在庫なし,購入不可,https://www.dospara.co.jp/SBR1883/IC522584.html,
2026-10-09,CPU,cpu-ryzen-5-9600,Ryzen 5 9600,,Ryzen 5,,パソコン工房,,確認できず,未確認,,対象5店舗の製品検索で一致する商品URLを特定できず。取扱なし・販売終了とは判定していない
2026-10-09,CPU,cpu-ryzen-5-9600,Ryzen 5 9600,,Ryzen 5,,アプライド,,確認できず,未確認,,対象5店舗の製品検索で一致する商品URLを特定できず。取扱なし・販売終了とは判定していない
2026-10-09,CPU,cpu-ryzen-5-9600x,Ryzen 5 9600X,,Ryzen 5,,アーク,45480,在庫あり,購入可,https://www.ark-pc.co.jp/i/10240258/,
2026-10-09,CPU,cpu-ryzen-5-9600x,Ryzen 5 9600X,,Ryzen 5,,ツクモ,45480,在庫わずか,購入可,https://shop.tsukumo.co.jp/goods/0730143315609/,
2026-10-09,CPU,cpu-ryzen-5-9600x,Ryzen 5 9600X,,Ryzen 5,,ドスパラ,45480,在庫あり,購入可,https://www.dospara.co.jp/SBR1883/IC509914.html,
2026-10-09,CPU,cpu-ryzen-5-9600x,Ryzen 5 9600X,,Ryzen 5,,パソコン工房,45480,当日出荷,購入可,https://www.pc-koubou.jp/products/detail.php?product_id=1083339,
2026-10-09,CPU,cpu-ryzen-5-9600x,Ryzen 5 9600X,,Ryzen 5,,アプライド,,確認できず,未確認,,対象5店舗の製品検索で一致する商品URLを特定できず。取扱なし・販売終了とは判定していない
2026-10-09,CPU,cpu-ryzen-7-7700x,Ryzen 7 7700X,,Ryzen 7,,アーク,,確認できず,未確認,https://www.ark-pc.co.jp/i/10240217/,商品ページの読み込み制限または取得失敗。検索でも通販価格・在庫を確定できず
2026-10-09,CPU,cpu-ryzen-7-7700x,Ryzen 7 7700X,,Ryzen 7,,ツクモ,,在庫なし,購入不可,https://shop.tsukumo.co.jp/goods/0409172238011/,
2026-10-09,CPU,cpu-ryzen-7-7700x,Ryzen 7 7700X,,Ryzen 7,,ドスパラ,,在庫なし,購入不可,https://www.dospara.co.jp/SBR1882/IC482483.html,
2026-10-09,CPU,cpu-ryzen-7-7700x,Ryzen 7 7700X,,Ryzen 7,,パソコン工房,,在庫切れです,購入不可,https://www.pc-koubou.jp/products/detail.php?product_id=925793,
2026-10-09,CPU,cpu-ryzen-7-7700x,Ryzen 7 7700X,,Ryzen 7,,アプライド,,売り切れ,購入不可,https://shop.applied-net.co.jp/view/item/000000422464,
2026-10-09,CPU,cpu-ryzen-7-7700x3d,Ryzen 7 7700X3D,,Ryzen 7,,アーク,60800,在庫あり,購入可,https://www.ark-pc.co.jp/i/10240297/,
2026-10-09,CPU,cpu-ryzen-7-7700x3d,Ryzen 7 7700X3D,,Ryzen 7,,ツクモ,60800,在庫わずか／24時間以内に出荷,購入可,https://shop.tsukumo.co.jp/goods/0730143318488/,
2026-10-09,CPU,cpu-ryzen-7-7700x3d,Ryzen 7 7700X3D,,Ryzen 7,,ドスパラ,60800,在庫あり,購入可,https://www.dospara.co.jp/SBR1882/IC649829.html,
2026-10-09,CPU,cpu-ryzen-7-7700x3d,Ryzen 7 7700X3D,,Ryzen 7,,パソコン工房,,確認できず,未確認,https://www.pc-koubou.jp/products/detail.php?product_id=1250162,商品ページの読み込み制限または取得失敗。検索でも通販価格・在庫を確定できず
2026-10-09,CPU,cpu-ryzen-7-7700x3d,Ryzen 7 7700X3D,,Ryzen 7,,アプライド,,確認できず,未確認,,対象5店舗の製品検索で一致する商品URLを特定できず。取扱なし・販売終了とは判定していない
2026-10-09,CPU,cpu-ryzen-7-7800x3d,Ryzen 7 7800X3D,,Ryzen 7,,アーク,,確認できず,未確認,https://www.ark-pc.co.jp/i/10240226/,商品ページの読み込み制限または取得失敗。検索でも通販価格・在庫を確定できず
2026-10-09,CPU,cpu-ryzen-7-7800x3d,Ryzen 7 7800X3D,,Ryzen 7,,ツクモ,,在庫なし,購入不可,https://shop.tsukumo.co.jp/goods/0730143314930/,
2026-10-09,CPU,cpu-ryzen-7-7800x3d,Ryzen 7 7800X3D,,Ryzen 7,,ドスパラ,54800,在庫あり,購入可,https://www.dospara.co.jp/SBR1882/IC488570.html,
2026-10-09,CPU,cpu-ryzen-7-7800x3d,Ryzen 7 7800X3D,,Ryzen 7,,パソコン工房,54800,当日出荷,購入可,https://www.pc-koubou.jp/products/detail.php?product_id=1158747,
2026-10-09,CPU,cpu-ryzen-7-7800x3d,Ryzen 7 7800X3D,,Ryzen 7,,アプライド,,確認できず,未確認,,対象5店舗の製品検索で一致する商品URLを特定できず。取扱なし・販売終了とは判定していない
2026-10-09,CPU,cpu-ryzen-7-8700f,Ryzen 7 8700F,,Ryzen 7,,アーク,,在庫なし,購入不可,https://www.ark-pc.co.jp/i/10240251/,
2026-10-09,CPU,cpu-ryzen-7-8700f,Ryzen 7 8700F,,Ryzen 7,,ツクモ,36469,在庫わずか,購入可,https://shop.tsukumo.co.jp/goods/0730143316699/,
2026-10-09,CPU,cpu-ryzen-7-8700f,Ryzen 7 8700F,,Ryzen 7,,ドスパラ,,在庫なし,購入不可,https://www.dospara.co.jp/SBR1882/IC506924.html,
2026-10-09,CPU,cpu-ryzen-7-8700f,Ryzen 7 8700F,,Ryzen 7,,パソコン工房,,在庫なし,購入不可,https://www.pc-koubou.jp/products/detail.php?product_id=1073212,
2026-10-09,CPU,cpu-ryzen-7-8700f,Ryzen 7 8700F,,Ryzen 7,,アプライド,50780,在庫あり,購入可,https://shop.applied-net.co.jp/view/item/000000432057,
2026-10-09,CPU,cpu-ryzen-7-8700g,Ryzen 7 8700G,,Ryzen 7,,アーク,53801,在庫あり,購入可,https://www.ark-pc.co.jp/i/10240286/,
2026-10-09,CPU,cpu-ryzen-7-8700g,Ryzen 7 8700G,,Ryzen 7,,ツクモ,53801,在庫あり／24時間以内に出荷,購入可,https://shop.tsukumo.co.jp/goods/0730143317696/,
2026-10-09,CPU,cpu-ryzen-7-8700g,Ryzen 7 8700G,,Ryzen 7,,ドスパラ,,確認できず,未確認,https://www.dospara.co.jp/SBR1517/IC630911.html,商品ページの読み込み制限または取得失敗。検索でも通販価格・在庫を確定できず
2026-10-09,CPU,cpu-ryzen-7-8700g,Ryzen 7 8700G,,Ryzen 7,,パソコン工房,,確認できず,未確認,https://www.pc-koubou.jp/products/detail.php?product_id=1179696,商品ページの読み込み制限または取得失敗。検索でも通販価格・在庫を確定できず
2026-10-09,CPU,cpu-ryzen-7-8700g,Ryzen 7 8700G,,Ryzen 7,,アプライド,,確認できず,未確認,,対象5店舗の製品検索で一致する商品URLを特定できず。取扱なし・販売終了とは判定していない
2026-10-09,CPU,cpu-ryzen-7-9700x,Ryzen 7 9700X,,Ryzen 7,,アーク,,確認できず,未確認,https://www.ark-pc.co.jp/i/72003294/,商品ページの読み込み制限または取得失敗。検索でも通販価格・在庫を確定できず
2026-10-09,CPU,cpu-ryzen-7-9700x,Ryzen 7 9700X,,Ryzen 7,,ツクモ,51800,在庫あり／24時間以内に出荷,購入可,https://shop.tsukumo.co.jp/goods/0730143315593/,
2026-10-09,CPU,cpu-ryzen-7-9700x,Ryzen 7 9700X,,Ryzen 7,,ドスパラ,51800,在庫あり,購入可,https://www.dospara.co.jp/SBR1882/IC509913.html,
2026-10-09,CPU,cpu-ryzen-7-9700x,Ryzen 7 9700X,,Ryzen 7,,パソコン工房,,確認できず,未確認,https://www.pc-koubou.jp/products/detail.php?product_id=1083340,商品ページの読み込み制限または取得失敗。検索でも通販価格・在庫を確定できず
2026-10-09,CPU,cpu-ryzen-7-9700x,Ryzen 7 9700X,,Ryzen 7,,アプライド,,確認できず,未確認,,対象5店舗の製品検索で一致する商品URLを特定できず。取扱なし・販売終了とは判定していない
2026-10-09,CPU,cpu-ryzen-7-9800x3d,Ryzen 7 9800X3D,,Ryzen 7,,アーク,74800,在庫あり,購入可,https://www.ark-pc.co.jp/i/10240267/,
2026-10-09,CPU,cpu-ryzen-7-9800x3d,Ryzen 7 9800X3D,,Ryzen 7,,ツクモ,74800,在庫わずか,購入可,https://shop.tsukumo.co.jp/goods/0730143315289/,
2026-10-09,CPU,cpu-ryzen-7-9800x3d,Ryzen 7 9800X3D,,Ryzen 7,,ドスパラ,74800,在庫あり,購入可,https://www.dospara.co.jp/SBR1882/IC516296.html,
2026-10-09,CPU,cpu-ryzen-7-9800x3d,Ryzen 7 9800X3D,,Ryzen 7,,パソコン工房,,確認できず,未確認,https://www.pc-koubou.jp/products/detail.php?product_id=1112570,商品ページの読み込み制限または取得失敗。検索でも通販価格・在庫を確定できず
2026-10-09,CPU,cpu-ryzen-7-9800x3d,Ryzen 7 9800X3D,,Ryzen 7,,アプライド,,確認できず,未確認,,対象5店舗の製品検索で一致する商品URLを特定できず。取扱なし・販売終了とは判定していない
2026-10-09,CPU,cpu-ryzen-7-9850x3d,Ryzen 7 9850X3D,,Ryzen 7,,アーク,81800,在庫あり,購入可,https://www.ark-pc.co.jp/i/10240292/,
2026-10-09,CPU,cpu-ryzen-7-9850x3d,Ryzen 7 9850X3D,,Ryzen 7,,ツクモ,81800,在庫あり／24時間以内に出荷,購入可,https://shop.tsukumo.co.jp/goods/0730143318280/,
2026-10-09,CPU,cpu-ryzen-7-9850x3d,Ryzen 7 9850X3D,,Ryzen 7,,ドスパラ,81800,在庫あり,購入可,https://www.dospara.co.jp/SBR1882/IC593415.html,
2026-10-09,CPU,cpu-ryzen-7-9850x3d,Ryzen 7 9850X3D,,Ryzen 7,,パソコン工房,81800,当日出荷,購入可,https://www.pc-koubou.jp/products/detail.php?product_id=1202557,
2026-10-09,CPU,cpu-ryzen-7-9850x3d,Ryzen 7 9850X3D,,Ryzen 7,,アプライド,,確認できず,未確認,,対象5店舗の製品検索で一致する商品URLを特定できず。取扱なし・販売終了とは判定していない
2026-10-09,CPU,cpu-ryzen-9-7900,Ryzen 9 7900,,Ryzen 9,,アーク,,確認できず,未確認,,対象5店舗の製品検索で一致する商品URLを特定できず。取扱なし・販売終了とは判定していない
2026-10-09,CPU,cpu-ryzen-9-7900,Ryzen 9 7900,,Ryzen 9,,ツクモ,,在庫なし,購入不可,https://shop.tsukumo.co.jp/goods/0730143314466/,
2026-10-09,CPU,cpu-ryzen-9-7900,Ryzen 9 7900,,Ryzen 9,,ドスパラ,,在庫なし,購入不可,https://www.dospara.co.jp/SBR1881/IC484673.html,
2026-10-09,CPU,cpu-ryzen-9-7900,Ryzen 9 7900,,Ryzen 9,,パソコン工房,,確認できず,未確認,,対象5店舗の製品検索で一致する商品URLを特定できず。取扱なし・販売終了とは判定していない
2026-10-09,CPU,cpu-ryzen-9-7900,Ryzen 9 7900,,Ryzen 9,,アプライド,,確認できず,未確認,,対象5店舗の製品検索で一致する商品URLを特定できず。取扱なし・販売終了とは判定していない
2026-10-09,CPU,cpu-ryzen-9-7900x,Ryzen 9 7900X,,Ryzen 9,,アーク,,確認できず,未確認,,対象5店舗の製品検索で一致する商品URLを特定できず。取扱なし・販売終了とは判定していない
2026-10-09,CPU,cpu-ryzen-9-7900x,Ryzen 9 7900X,,Ryzen 9,,ツクモ,,在庫なし,購入不可,https://shop.tsukumo.co.jp/goods/0730143314558/,
2026-10-09,CPU,cpu-ryzen-9-7900x,Ryzen 9 7900X,,Ryzen 9,,ドスパラ,,在庫なし,購入不可,https://www.dospara.co.jp/SBR1881/IC482478.html,
2026-10-09,CPU,cpu-ryzen-9-7900x,Ryzen 9 7900X,,Ryzen 9,,パソコン工房,,確認できず,未確認,,対象5店舗の製品検索で一致する商品URLを特定できず。取扱なし・販売終了とは判定していない
2026-10-09,CPU,cpu-ryzen-9-7900x,Ryzen 9 7900X,,Ryzen 9,,アプライド,,確認できず,未確認,,対象5店舗の製品検索で一致する商品URLを特定できず。取扱なし・販売終了とは判定していない
2026-10-09,CPU,cpu-ryzen-9-7900x3d,Ryzen 9 7900X3D,,Ryzen 9,,アーク,,確認できず,未確認,,対象5店舗の製品検索で一致する商品URLを特定できず。取扱なし・販売終了とは判定していない
2026-10-09,CPU,cpu-ryzen-9-7900x3d,Ryzen 9 7900X3D,,Ryzen 9,,ツクモ,,在庫なし,購入不可,https://shop.tsukumo.co.jp/goods/0730143314916/,
2026-10-09,CPU,cpu-ryzen-9-7900x3d,Ryzen 9 7900X3D,,Ryzen 9,,ドスパラ,,在庫なし,購入不可,https://www.dospara.co.jp/SBR1881/IC487087.html,
2026-10-09,CPU,cpu-ryzen-9-7900x3d,Ryzen 9 7900X3D,,Ryzen 9,,パソコン工房,,確認できず,未確認,https://www.pc-koubou.jp/products/detail.php?product_id=1215148,商品ページの読み込み制限または取得失敗。検索でも通販価格・在庫を確定できず
2026-10-09,CPU,cpu-ryzen-9-7900x3d,Ryzen 9 7900X3D,,Ryzen 9,,アプライド,,確認できず,未確認,,対象5店舗の製品検索で一致する商品URLを特定できず。取扱なし・販売終了とは判定していない
2026-10-09,CPU,cpu-ryzen-9-7950x,Ryzen 9 7950X,,Ryzen 9,,アーク,,確認できず,未確認,,対象5店舗の製品検索で一致する商品URLを特定できず。取扱なし・販売終了とは判定していない
2026-10-09,CPU,cpu-ryzen-9-7950x,Ryzen 9 7950X,,Ryzen 9,,ツクモ,,確認できず,未確認,https://shop.tsukumo.co.jp/goods/2030010015228/,商品ページは見つかったが、通販価格と在庫を確定できず
2026-10-09,CPU,cpu-ryzen-9-7950x,Ryzen 9 7950X,,Ryzen 9,,ドスパラ,,在庫なし,購入不可,https://www.dospara.co.jp/SBR1881/IC482477.html,
2026-10-09,CPU,cpu-ryzen-9-7950x,Ryzen 9 7950X,,Ryzen 9,,パソコン工房,,確認できず,未確認,https://www.pc-koubou.jp/products/detail.php?product_id=1259349,商品ページの読み込み制限または取得失敗。検索でも通販価格・在庫を確定できず
2026-10-09,CPU,cpu-ryzen-9-7950x,Ryzen 9 7950X,,Ryzen 9,,アプライド,,確認できず,未確認,,対象5店舗の製品検索で一致する商品URLを特定できず。取扱なし・販売終了とは判定していない
2026-10-09,CPU,cpu-ryzen-9-7950x3d,Ryzen 9 7950X3D,,Ryzen 9,,アーク,,確認できず,未確認,,対象5店舗の製品検索で一致する商品URLを特定できず。取扱なし・販売終了とは判定していない
2026-10-09,CPU,cpu-ryzen-9-7950x3d,Ryzen 9 7950X3D,,Ryzen 9,,ツクモ,,確認できず,未確認,https://shop.tsukumo.co.jp/goods/2030010032195/,商品ページは見つかったが、通販価格と在庫を確定できず
2026-10-09,CPU,cpu-ryzen-9-7950x3d,Ryzen 9 7950X3D,,Ryzen 9,,ドスパラ,63900,在庫あり,購入可,https://www.dospara.co.jp/SBR1517/IC671503.html,
2026-10-09,CPU,cpu-ryzen-9-7950x3d,Ryzen 9 7950X3D,,Ryzen 9,,パソコン工房,,確認できず,未確認,,対象5店舗の製品検索で一致する商品URLを特定できず。取扱なし・販売終了とは判定していない
2026-10-09,CPU,cpu-ryzen-9-7950x3d,Ryzen 9 7950X3D,,Ryzen 9,,アプライド,,確認できず,未確認,,対象5店舗の製品検索で一致する商品URLを特定できず。取扱なし・販売終了とは判定していない
2026-10-09,CPU,cpu-ryzen-9-9900x,Ryzen 9 9900X,,Ryzen 9,,アーク,80800,在庫あり,購入可,https://www.ark-pc.co.jp/i/10240256/,
2026-10-09,CPU,cpu-ryzen-9-9900x,Ryzen 9 9900X,,Ryzen 9,,ツクモ,80800,在庫あり／24時間以内に出荷,購入可,https://shop.tsukumo.co.jp/goods/0730143315296/,
2026-10-09,CPU,cpu-ryzen-9-9900x,Ryzen 9 9900X,,Ryzen 9,,ドスパラ,80800,在庫あり,購入可,https://www.dospara.co.jp/SBR1881/IC509912.html,
2026-10-09,CPU,cpu-ryzen-9-9900x,Ryzen 9 9900X,,Ryzen 9,,パソコン工房,80800,当日出荷,購入可,https://www.pc-koubou.jp/products/detail.php?product_id=1083341,
2026-10-09,CPU,cpu-ryzen-9-9900x,Ryzen 9 9900X,,Ryzen 9,,アプライド,,確認できず,未確認,,対象5店舗の製品検索で一致する商品URLを特定できず。取扱なし・販売終了とは判定していない
2026-10-09,CPU,cpu-ryzen-9-9900x3d,Ryzen 9 9900X3D,,Ryzen 9,,アーク,115800,在庫あり,購入可,https://www.ark-pc.co.jp/i/10240273/,
2026-10-09,CPU,cpu-ryzen-9-9900x3d,Ryzen 9 9900X3D,,Ryzen 9,,ツクモ,,確認できず,未確認,https://shop.tsukumo.co.jp/goods/0409172469019/,商品ページは見つかったが、通販価格と在庫を確定できず
2026-10-09,CPU,cpu-ryzen-9-9900x3d,Ryzen 9 9900X3D,,Ryzen 9,,ドスパラ,115800,在庫あり,購入可,https://www.dospara.co.jp/SBR1881/IC522583.html?msockid=3c8ec637ba0368391da4d076bbbe69bf,
2026-10-09,CPU,cpu-ryzen-9-9900x3d,Ryzen 9 9900X3D,,Ryzen 9,,パソコン工房,115800,当日出荷 【18†Image: 当日出荷対応商品】【19†?】,購入可,https://www.pc-koubou.jp/products/detail.php?product_id=1145161,
2026-10-09,CPU,cpu-ryzen-9-9900x3d,Ryzen 9 9900X3D,,Ryzen 9,,アプライド,,確認できず,未確認,,対象5店舗の製品検索で一致する商品URLを特定できず。取扱なし・販売終了とは判定していない
2026-10-09,CPU,cpu-ryzen-9-9950x,Ryzen 9 9950X,,Ryzen 9,,アーク,114800,在庫あり,購入可,https://www.ark-pc.co.jp/i/10240255/,
2026-10-09,CPU,cpu-ryzen-9-9950x,Ryzen 9 9950X,,Ryzen 9,,ツクモ,,確認できず,未確認,https://shop.tsukumo.co.jp/goods/0409173469018/,商品ページは見つかったが、通販価格と在庫を確定できず
2026-10-09,CPU,cpu-ryzen-9-9950x,Ryzen 9 9950X,,Ryzen 9,,ドスパラ,114800,在庫あり,購入可,https://www.dospara.co.jp/SBR1881/IC509911.html,
2026-10-09,CPU,cpu-ryzen-9-9950x,Ryzen 9 9950X,,Ryzen 9,,パソコン工房,,確認できず,未確認,https://www.pc-koubou.jp/products/detail.php?product_id=1083343,商品ページの読み込み制限または取得失敗。検索でも通販価格・在庫を確定できず
2026-10-09,CPU,cpu-ryzen-9-9950x,Ryzen 9 9950X,,Ryzen 9,,アプライド,,確認できず,未確認,,対象5店舗の製品検索で一致する商品URLを特定できず。取扱なし・販売終了とは判定していない
2026-10-09,CPU,cpu-ryzen-9-9950x3d,Ryzen 9 9950X3D,,Ryzen 9,,アーク,,確認できず,未確認,,対象5店舗の製品検索で一致する商品URLを特定できず。取扱なし・販売終了とは判定していない
2026-10-09,CPU,cpu-ryzen-9-9950x3d,Ryzen 9 9950X3D,,Ryzen 9,,ツクモ,132800,在庫あり／24時間以内に出荷,購入可,https://shop.tsukumo.co.jp/goods/0730143315555/,
2026-10-09,CPU,cpu-ryzen-9-9950x3d,Ryzen 9 9950X3D,,Ryzen 9,,ドスパラ,132800,在庫あり,購入可,https://www.dospara.co.jp/SBR1881/IC522582.html,
2026-10-09,CPU,cpu-ryzen-9-9950x3d,Ryzen 9 9950X3D,,Ryzen 9,,パソコン工房,132800,当日出荷,購入可,https://www.pc-koubou.jp/products/detail.php?product_id=1145159,
2026-10-09,CPU,cpu-ryzen-9-9950x3d,Ryzen 9 9950X3D,,Ryzen 9,,アプライド,,確認できず,未確認,,対象5店舗の製品検索で一致する商品URLを特定できず。取扱なし・販売終了とは判定していない
2026-10-09,CPU,cpu-ryzen-9-9950x3d2-dual-edition,Ryzen 9 9950X3D2 Dual Edition,,Ryzen 9,,アーク,176800,在庫あり,購入可,https://www.ark-pc.co.jp/i/10240294/,
2026-10-09,CPU,cpu-ryzen-9-9950x3d2-dual-edition,Ryzen 9 9950X3D2 Dual Edition,,Ryzen 9,,ツクモ,176800,在庫あり／24時間以内に出荷,購入可,https://shop.tsukumo.co.jp/goods/0730143318327,
2026-10-09,CPU,cpu-ryzen-9-9950x3d2-dual-edition,Ryzen 9 9950X3D2 Dual Edition,,Ryzen 9,,ドスパラ,,確認できず,未確認,,対象5店舗の製品検索で一致する商品URLを特定できず。取扱なし・販売終了とは判定していない
2026-10-09,CPU,cpu-ryzen-9-9950x3d2-dual-edition,Ryzen 9 9950X3D2 Dual Edition,,Ryzen 9,,パソコン工房,,在庫切れです,購入不可,https://www.pc-koubou.jp/products/detail.php?product_id=1222461,
2026-10-09,CPU,cpu-ryzen-9-9950x3d2-dual-edition,Ryzen 9 9950X3D2 Dual Edition,,Ryzen 9,,アプライド,,確認できず,未確認,,対象5店舗の製品検索で一致する商品URLを特定できず。取扱なし・販売終了とは判定していない
2026-10-09,GPU,gpu-msi-suprim-soc-rtx-5090,MSI SUPRIM SOC RTX 5090,,RTX 5090,,アーク,,確認できず,未確認,,対象5店舗の製品検索で一致する商品URLを特定できず。取扱なし・販売終了とは判定していない
2026-10-09,GPU,gpu-msi-suprim-soc-rtx-5090,MSI SUPRIM SOC RTX 5090,,RTX 5090,,ツクモ,,在庫なし,購入不可,https://shop.tsukumo.co.jp/goods/4711377302487,
2026-10-09,GPU,gpu-msi-suprim-soc-rtx-5090,MSI SUPRIM SOC RTX 5090,,RTX 5090,,ドスパラ,,在庫なし,購入不可,https://www.dospara.co.jp/SBR1892/IC520165.html,32GBモデル
2026-10-09,GPU,gpu-msi-suprim-soc-rtx-5090,MSI SUPRIM SOC RTX 5090,,RTX 5090,,パソコン工房,,確認できず,未確認,,対象5店舗の製品検索で一致する商品URLを特定できず。取扱なし・販売終了とは判定していない
2026-10-09,GPU,gpu-msi-suprim-soc-rtx-5090,MSI SUPRIM SOC RTX 5090,,RTX 5090,,アプライド,,確認できず,未確認,,対象5店舗の製品検索で一致する商品URLを特定できず。取扱なし・販売終了とは判定していない
2026-10-09,GPU,gpu-palit-gamerock-oc-rtx-5090,Palit GameRock OC RTX 5090,,RTX 5090,,アーク,,確認できず,未確認,,対象5店舗の製品検索で一致する商品URLを特定できず。取扱なし・販売終了とは判定していない
2026-10-09,GPU,gpu-palit-gamerock-oc-rtx-5090,Palit GameRock OC RTX 5090,,RTX 5090,,ツクモ,,確認できず,未確認,,対象5店舗の製品検索で一致する商品URLを特定できず。取扱なし・販売終了とは判定していない
2026-10-09,GPU,gpu-palit-gamerock-oc-rtx-5090,Palit GameRock OC RTX 5090,,RTX 5090,,ドスパラ,,在庫なし,購入不可,https://www.dospara.co.jp/SBR1892/IC594816.html,32GBモデル
2026-10-09,GPU,gpu-palit-gamerock-oc-rtx-5090,Palit GameRock OC RTX 5090,,RTX 5090,,パソコン工房,,確認できず,未確認,,対象5店舗の製品検索で一致する商品URLを特定できず。取扱なし・販売終了とは判定していない
2026-10-09,GPU,gpu-palit-gamerock-oc-rtx-5090,Palit GameRock OC RTX 5090,,RTX 5090,,アプライド,,確認できず,未確認,,対象5店舗の製品検索で一致する商品URLを特定できず。取扱なし・販売終了とは判定していない
2026-10-09,GPU,gpu-asus-tuf-gaming-oc-rtx-5080,ASUS TUF Gaming OC RTX 5080,,RTX 5080,,アーク,366800,在庫あり,購入可,https://www.ark-pc.co.jp/i/20107424/,16GBモデル
2026-10-09,GPU,gpu-asus-tuf-gaming-oc-rtx-5080,ASUS TUF Gaming OC RTX 5080,,RTX 5080,,ツクモ,,確認できず,未確認,,対象5店舗の製品検索で一致する商品URLを特定できず。取扱なし・販売終了とは判定していない
2026-10-09,GPU,gpu-asus-tuf-gaming-oc-rtx-5080,ASUS TUF Gaming OC RTX 5080,,RTX 5080,,ドスパラ,,確認できず,未確認,,対象5店舗の製品検索で一致する商品URLを特定できず。取扱なし・販売終了とは判定していない
2026-10-09,GPU,gpu-asus-tuf-gaming-oc-rtx-5080,ASUS TUF Gaming OC RTX 5080,,RTX 5080,,パソコン工房,,確認できず,未確認,,対象5店舗の製品検索で一致する商品URLを特定できず。取扱なし・販売終了とは判定していない
2026-10-09,GPU,gpu-asus-tuf-gaming-oc-rtx-5080,ASUS TUF Gaming OC RTX 5080,,RTX 5080,,アプライド,,確認できず,未確認,,対象5店舗の製品検索で一致する商品URLを特定できず。取扱なし・販売終了とは判定していない
2026-10-09,GPU,gpu-msi-suprim-soc-rtx-5080,MSI SUPRIM SOC RTX 5080,,RTX 5080,,アーク,,確認できず,未確認,,対象5店舗の製品検索で一致する商品URLを特定できず。取扱なし・販売終了とは判定していない
2026-10-09,GPU,gpu-msi-suprim-soc-rtx-5080,MSI SUPRIM SOC RTX 5080,,RTX 5080,,ツクモ,,在庫なし,購入不可,https://shop.tsukumo.co.jp/goods/4711377292238/,
2026-10-09,GPU,gpu-msi-suprim-soc-rtx-5080,MSI SUPRIM SOC RTX 5080,,RTX 5080,,ドスパラ,,在庫なし,購入不可,https://www.dospara.co.jp/SBR1892/IC520170.html,16GBモデル
2026-10-09,GPU,gpu-msi-suprim-soc-rtx-5080,MSI SUPRIM SOC RTX 5080,,RTX 5080,,パソコン工房,,確認できず,未確認,,対象5店舗の製品検索で一致する商品URLを特定できず。取扱なし・販売終了とは判定していない
2026-10-09,GPU,gpu-msi-suprim-soc-rtx-5080,MSI SUPRIM SOC RTX 5080,,RTX 5080,,アプライド,,確認できず,未確認,,対象5店舗の製品検索で一致する商品URLを特定できず。取扱なし・販売終了とは判定していない
2026-10-09,GPU,gpu-palit-gamingpro-oc-rtx-5080,Palit GamingPro OC RTX 5080,,RTX 5080,,アーク,,確認できず,未確認,,対象5店舗の製品検索で一致する商品URLを特定できず。取扱なし・販売終了とは判定していない
2026-10-09,GPU,gpu-palit-gamingpro-oc-rtx-5080,Palit GamingPro OC RTX 5080,,RTX 5080,,ツクモ,,確認できず,未確認,,対象5店舗の製品検索で一致する商品URLを特定できず。取扱なし・販売終了とは判定していない
2026-10-09,GPU,gpu-palit-gamingpro-oc-rtx-5080,Palit GamingPro OC RTX 5080,,RTX 5080,,ドスパラ,269800,在庫あり,購入可,https://www.dospara.co.jp/SBR1892/IC594817.html,16GBモデル
2026-10-09,GPU,gpu-palit-gamingpro-oc-rtx-5080,Palit GamingPro OC RTX 5080,,RTX 5080,,パソコン工房,,確認できず,未確認,,対象5店舗の製品検索で一致する商品URLを特定できず。取扱なし・販売終了とは判定していない
2026-10-09,GPU,gpu-palit-gamingpro-oc-rtx-5080,Palit GamingPro OC RTX 5080,,RTX 5080,,アプライド,,確認できず,未確認,,対象5店舗の製品検索で一致する商品URLを特定できず。取扱なし・販売終了とは判定していない
2026-10-09,GPU,gpu-palit-gamerock-oc-rtx-5070-ti,Palit GameRock OC RTX 5070 Ti,,RTX 5070 Ti,,アーク,,確認できず,未確認,,対象5店舗の製品検索で一致する商品URLを特定できず。取扱なし・販売終了とは判定していない
2026-10-09,GPU,gpu-palit-gamerock-oc-rtx-5070-ti,Palit GameRock OC RTX 5070 Ti,,RTX 5070 Ti,,ツクモ,,確認できず,未確認,,対象5店舗の製品検索で一致する商品URLを特定できず。取扱なし・販売終了とは判定していない
2026-10-09,GPU,gpu-palit-gamerock-oc-rtx-5070-ti,Palit GameRock OC RTX 5070 Ti,,RTX 5070 Ti,,ドスパラ,,在庫なし,購入不可,https://www.dospara.co.jp/SBR1892/IC519934.html,16GBモデル
2026-10-09,GPU,gpu-palit-gamerock-oc-rtx-5070-ti,Palit GameRock OC RTX 5070 Ti,,RTX 5070 Ti,,パソコン工房,,確認できず,未確認,,対象5店舗の製品検索で一致する商品URLを特定できず。取扱なし・販売終了とは判定していない
2026-10-09,GPU,gpu-palit-gamerock-oc-rtx-5070-ti,Palit GameRock OC RTX 5070 Ti,,RTX 5070 Ti,,アプライド,,確認できず,未確認,,対象5店舗の製品検索で一致する商品URLを特定できず。取扱なし・販売終了とは判定していない
2026-10-09,GPU,gpu-palit-gamingpro-oc-rtx-5070-ti,Palit GamingPro OC RTX 5070 Ti,,RTX 5070 Ti,,アーク,,確認できず,未確認,,対象5店舗の製品検索で一致する商品URLを特定できず。取扱なし・販売終了とは判定していない
2026-10-09,GPU,gpu-palit-gamingpro-oc-rtx-5070-ti,Palit GamingPro OC RTX 5070 Ti,,RTX 5070 Ti,,ツクモ,,確認できず,未確認,,対象5店舗の製品検索で一致する商品URLを特定できず。取扱なし・販売終了とは判定していない
2026-10-09,GPU,gpu-palit-gamingpro-oc-rtx-5070-ti,Palit GamingPro OC RTX 5070 Ti,,RTX 5070 Ti,,ドスパラ,,在庫なし,購入不可,https://www.dospara.co.jp/SBR1892/IC594905.html,16GBモデル
2026-10-09,GPU,gpu-palit-gamingpro-oc-rtx-5070-ti,Palit GamingPro OC RTX 5070 Ti,,RTX 5070 Ti,,パソコン工房,,確認できず,未確認,,対象5店舗の製品検索で一致する商品URLを特定できず。取扱なし・販売終了とは判定していない
2026-10-09,GPU,gpu-palit-gamingpro-oc-rtx-5070-ti,Palit GamingPro OC RTX 5070 Ti,,RTX 5070 Ti,,アプライド,,確認できず,未確認,,対象5店舗の製品検索で一致する商品URLを特定できず。取扱なし・販売終了とは判定していない
2026-10-09,GPU,gpu-powercolor-red-devil-rx-9070-xt,PowerColor Red Devil RX 9070 XT,,RX 9070 XT,,アーク,,在庫なし,購入不可,https://www.ark-pc.co.jp/i/20107513/,16GBモデル
2026-10-09,GPU,gpu-powercolor-red-devil-rx-9070-xt,PowerColor Red Devil RX 9070 XT,,RX 9070 XT,,ツクモ,190000,在庫わずか／24時間以内に出荷,購入可,https://shop.tsukumo.co.jp/goods/4713436175735/,16GBモデル
2026-10-09,GPU,gpu-powercolor-red-devil-rx-9070-xt,PowerColor Red Devil RX 9070 XT,,RX 9070 XT,,ドスパラ,,確認できず,未確認,,対象5店舗の製品検索で一致する商品URLを特定できず。取扱なし・販売終了とは判定していない
2026-10-09,GPU,gpu-powercolor-red-devil-rx-9070-xt,PowerColor Red Devil RX 9070 XT,,RX 9070 XT,,パソコン工房,159826,当日出荷,購入可,https://www.pc-koubou.jp/products/detail.php?pre=radeon_rx9070xt&product_id=1137071,16GBモデル
2026-10-09,GPU,gpu-powercolor-red-devil-rx-9070-xt,PowerColor Red Devil RX 9070 XT,,RX 9070 XT,,アプライド,,確認できず,未確認,,対象5店舗の製品検索で一致する商品URLを特定できず。取扱なし・販売終了とは判定していない
2026-10-09,GPU,gpu-gigabyte-aorus-elite-rx-9070-xt,GIGABYTE AORUS Elite RX 9070 XT,,RX 9070 XT,,アーク,,在庫なし,購入不可,https://www.ark-pc.co.jp/i/20107517/,16GBモデル
2026-10-09,GPU,gpu-gigabyte-aorus-elite-rx-9070-xt,GIGABYTE AORUS Elite RX 9070 XT,,RX 9070 XT,,ツクモ,,確認できず,未確認,,対象5店舗の製品検索で一致する商品URLを特定できず。取扱なし・販売終了とは判定していない
2026-10-09,GPU,gpu-gigabyte-aorus-elite-rx-9070-xt,GIGABYTE AORUS Elite RX 9070 XT,,RX 9070 XT,,ドスパラ,,確認できず,未確認,,対象5店舗の製品検索で一致する商品URLを特定できず。取扱なし・販売終了とは判定していない
2026-10-09,GPU,gpu-gigabyte-aorus-elite-rx-9070-xt,GIGABYTE AORUS Elite RX 9070 XT,,RX 9070 XT,,パソコン工房,,確認できず,未確認,,対象5店舗の製品検索で一致する商品URLを特定できず。取扱なし・販売終了とは判定していない
2026-10-09,GPU,gpu-gigabyte-aorus-elite-rx-9070-xt,GIGABYTE AORUS Elite RX 9070 XT,,RX 9070 XT,,アプライド,,確認できず,未確認,,対象5店舗の製品検索で一致する商品URLを特定できず。取扱なし・販売終了とは判定していない
2026-10-09,GPU,gpu-sapphire-pulse-rx-9070,Sapphire PULSE RX 9070,,RX 9070,,アーク,,在庫なし,購入不可,https://www.ark-pc.co.jp/i/20107527/,16GBモデル
2026-10-09,GPU,gpu-sapphire-pulse-rx-9070,Sapphire PULSE RX 9070,,RX 9070,,ツクモ,,在庫なし,購入不可,https://shop.tsukumo.co.jp/goods/4895106295971/,16GBモデル
2026-10-09,GPU,gpu-sapphire-pulse-rx-9070,Sapphire PULSE RX 9070,,RX 9070,,ドスパラ,,在庫なし,購入不可,https://www.dospara.co.jp/SBR1891/IC522650.html,16GBモデル
2026-10-09,GPU,gpu-sapphire-pulse-rx-9070,Sapphire PULSE RX 9070,,RX 9070,,パソコン工房,143999,当日出荷 【19†Image: 当日出荷対応商品】【20†?】,購入可,https://www.pc-koubou.jp/products/detail.php?product_id=1133338,
2026-10-09,GPU,gpu-sapphire-pulse-rx-9070,Sapphire PULSE RX 9070,,RX 9070,,アプライド,,確認できず,未確認,,対象5店舗の製品検索で一致する商品URLを特定できず。取扱なし・販売終了とは判定していない
2026-10-09,GPU,gpu-sapphire-pulse-rx-9060-xt,Sapphire PULSE RX 9060 XT,,RX 9060 XT,,アーク,,在庫なし,購入不可,https://www.ark-pc.co.jp/i/20107665/,16GBモデル
2026-10-09,GPU,gpu-sapphire-pulse-rx-9060-xt,Sapphire PULSE RX 9060 XT,,RX 9060 XT,,ツクモ,109800,在庫わずか,購入可,https://shop.tsukumo.co.jp/goods/4537694369879/,16GBモデル
2026-10-09,GPU,gpu-sapphire-pulse-rx-9060-xt,Sapphire PULSE RX 9060 XT,,RX 9060 XT,,ドスパラ,,在庫なし,購入不可,https://www.dospara.co.jp/SBR1891/IC528546.html,16GBモデル
2026-10-09,GPU,gpu-sapphire-pulse-rx-9060-xt,Sapphire PULSE RX 9060 XT,,RX 9060 XT,,パソコン工房,,確認できず,未確認,,対象5店舗の製品検索で一致する商品URLを特定できず。取扱なし・販売終了とは判定していない
2026-10-09,GPU,gpu-sapphire-pulse-rx-9060-xt,Sapphire PULSE RX 9060 XT,,RX 9060 XT,,アプライド,,確認できず,未確認,,対象5店舗の製品検索で一致する商品URLを特定できず。取扱なし・販売終了とは判定していない
2026-10-09,GPU,gpu-sapphire-pure-rx-9060-xt,Sapphire PURE RX 9060 XT,,RX 9060 XT,,アーク,,在庫なし,購入不可,https://www.ark-pc.co.jp/i/20107664/,16GBモデル
2026-10-09,GPU,gpu-sapphire-pure-rx-9060-xt,Sapphire PURE RX 9060 XT,,RX 9060 XT,,ツクモ,,在庫なし,購入不可,https://shop.tsukumo.co.jp/goods/4537694369909,16GBモデル
2026-10-09,GPU,gpu-sapphire-pure-rx-9060-xt,Sapphire PURE RX 9060 XT,,RX 9060 XT,,ドスパラ,,在庫なし,購入不可,https://www.dospara.co.jp/SBR1891/IC528545.html,16GBモデル
2026-10-09,GPU,gpu-sapphire-pure-rx-9060-xt,Sapphire PURE RX 9060 XT,,RX 9060 XT,,パソコン工房,,確認できず,未確認,,対象5店舗の製品検索で一致する商品URLを特定できず。取扱なし・販売終了とは判定していない
2026-10-09,GPU,gpu-sapphire-pure-rx-9060-xt,Sapphire PURE RX 9060 XT,,RX 9060 XT,,アプライド,,確認できず,未確認,,対象5店舗の製品検索で一致する商品URLを特定できず。取扱なし・販売終了とは判定していない
2026-10-09,GPU,gpu-asus-dual-rx-9060-xt,ASUS DUAL RX 9060 XT,,RX 9060 XT,,アーク,,確認できず,未確認,,対象5店舗の製品検索で一致する商品URLを特定できず。取扱なし・販売終了とは判定していない
2026-10-09,GPU,gpu-asus-dual-rx-9060-xt,ASUS DUAL RX 9060 XT,,RX 9060 XT,,ツクモ,,確認できず,未確認,,対象5店舗の製品検索で一致する商品URLを特定できず。取扱なし・販売終了とは判定していない
2026-10-09,GPU,gpu-asus-dual-rx-9060-xt,ASUS DUAL RX 9060 XT,,RX 9060 XT,,ドスパラ,96800,在庫あり,購入可,https://www.dospara.co.jp/SBR1891/IC558789.html,16GBモデル
2026-10-09,GPU,gpu-asus-dual-rx-9060-xt,ASUS DUAL RX 9060 XT,,RX 9060 XT,,パソコン工房,,確認できず,未確認,,対象5店舗の製品検索で一致する商品URLを特定できず。取扱なし・販売終了とは判定していない
2026-10-09,GPU,gpu-asus-dual-rx-9060-xt,ASUS DUAL RX 9060 XT,,RX 9060 XT,,アプライド,,確認できず,未確認,,対象5店舗の製品検索で一致する商品URLを特定できず。取扱なし・販売終了とは判定していない
2026-10-09,GPU,gpu-powercolor-reaper-rx-9060-xt,PowerColor Reaper RX 9060 XT,,RX 9060 XT,,アーク,,在庫なし,購入不可,https://www.ark-pc.co.jp/i/20107676/,16GBモデル
2026-10-09,GPU,gpu-powercolor-reaper-rx-9060-xt,PowerColor Reaper RX 9060 XT,,RX 9060 XT,,ツクモ,,確認できず,未確認,,対象5店舗の製品検索で一致する商品URLを特定できず。取扱なし・販売終了とは判定していない
2026-10-09,GPU,gpu-powercolor-reaper-rx-9060-xt,PowerColor Reaper RX 9060 XT,,RX 9060 XT,,ドスパラ,,確認できず,未確認,,対象5店舗の製品検索で一致する商品URLを特定できず。取扱なし・販売終了とは判定していない
2026-10-09,GPU,gpu-powercolor-reaper-rx-9060-xt,PowerColor Reaper RX 9060 XT,,RX 9060 XT,,パソコン工房,92801,当日出荷 【21†Image: 当日出荷対応商品】【22†?】,購入可,https://www.pc-koubou.jp/products/detail.php?product_id=1153438,16GBモデル
2026-10-09,GPU,gpu-powercolor-reaper-rx-9060-xt,PowerColor Reaper RX 9060 XT,,RX 9060 XT,,アプライド,,確認できず,未確認,,対象5店舗の製品検索で一致する商品URLを特定できず。取扱なし・販売終了とは判定していない
2026-10-09,GPU,gpu-powercolor-hellhound-rx-9060-xt,PowerColor Hellhound RX 9060 XT,,RX 9060 XT,,アーク,,確認できず,未確認,,対象5店舗の製品検索で一致する商品URLを特定できず。取扱なし・販売終了とは判定していない
2026-10-09,GPU,gpu-powercolor-hellhound-rx-9060-xt,PowerColor Hellhound RX 9060 XT,,RX 9060 XT,,ツクモ,,確認できず,未確認,,対象5店舗の製品検索で一致する商品URLを特定できず。取扱なし・販売終了とは判定していない
2026-10-09,GPU,gpu-powercolor-hellhound-rx-9060-xt,PowerColor Hellhound RX 9060 XT,,RX 9060 XT,,ドスパラ,,確認できず,未確認,,対象5店舗の製品検索で一致する商品URLを特定できず。取扱なし・販売終了とは判定していない
2026-10-09,GPU,gpu-powercolor-hellhound-rx-9060-xt,PowerColor Hellhound RX 9060 XT,,RX 9060 XT,,パソコン工房,129000,当日出荷 【25†Image: 当日出荷対応商品】【26†?】,購入可,https://www.pc-koubou.jp/products/detail.php?product_id=1153437,16GBモデル
2026-10-09,GPU,gpu-powercolor-hellhound-rx-9060-xt,PowerColor Hellhound RX 9060 XT,,RX 9060 XT,,アプライド,,確認できず,未確認,,対象5店舗の製品検索で一致する商品URLを特定できず。取扱なし・販売終了とは判定していない
2026-10-09,GPU,gpu-rd-rx9060xt-e16gb-df-rx-9060-xt,玄人志向 RD-RX9060XT-E16GB/DF RX 9060 XT,,RX 9060 XT,,アーク,,確認できず,未確認,,対象5店舗の製品検索で一致する商品URLを特定できず。取扱なし・販売終了とは判定していない
2026-10-09,GPU,gpu-rd-rx9060xt-e16gb-df-rx-9060-xt,玄人志向 RD-RX9060XT-E16GB/DF RX 9060 XT,,RX 9060 XT,,ツクモ,,確認できず,未確認,,対象5店舗の製品検索で一致する商品URLを特定できず。取扱なし・販売終了とは判定していない
2026-10-09,GPU,gpu-rd-rx9060xt-e16gb-df-rx-9060-xt,玄人志向 RD-RX9060XT-E16GB/DF RX 9060 XT,,RX 9060 XT,,ドスパラ,,在庫なし,購入不可,https://www.dospara.co.jp/SBR1891/IC528535.html,16GBモデル
2026-10-09,GPU,gpu-rd-rx9060xt-e16gb-df-rx-9060-xt,玄人志向 RD-RX9060XT-E16GB/DF RX 9060 XT,,RX 9060 XT,,パソコン工房,,確認できず,未確認,,対象5店舗の製品検索で一致する商品URLを特定できず。取扱なし・販売終了とは判定していない
2026-10-09,GPU,gpu-rd-rx9060xt-e16gb-df-rx-9060-xt,玄人志向 RD-RX9060XT-E16GB/DF RX 9060 XT,,RX 9060 XT,,アプライド,,確認できず,未確認,,対象5店舗の製品検索で一致する商品URLを特定できず。取扱なし・販売終了とは判定していない
2026-10-09,SSD,ssd-ct1000t500ssd8jp,Crucial T500 1TB,CT1000T500SSD8JP,Gen4,1TB,アーク,54780,在庫あり,購入可,https://www.ark-pc.co.jp/i/13512601/,
2026-10-09,SSD,ssd-ct1000t500ssd8jp,Crucial T500 1TB,CT1000T500SSD8JP,Gen4,1TB,ツクモ,,在庫なし,購入不可,https://shop.tsukumo.co.jp/goods/0649528939944/,
2026-10-09,SSD,ssd-ct1000t500ssd8jp,Crucial T500 1TB,CT1000T500SSD8JP,Gen4,1TB,ドスパラ,,在庫なし,購入不可,https://www.dospara.co.jp/SBR1144/IC497397.html,
2026-10-09,SSD,ssd-ct1000t500ssd8jp,Crucial T500 1TB,CT1000T500SSD8JP,Gen4,1TB,パソコン工房,,確認できず,未確認,,対象5店舗の製品検索で一致する商品URLを特定できず。取扱なし・販売終了とは判定していない
2026-10-09,SSD,ssd-ct1000t500ssd8jp,Crucial T500 1TB,CT1000T500SSD8JP,Gen4,1TB,アプライド,,確認できず,未確認,,対象5店舗の製品検索で一致する商品URLを特定できず。取扱なし・販売終了とは判定していない
2026-10-09,SSD,ssd-ct1000t705ssd3-jp,Crucial T705 1TB,CT1000T705SSD3-JP,Gen5,1TB,アーク,,確認できず,未確認,https://www.ark-pc.co.jp/i/13512720/,商品ページは見つかったが、通販価格と在庫を確定できず
2026-10-09,SSD,ssd-ct1000t705ssd3-jp,Crucial T705 1TB,CT1000T705SSD3-JP,Gen5,1TB,ツクモ,,在庫なし,購入不可,https://shop.tsukumo.co.jp/goods/0649528940810/,
2026-10-09,SSD,ssd-ct1000t705ssd3-jp,Crucial T705 1TB,CT1000T705SSD3-JP,Gen5,1TB,ドスパラ,,在庫なし,購入不可,https://www.dospara.co.jp/SBR1144/IC504199.html,
2026-10-09,SSD,ssd-ct1000t705ssd3-jp,Crucial T705 1TB,CT1000T705SSD3-JP,Gen5,1TB,パソコン工房,,確認できず,未確認,,対象5店舗の製品検索で一致する商品URLを特定できず。取扱なし・販売終了とは判定していない
2026-10-09,SSD,ssd-ct1000t705ssd3-jp,Crucial T705 1TB,CT1000T705SSD3-JP,Gen5,1TB,アプライド,,確認できず,未確認,,対象5店舗の製品検索で一致する商品URLを特定できず。取扱なし・販売終了とは判定していない
2026-10-09,SSD,ssd-ct1000t710ssd8-jp,Crucial T710 1TB,CT1000T710SSD8-JP,Gen5,1TB,アーク,,確認できず,未確認,https://www.ark-pc.co.jp/i/13512878/,商品ページは見つかったが、通販価格と在庫を確定できず
2026-10-09,SSD,ssd-ct1000t710ssd8-jp,Crucial T710 1TB,CT1000T710SSD8-JP,Gen5,1TB,ツクモ,,在庫なし,購入不可,https://shop.tsukumo.co.jp/goods/0649528947048/,
2026-10-09,SSD,ssd-ct1000t710ssd8-jp,Crucial T710 1TB,CT1000T710SSD8-JP,Gen5,1TB,ドスパラ,,在庫なし,購入不可,https://www.dospara.co.jp/SBR1144/IC529730.html,
2026-10-09,SSD,ssd-ct1000t710ssd8-jp,Crucial T710 1TB,CT1000T710SSD8-JP,Gen5,1TB,パソコン工房,,確認できず,未確認,,対象5店舗の製品検索で一致する商品URLを特定できず。取扱なし・販売終了とは判定していない
2026-10-09,SSD,ssd-ct1000t710ssd8-jp,Crucial T710 1TB,CT1000T710SSD8-JP,Gen5,1TB,アプライド,,確認できず,未確認,,対象5店舗の製品検索で一致する商品URLを特定できず。取扱なし・販売終了とは判定していない
2026-10-09,SSD,ssd-ct2000t500ssd8jp,Crucial T500 2TB,CT2000T500SSD8JP,Gen4,2TB,アーク,99800,在庫あり,購入可,https://www.ark-pc.co.jp/i/13512602/,
2026-10-09,SSD,ssd-ct2000t500ssd8jp,Crucial T500 2TB,CT2000T500SSD8JP,Gen4,2TB,ツクモ,,在庫なし,購入不可,https://shop.tsukumo.co.jp/goods/0649528939951/,
2026-10-09,SSD,ssd-ct2000t500ssd8jp,Crucial T500 2TB,CT2000T500SSD8JP,Gen4,2TB,ドスパラ,,在庫なし,購入不可,https://www.dospara.co.jp/SBR1144/IC497398.html,
2026-10-09,SSD,ssd-ct2000t500ssd8jp,Crucial T500 2TB,CT2000T500SSD8JP,Gen4,2TB,パソコン工房,,確認できず,未確認,,対象5店舗の製品検索で一致する商品URLを特定できず。取扱なし・販売終了とは判定していない
2026-10-09,SSD,ssd-ct2000t500ssd8jp,Crucial T500 2TB,CT2000T500SSD8JP,Gen4,2TB,アプライド,,確認できず,未確認,,対象5店舗の製品検索で一致する商品URLを特定できず。取扱なし・販売終了とは判定していない
2026-10-09,SSD,ssd-ct2000t705ssd3-jp,Crucial T705 2TB,CT2000T705SSD3-JP,Gen5,2TB,アーク,,確認できず,未確認,https://www.ark-pc.co.jp/i/13512721/,商品ページは見つかったが、通販価格と在庫を確定できず
2026-10-09,SSD,ssd-ct2000t705ssd3-jp,Crucial T705 2TB,CT2000T705SSD3-JP,Gen5,2TB,ツクモ,,在庫なし,購入不可,https://shop.tsukumo.co.jp/goods/0649528940957/,
2026-10-09,SSD,ssd-ct2000t705ssd3-jp,Crucial T705 2TB,CT2000T705SSD3-JP,Gen5,2TB,ドスパラ,,在庫なし,購入不可,https://www.dospara.co.jp/SBR1144/IC504200.html,
2026-10-09,SSD,ssd-ct2000t705ssd3-jp,Crucial T705 2TB,CT2000T705SSD3-JP,Gen5,2TB,パソコン工房,,確認できず,未確認,,対象5店舗の製品検索で一致する商品URLを特定できず。取扱なし・販売終了とは判定していない
2026-10-09,SSD,ssd-ct2000t705ssd3-jp,Crucial T705 2TB,CT2000T705SSD3-JP,Gen5,2TB,アプライド,,確認できず,未確認,,対象5店舗の製品検索で一致する商品URLを特定できず。取扱なし・販売終了とは判定していない
2026-10-09,SSD,ssd-ct2000t710ssd8-jp,Crucial T710 2TB,CT2000T710SSD8-JP,Gen5,2TB,アーク,99800,在庫あり,購入可,https://www.ark-pc.co.jp/i/13512879/,
2026-10-09,SSD,ssd-ct2000t710ssd8-jp,Crucial T710 2TB,CT2000T710SSD8-JP,Gen5,2TB,ツクモ,,在庫なし,購入不可,https://shop.tsukumo.co.jp/goods/0649528947079/,
2026-10-09,SSD,ssd-ct2000t710ssd8-jp,Crucial T710 2TB,CT2000T710SSD8-JP,Gen5,2TB,ドスパラ,,在庫なし,購入不可,https://www.dospara.co.jp/SBR1144/IC529731.html,
2026-10-09,SSD,ssd-ct2000t710ssd8-jp,Crucial T710 2TB,CT2000T710SSD8-JP,Gen5,2TB,パソコン工房,,確認できず,未確認,,対象5店舗の製品検索で一致する商品URLを特定できず。取扱なし・販売終了とは判定していない
2026-10-09,SSD,ssd-ct2000t710ssd8-jp,Crucial T710 2TB,CT2000T710SSD8-JP,Gen5,2TB,アプライド,,確認できず,未確認,,対象5店舗の製品検索で一致する商品URLを特定できず。取扱なし・販売終了とは判定していない
2026-10-09,SSD,ssd-mz-v9p1t0b-it,Samsung 990 PRO 1TB,MZ-V9P1T0B-IT,Gen4,1TB,アーク,34980,在庫あり,購入可,https://www.ark-pc.co.jp/i/13512528/,
2026-10-09,SSD,ssd-mz-v9p1t0b-it,Samsung 990 PRO 1TB,MZ-V9P1T0B-IT,Gen4,1TB,ツクモ,34980,在庫あり／24時間以内に出荷,購入可,https://shop.tsukumo.co.jp/goods/4560441097961/,
2026-10-09,SSD,ssd-mz-v9p1t0b-it,Samsung 990 PRO 1TB,MZ-V9P1T0B-IT,Gen4,1TB,ドスパラ,34980,在庫あり,購入可,https://www.dospara.co.jp/SBR1144/IC484404.html,
2026-10-09,SSD,ssd-mz-v9p1t0b-it,Samsung 990 PRO 1TB,MZ-V9P1T0B-IT,Gen4,1TB,パソコン工房,34980,当日出荷,購入可,https://www.pc-koubou.jp/products/detail.php?product_id=951371,
2026-10-09,SSD,ssd-mz-v9p1t0b-it,Samsung 990 PRO 1TB,MZ-V9P1T0B-IT,Gen4,1TB,アプライド,34980,在庫あり,購入可,https://shop.applied-net.co.jp/view/item/000000422862,
2026-10-09,SSD,ssd-mz-v9p2t0b-it,Samsung 990 PRO 2TB,MZ-V9P2T0B-IT,Gen4,2TB,アーク,89980,在庫あり,購入可,https://www.ark-pc.co.jp/i/13512529/,
2026-10-09,SSD,ssd-mz-v9p2t0b-it,Samsung 990 PRO 2TB,MZ-V9P2T0B-IT,Gen4,2TB,ツクモ,89980,在庫あり／24時間以内に出荷,購入可,https://shop.tsukumo.co.jp/goods/4560441097978/,
2026-10-09,SSD,ssd-mz-v9p2t0b-it,Samsung 990 PRO 2TB,MZ-V9P2T0B-IT,Gen4,2TB,ドスパラ,89980,在庫あり,購入可,https://www.dospara.co.jp/SBR1144/IC484405.html,
2026-10-09,SSD,ssd-mz-v9p2t0b-it,Samsung 990 PRO 2TB,MZ-V9P2T0B-IT,Gen4,2TB,パソコン工房,89980,当日出荷,購入可,https://www.pc-koubou.jp/products/detail.php?product_id=951372,
2026-10-09,SSD,ssd-mz-v9p2t0b-it,Samsung 990 PRO 2TB,MZ-V9P2T0B-IT,Gen4,2TB,アプライド,,売り切れ,購入不可,https://shop.applied-net.co.jp/view/item/000000422863,
2026-10-09,SSD,ssd-mz-vap1t0b-it,Samsung 9100 PRO 1TB,MZ-VAP1T0B-IT,Gen5,1TB,アーク,45980,在庫あり,購入可,https://www.ark-pc.co.jp/i/13512836/,
2026-10-09,SSD,ssd-mz-vap1t0b-it,Samsung 9100 PRO 1TB,MZ-VAP1T0B-IT,Gen5,1TB,ツクモ,,在庫なし,購入不可,https://shop.tsukumo.co.jp/goods/4560441099828/,
2026-10-09,SSD,ssd-mz-vap1t0b-it,Samsung 9100 PRO 1TB,MZ-VAP1T0B-IT,Gen5,1TB,ドスパラ,45980,在庫あり,購入可,https://www.dospara.co.jp/SBR1144/IC523800.html,
2026-10-09,SSD,ssd-mz-vap1t0b-it,Samsung 9100 PRO 1TB,MZ-VAP1T0B-IT,Gen5,1TB,パソコン工房,45980,当日出荷 【21†Image: 当日出荷対応商品】【22†?】,購入可,https://www.pc-koubou.jp/products/detail.php?product_id=1136902,
2026-10-09,SSD,ssd-mz-vap1t0b-it,Samsung 9100 PRO 1TB,MZ-VAP1T0B-IT,Gen5,1TB,アプライド,45980,在庫あり,購入可,https://shop.applied-net.co.jp/view/item/000000439655,
2026-10-09,SSD,ssd-mz-vap2t0b-it,Samsung 9100 PRO 2TB,MZ-VAP2T0B-IT,Gen5,2TB,アーク,102980,在庫あり,購入可,https://www.ark-pc.co.jp/i/13512837/,
2026-10-09,SSD,ssd-mz-vap2t0b-it,Samsung 9100 PRO 2TB,MZ-VAP2T0B-IT,Gen5,2TB,ツクモ,102980,在庫あり／24時間以内に出荷,購入可,https://shop.tsukumo.co.jp/goods/4560441099835/,
2026-10-09,SSD,ssd-mz-vap2t0b-it,Samsung 9100 PRO 2TB,MZ-VAP2T0B-IT,Gen5,2TB,ドスパラ,102980,在庫あり,購入可,https://www.dospara.co.jp/SBR1144/IC523801.html,
2026-10-09,SSD,ssd-mz-vap2t0b-it,Samsung 9100 PRO 2TB,MZ-VAP2T0B-IT,Gen5,2TB,パソコン工房,102980,当日出荷 【21†Image: 当日出荷対応商品】【22†?】,購入可,https://www.pc-koubou.jp/products/detail.php?product_id=1136903,
2026-10-09,SSD,ssd-mz-vap2t0b-it,Samsung 9100 PRO 2TB,MZ-VAP2T0B-IT,Gen5,2TB,アプライド,102980,在庫有 1～3営業日で出荷予定 休業日除く,購入可,https://shop.applied-net.co.jp/view/item/000000449188,
2026-10-09,SSD,ssd-wds100t2x0e,WD_BLACK SN850X 1TB,WDS100T2X0E,Gen4,1TB,アーク,55490,在庫あり,購入可,https://www.ark-pc.co.jp/i/13512466/,
2026-10-09,SSD,ssd-wds100t2x0e,WD_BLACK SN850X 1TB,WDS100T2X0E,Gen4,1TB,ツクモ,,在庫なし,購入不可,https://shop.tsukumo.co.jp/goods/0718037891392/,
2026-10-09,SSD,ssd-wds100t2x0e,WD_BLACK SN850X 1TB,WDS100T2X0E,Gen4,1TB,ドスパラ,,在庫なし,購入不可,https://www.dospara.co.jp/SBR1144/IC482024.html,
2026-10-09,SSD,ssd-wds100t2x0e,WD_BLACK SN850X 1TB,WDS100T2X0E,Gen4,1TB,パソコン工房,,在庫なし,購入不可,https://www.pc-koubou.jp/products/detail.php?product_id=920503,
2026-10-09,SSD,ssd-wds100t2x0e,WD_BLACK SN850X 1TB,WDS100T2X0E,Gen4,1TB,アプライド,,確認できず,未確認,,対象5店舗の製品検索で一致する商品URLを特定できず。取扱なし・販売終了とは判定していない
2026-10-09,SSD,ssd-wds100t4x0e,WD_BLACK SN7100 1TB,WDS100T4X0E,Gen4,1TB,アーク,45080,在庫あり,購入可,https://www.ark-pc.co.jp/i/13512808/,
2026-10-09,SSD,ssd-wds100t4x0e,WD_BLACK SN7100 1TB,WDS100T4X0E,Gen4,1TB,ツクモ,,在庫なし,購入不可,https://shop.tsukumo.co.jp/goods/0718037893204/,
2026-10-09,SSD,ssd-wds100t4x0e,WD_BLACK SN7100 1TB,WDS100T4X0E,Gen4,1TB,ドスパラ,,在庫なし,購入不可,https://www.dospara.co.jp/SBR1144/IC520427.html,
2026-10-09,SSD,ssd-wds100t4x0e,WD_BLACK SN7100 1TB,WDS100T4X0E,Gen4,1TB,パソコン工房,,在庫なし,購入不可,https://www.pc-koubou.jp/products/detail.php?product_id=1122998,
2026-10-09,SSD,ssd-wds100t4x0e,WD_BLACK SN7100 1TB,WDS100T4X0E,Gen4,1TB,アプライド,,確認できず,未確認,,対象5店舗の製品検索で一致する商品URLを特定できず。取扱なし・販売終了とは判定していない
2026-10-09,SSD,ssd-wds200t2x0e,WD_BLACK SN850X 2TB,WDS200T2X0E,Gen4,2TB,アーク,109530,在庫あり,購入可,https://www.ark-pc.co.jp/i/13512467/,
2026-10-09,SSD,ssd-wds200t2x0e,WD_BLACK SN850X 2TB,WDS200T2X0E,Gen4,2TB,ツクモ,,在庫なし,購入不可,https://shop.tsukumo.co.jp/goods/0718037891408/,
2026-10-09,SSD,ssd-wds200t2x0e,WD_BLACK SN850X 2TB,WDS200T2X0E,Gen4,2TB,ドスパラ,,在庫なし,購入不可,https://www.dospara.co.jp/SBR1144/IC482025.html,
2026-10-09,SSD,ssd-wds200t2x0e,WD_BLACK SN850X 2TB,WDS200T2X0E,Gen4,2TB,パソコン工房,,在庫切れです,購入不可,https://www.pc-koubou.jp/products/detail.php?product_id=920504,
2026-10-09,SSD,ssd-wds200t2x0e,WD_BLACK SN850X 2TB,WDS200T2X0E,Gen4,2TB,アプライド,,確認できず,未確認,,対象5店舗の製品検索で一致する商品URLを特定できず。取扱なし・販売終了とは判定していない
2026-10-09,SSD,ssd-wds200t4x0e,WD_BLACK SN7100 2TB,WDS200T4X0E,Gen4,2TB,アーク,86760,在庫あり,購入可,https://www.ark-pc.co.jp/i/13512809/,
2026-10-09,SSD,ssd-wds200t4x0e,WD_BLACK SN7100 2TB,WDS200T4X0E,Gen4,2TB,ツクモ,,在庫なし,購入不可,https://shop.tsukumo.co.jp/goods/0718037893211/,
2026-10-09,SSD,ssd-wds200t4x0e,WD_BLACK SN7100 2TB,WDS200T4X0E,Gen4,2TB,ドスパラ,,在庫なし,購入不可,https://www.dospara.co.jp/SBR1144/IC520428.html,
2026-10-09,SSD,ssd-wds200t4x0e,WD_BLACK SN7100 2TB,WDS200T4X0E,Gen4,2TB,パソコン工房,,在庫切れです,購入不可,https://www.pc-koubou.jp/products/detail.php?product_id=1122999,
2026-10-09,SSD,ssd-wds200t4x0e,WD_BLACK SN7100 2TB,WDS200T4X0E,Gen4,2TB,アプライド,,確認できず,未確認,,対象5店舗の製品検索で一致する商品URLを特定できず。取扱なし・販売終了とは判定していない
2026-10-09,SSD,ssd-zp1000gm3a004,Seagate FireCuda 540 1TB,ZP1000GM3A004,Gen5,1TB,アーク,,確認できず,未確認,,対象5店舗の製品検索で一致する商品URLを特定できず。取扱なし・販売終了とは判定していない
2026-10-09,SSD,ssd-zp1000gm3a004,Seagate FireCuda 540 1TB,ZP1000GM3A004,Gen5,1TB,ツクモ,,在庫なし,購入不可,https://shop.tsukumo.co.jp/goods/0763649174623/,
2026-10-09,SSD,ssd-zp1000gm3a004,Seagate FireCuda 540 1TB,ZP1000GM3A004,Gen5,1TB,ドスパラ,,確認できず,未確認,,対象5店舗の製品検索で一致する商品URLを特定できず。取扱なし・販売終了とは判定していない
2026-10-09,SSD,ssd-zp1000gm3a004,Seagate FireCuda 540 1TB,ZP1000GM3A004,Gen5,1TB,パソコン工房,,確認できず,未確認,,対象5店舗の製品検索で一致する商品URLを特定できず。取扱なし・販売終了とは判定していない
2026-10-09,SSD,ssd-zp1000gm3a004,Seagate FireCuda 540 1TB,ZP1000GM3A004,Gen5,1TB,アプライド,,確認できず,未確認,,対象5店舗の製品検索で一致する商品URLを特定できず。取扱なし・販売終了とは判定していない
2026-10-09,SSD,ssd-zp2000gm3a004,Seagate FireCuda 540 2TB,ZP2000GM3A004,Gen5,2TB,アーク,,確認できず,未確認,,対象5店舗の製品検索で一致する商品URLを特定できず。取扱なし・販売終了とは判定していない
2026-10-09,SSD,ssd-zp2000gm3a004,Seagate FireCuda 540 2TB,ZP2000GM3A004,Gen5,2TB,ツクモ,,在庫なし,購入不可,https://shop.tsukumo.co.jp/goods/0763649174630/,
2026-10-09,SSD,ssd-zp2000gm3a004,Seagate FireCuda 540 2TB,ZP2000GM3A004,Gen5,2TB,ドスパラ,,確認できず,未確認,,対象5店舗の製品検索で一致する商品URLを特定できず。取扱なし・販売終了とは判定していない
2026-10-09,SSD,ssd-zp2000gm3a004,Seagate FireCuda 540 2TB,ZP2000GM3A004,Gen5,2TB,パソコン工房,,確認できず,未確認,,対象5店舗の製品検索で一致する商品URLを特定できず。取扱なし・販売終了とは判定していない
2026-10-09,SSD,ssd-zp2000gm3a004,Seagate FireCuda 540 2TB,ZP2000GM3A004,Gen5,2TB,アプライド,,確認できず,未確認,,対象5店舗の製品検索で一致する商品URLを特定できず。取扱なし・販売終了とは判定していない
2026-10-09,CPUクーラー,cooler-deepcool-ag400-g2,DeepCool AG400 G2,,空冷(シングルタワー),,アーク,,確認できず,未確認,,対象5店舗の製品検索で一致する商品URLを特定できず。取扱なし・販売終了とは判定していない
2026-10-09,CPUクーラー,cooler-deepcool-ag400-g2,DeepCool AG400 G2,,空冷(シングルタワー),,ツクモ,2979,在庫わずか／24時間以内に出荷,購入可,https://shop.tsukumo.co.jp/goods/6933412730026/,
2026-10-09,CPUクーラー,cooler-deepcool-ag400-g2,DeepCool AG400 G2,,空冷(シングルタワー),,ドスパラ,,確認できず,未確認,,対象5店舗の製品検索で一致する商品URLを特定できず。取扱なし・販売終了とは判定していない
2026-10-09,CPUクーラー,cooler-deepcool-ag400-g2,DeepCool AG400 G2,,空冷(シングルタワー),,パソコン工房,,確認できず,未確認,,対象5店舗の製品検索で一致する商品URLを特定できず。取扱なし・販売終了とは判定していない
2026-10-09,CPUクーラー,cooler-deepcool-ag400-g2,DeepCool AG400 G2,,空冷(シングルタワー),,アプライド,,確認できず,未確認,,対象5店舗の製品検索で一致する商品URLを特定できず。取扱なし・販売終了とは判定していない
2026-10-09,CPUクーラー,cooler-deepcool-ak620,DeepCool AK620,,空冷(デュアルタワー),,アーク,,確認できず,未確認,,対象5店舗の製品検索で一致する商品URLを特定できず。取扱なし・販売終了とは判定していない
2026-10-09,CPUクーラー,cooler-deepcool-ak620,DeepCool AK620,,空冷(デュアルタワー),,ツクモ,,確認できず,未確認,,対象5店舗の製品検索で一致する商品URLを特定できず。取扱なし・販売終了とは判定していない
2026-10-09,CPUクーラー,cooler-deepcool-ak620,DeepCool AK620,,空冷(デュアルタワー),,ドスパラ,,確認できず,未確認,,対象5店舗の製品検索で一致する商品URLを特定できず。取扱なし・販売終了とは判定していない
2026-10-09,CPUクーラー,cooler-deepcool-ak620,DeepCool AK620,,空冷(デュアルタワー),,パソコン工房,,確認できず,未確認,,対象5店舗の製品検索で一致する商品URLを特定できず。取扱なし・販売終了とは判定していない
2026-10-09,CPUクーラー,cooler-deepcool-ak620,DeepCool AK620,,空冷(デュアルタワー),,アプライド,,確認できず,未確認,,対象5店舗の製品検索で一致する商品URLを特定できず。取扱なし・販売終了とは判定していない
2026-10-09,CPUクーラー,cooler-sudokoo-sk700,Sudokoo SK700,,空冷(シングルタワー),,アーク,,確認できず,未確認,https://www.ark-pc.co.jp/i/10401959/,商品ページの読み込み制限または取得失敗。検索でも通販価格・在庫を確定できず
2026-10-09,CPUクーラー,cooler-sudokoo-sk700,Sudokoo SK700,,空冷(シングルタワー),,ツクモ,11880,在庫わずか／24時間以内に出荷,購入可,https://shop.tsukumo.co.jp/goods/8881300820022/,
2026-10-09,CPUクーラー,cooler-sudokoo-sk700,Sudokoo SK700,,空冷(シングルタワー),,ドスパラ,11880,在庫あり,購入可,https://www.dospara.co.jp/SBR1968/IC668219.html,
2026-10-09,CPUクーラー,cooler-sudokoo-sk700,Sudokoo SK700,,空冷(シングルタワー),,パソコン工房,,確認できず,未確認,https://www.pc-koubou.jp/products/detail.php?product_id=1264730,商品ページの読み込み制限または取得失敗。検索でも通販価格・在庫を確定できず
2026-10-09,CPUクーラー,cooler-sudokoo-sk700,Sudokoo SK700,,空冷(シングルタワー),,アプライド,,確認できず,未確認,,対象5店舗の製品検索で一致する商品URLを特定できず。取扱なし・販売終了とは判定していない
2026-10-09,CPUクーラー,cooler-sudokoo-energlo-360,Sudokoo ENERGLO 360,,簡易水冷 360mm,,アーク,22280,在庫あり,購入可,https://www.ark-pc.co.jp/i/10401956/,
2026-10-09,CPUクーラー,cooler-sudokoo-energlo-360,Sudokoo ENERGLO 360,,簡易水冷 360mm,,ツクモ,,確認できず,未確認,,対象5店舗の製品検索で一致する商品URLを特定できず。取扱なし・販売終了とは判定していない
2026-10-09,CPUクーラー,cooler-sudokoo-energlo-360,Sudokoo ENERGLO 360,,簡易水冷 360mm,,ドスパラ,22280,在庫あり,購入可,https://www.dospara.co.jp/SBR321/IC668874.html,
2026-10-09,CPUクーラー,cooler-sudokoo-energlo-360,Sudokoo ENERGLO 360,,簡易水冷 360mm,,パソコン工房,,在庫なし,購入不可,https://www.pc-koubou.jp/products/detail.php?product_id=1264728,ホワイトモデル
2026-10-09,CPUクーラー,cooler-sudokoo-energlo-360,Sudokoo ENERGLO 360,,簡易水冷 360mm,,アプライド,,確認できず,未確認,,対象5店舗の製品検索で一致する商品URLを特定できず。取扱なし・販売終了とは判定していない
2026-10-09,CPUクーラー,cooler-deepcool-lm360,DeepCool LM360,,簡易水冷 360mm,,アーク,,確認できず,未確認,,対象5店舗の製品検索で一致する商品URLを特定できず。取扱なし・販売終了とは判定していない
2026-10-09,CPUクーラー,cooler-deepcool-lm360,DeepCool LM360,,簡易水冷 360mm,,ツクモ,15480,在庫わずか／24時間以内に出荷,購入可,https://shop.tsukumo.co.jp/goods/6933412729488/,ホワイトモデル
2026-10-09,CPUクーラー,cooler-deepcool-lm360,DeepCool LM360,,簡易水冷 360mm,,ドスパラ,,確認できず,未確認,,対象5店舗の製品検索で一致する商品URLを特定できず。取扱なし・販売終了とは判定していない
2026-10-09,CPUクーラー,cooler-deepcool-lm360,DeepCool LM360,,簡易水冷 360mm,,パソコン工房,,確認できず,未確認,,対象5店舗の製品検索で一致する商品URLを特定できず。取扱なし・販売終了とは判定していない
2026-10-09,CPUクーラー,cooler-deepcool-lm360,DeepCool LM360,,簡易水冷 360mm,,アプライド,,確認できず,未確認,,対象5店舗の製品検索で一致する商品URLを特定できず。取扱なし・販売終了とは判定していない
2026-10-09,CPUクーラー,cooler-scythe-mark4,Scythe 虎徹 MARK4,,空冷(シングルタワー),,アーク,,確認できず,未確認,,対象5店舗の製品検索で一致する商品URLを特定できず。取扱なし・販売終了とは判定していない
2026-10-09,CPUクーラー,cooler-scythe-mark4,Scythe 虎徹 MARK4,,空冷(シングルタワー),,ツクモ,,確認できず,未確認,,対象5店舗の製品検索で一致する商品URLを特定できず。取扱なし・販売終了とは判定していない
2026-10-09,CPUクーラー,cooler-scythe-mark4,Scythe 虎徹 MARK4,,空冷(シングルタワー),,ドスパラ,,確認できず,未確認,,対象5店舗の製品検索で一致する商品URLを特定できず。取扱なし・販売終了とは判定していない
2026-10-09,CPUクーラー,cooler-scythe-mark4,Scythe 虎徹 MARK4,,空冷(シングルタワー),,パソコン工房,,確認できず,未確認,https://www.pc-koubou.jp/products/detail.php?product_id=1198007,商品ページの読み込み制限または取得失敗。検索でも通販価格・在庫を確定できず
2026-10-09,CPUクーラー,cooler-scythe-mark4,Scythe 虎徹 MARK4,,空冷(シングルタワー),,アプライド,,確認できず,未確認,,対象5店舗の製品検索で一致する商品URLを特定できず。取扱なし・販売終了とは判定していない
2026-10-09,CPUクーラー,cooler-thermalright-assassin-x-120-refined-se,Thermalright Assassin X 120 Refined SE,,空冷(シングルタワー),,アーク,,確認できず,未確認,https://www.ark-pc.co.jp/i/10401668/,商品ページは見つかったが、通販価格と在庫を確定できず
2026-10-09,CPUクーラー,cooler-thermalright-assassin-x-120-refined-se,Thermalright Assassin X 120 Refined SE,,空冷(シングルタワー),,ツクモ,,確認できず,未確認,,対象5店舗の製品検索で一致する商品URLを特定できず。取扱なし・販売終了とは判定していない
2026-10-09,CPUクーラー,cooler-thermalright-assassin-x-120-refined-se,Thermalright Assassin X 120 Refined SE,,空冷(シングルタワー),,ドスパラ,,確認できず,未確認,https://www.dospara.co.jp/SBR1968/IC549674.html,RGB版のため指定モデルと付属ファン等が異なる可能性
2026-10-09,CPUクーラー,cooler-thermalright-assassin-x-120-refined-se,Thermalright Assassin X 120 Refined SE,,空冷(シングルタワー),,パソコン工房,,確認できず,未確認,https://www.pc-koubou.jp/products/detail.php?product_id=1135026,商品ページの読み込み制限または取得失敗。検索でも通販価格・在庫を確定できず
2026-10-09,CPUクーラー,cooler-thermalright-assassin-x-120-refined-se,Thermalright Assassin X 120 Refined SE,,空冷(シングルタワー),,アプライド,,確認できず,未確認,,対象5店舗の製品検索で一致する商品URLを特定できず。取扱なし・販売終了とは判定していない
2026-10-09,CPUクーラー,cooler-noctua-nh-d15-g2,Noctua NH-D15 G2,,空冷(デュアルタワー),,アーク,,確認できず,未確認,,対象5店舗の製品検索で一致する商品URLを特定できず。取扱なし・販売終了とは判定していない
2026-10-09,CPUクーラー,cooler-noctua-nh-d15-g2,Noctua NH-D15 G2,,空冷(デュアルタワー),,ツクモ,,確認できず,未確認,,対象5店舗の製品検索で一致する商品URLを特定できず。取扱なし・販売終了とは判定していない
2026-10-09,CPUクーラー,cooler-noctua-nh-d15-g2,Noctua NH-D15 G2,,空冷(デュアルタワー),,ドスパラ,23860,在庫あり,購入可,https://www.dospara.co.jp/SBR1968/IC585797.html,
2026-10-09,CPUクーラー,cooler-noctua-nh-d15-g2,Noctua NH-D15 G2,,空冷(デュアルタワー),,パソコン工房,,確認できず,未確認,https://www.pc-koubou.jp/products/detail.php?product_id=1103095,商品ページの読み込み制限または取得失敗。検索でも通販価格・在庫を確定できず
2026-10-09,CPUクーラー,cooler-noctua-nh-d15-g2,Noctua NH-D15 G2,,空冷(デュアルタワー),,アプライド,,確認できず,未確認,,対象5店舗の製品検索で一致する商品URLを特定できず。取扱なし・販売終了とは判定していない
2026-10-09,CPUクーラー,cooler-noctua-nh-u12a,Noctua NH-U12A,,空冷(シングルタワー),,アーク,16380,在庫あり,購入可,https://www.ark-pc.co.jp/i/10440051/,
2026-10-09,CPUクーラー,cooler-noctua-nh-u12a,Noctua NH-U12A,,空冷(シングルタワー),,ツクモ,,確認できず,未確認,,対象5店舗の製品検索で一致する商品URLを特定できず。取扱なし・販売終了とは判定していない
2026-10-09,CPUクーラー,cooler-noctua-nh-u12a,Noctua NH-U12A,,空冷(シングルタワー),,ドスパラ,14979,在庫あり,購入可,https://www.dospara.co.jp/SBR1968/IC459297.html,
2026-10-09,CPUクーラー,cooler-noctua-nh-u12a,Noctua NH-U12A,,空冷(シングルタワー),,パソコン工房,,確認できず,未確認,,対象5店舗の製品検索で一致する商品URLを特定できず。取扱なし・販売終了とは判定していない
2026-10-09,CPUクーラー,cooler-noctua-nh-u12a,Noctua NH-U12A,,空冷(シングルタワー),,アプライド,,確認できず,未確認,,対象5店舗の製品検索で一致する商品URLを特定できず。取扱なし・販売終了とは判定していない
2026-10-09,CPUクーラー,cooler-noctua-nh-l9a-am5,Noctua NH-L9a-AM5,,空冷(トップフロー),,アーク,7040,在庫あり,購入可,https://www.ark-pc.co.jp/i/10440086/,
2026-10-09,CPUクーラー,cooler-noctua-nh-l9a-am5,Noctua NH-L9a-AM5,,空冷(トップフロー),,ツクモ,,確認できず,未確認,,対象5店舗の製品検索で一致する商品URLを特定できず。取扱なし・販売終了とは判定していない
2026-10-09,CPUクーラー,cooler-noctua-nh-l9a-am5,Noctua NH-L9a-AM5,,空冷(トップフロー),,ドスパラ,6165,在庫あり,購入可,https://www.dospara.co.jp/SBR1969/IC497522.html,
2026-10-09,CPUクーラー,cooler-noctua-nh-l9a-am5,Noctua NH-L9a-AM5,,空冷(トップフロー),,パソコン工房,,確認できず,未確認,https://www.pc-koubou.jp/products/detail.php?product_id=968725,商品ページの読み込み制限または取得失敗。検索でも通販価格・在庫を確定できず
2026-10-09,CPUクーラー,cooler-noctua-nh-l9a-am5,Noctua NH-L9a-AM5,,空冷(トップフロー),,アプライド,6840,在庫あり,購入可,https://shop.applied-net.co.jp/view/item/000000422773,
2026-10-09,CPUクーラー,cooler-noctua-nl-lc1-36,Noctua NL-LC1-36,,簡易水冷 360mm,,アーク,44980,在庫あり,購入可,https://www.ark-pc.co.jp/i/10440110/,
2026-10-09,CPUクーラー,cooler-noctua-nl-lc1-36,Noctua NL-LC1-36,,簡易水冷 360mm,,ツクモ,,確認できず,未確認,,対象5店舗の製品検索で一致する商品URLを特定できず。取扱なし・販売終了とは判定していない
2026-10-09,CPUクーラー,cooler-noctua-nl-lc1-36,Noctua NL-LC1-36,,簡易水冷 360mm,,ドスパラ,39980,在庫あり,購入可,https://www.dospara.co.jp/SBR321/IC652761.html,
2026-10-09,CPUクーラー,cooler-noctua-nl-lc1-36,Noctua NL-LC1-36,,簡易水冷 360mm,,パソコン工房,39107,当日出荷,購入可,https://www.pc-koubou.jp/products/detail.php?product_id=1250236,
2026-10-09,CPUクーラー,cooler-noctua-nl-lc1-36,Noctua NL-LC1-36,,簡易水冷 360mm,,アプライド,,確認できず,未確認,,対象5店舗の製品検索で一致する商品URLを特定できず。取扱なし・販売終了とは判定していない
2026-10-09,CPUクーラー,cooler-cooler-master-hyper-212-3dhp,Cooler Master Hyper 212 3DHP,,空冷(シングルタワー),,アーク,3080,在庫あり,購入可,https://www.ark-pc.co.jp/i/10401847/,
2026-10-09,CPUクーラー,cooler-cooler-master-hyper-212-3dhp,Cooler Master Hyper 212 3DHP,,空冷(シングルタワー),,ツクモ,,確認できず,未確認,,対象5店舗の製品検索で一致する商品URLを特定できず。取扱なし・販売終了とは判定していない
2026-10-09,CPUクーラー,cooler-cooler-master-hyper-212-3dhp,Cooler Master Hyper 212 3DHP,,空冷(シングルタワー),,ドスパラ,,確認できず,未確認,,対象5店舗の製品検索で一致する商品URLを特定できず。取扱なし・販売終了とは判定していない
2026-10-09,CPUクーラー,cooler-cooler-master-hyper-212-3dhp,Cooler Master Hyper 212 3DHP,,空冷(シングルタワー),,パソコン工房,,在庫切れです,購入不可,https://www.pc-koubou.jp/products/detail.php?product_id=1228598,検索取得ページ表示。取得元クロール: last month
2026-10-09,CPUクーラー,cooler-cooler-master-hyper-212-3dhp,Cooler Master Hyper 212 3DHP,,空冷(シングルタワー),,アプライド,,確認できず,未確認,,対象5店舗の製品検索で一致する商品URLを特定できず。取扱なし・販売終了とは判定していない
2026-10-09,CPUクーラー,cooler-id-cooling-frozn-a620-pro-se,ID-COOLING FROZN A620 PRO SE,,空冷(デュアルタワー),,アーク,4480,在庫あり,購入可,https://www.ark-pc.co.jp/i/40002257/,
2026-10-09,CPUクーラー,cooler-id-cooling-frozn-a620-pro-se,ID-COOLING FROZN A620 PRO SE,,空冷(デュアルタワー),,ツクモ,4020,在庫あり／24時間以内に出荷,購入可,https://shop.tsukumo.co.jp/goods/6931393306704/,
2026-10-09,CPUクーラー,cooler-id-cooling-frozn-a620-pro-se,ID-COOLING FROZN A620 PRO SE,,空冷(デュアルタワー),,ドスパラ,4020,在庫あり,購入可,https://www.dospara.co.jp/SBR1968/IC528916.html,
2026-10-09,CPUクーラー,cooler-id-cooling-frozn-a620-pro-se,ID-COOLING FROZN A620 PRO SE,,空冷(デュアルタワー),,パソコン工房,,確認できず,未確認,https://www.pc-koubou.jp/products/detail.php?product_id=1188337,商品ページの読み込み制限または取得失敗。検索でも通販価格・在庫を確定できず
2026-10-09,CPUクーラー,cooler-id-cooling-frozn-a620-pro-se,ID-COOLING FROZN A620 PRO SE,,空冷(デュアルタワー),,アプライド,,確認できず,未確認,,対象5店舗の製品検索で一致する商品URLを特定できず。取扱なし・販売終了とは判定していない
2026-10-09,CPUクーラー,cooler-id-cooling-is-55-black,ID-COOLING IS-55 BLACK,,空冷(トップフロー),,アーク,5100,在庫あり,購入可,https://www.ark-pc.co.jp/i/40002086/,
2026-10-09,CPUクーラー,cooler-id-cooling-is-55-black,ID-COOLING IS-55 BLACK,,空冷(トップフロー),,ツクモ,4680,在庫あり／24時間以内に出荷,購入可,https://shop.tsukumo.co.jp/goods/6931393304786/,
2026-10-09,CPUクーラー,cooler-id-cooling-is-55-black,ID-COOLING IS-55 BLACK,,空冷(トップフロー),,ドスパラ,,在庫なし,購入不可,https://www.dospara.co.jp/SBR1969/IC491855.html,
2026-10-09,CPUクーラー,cooler-id-cooling-is-55-black,ID-COOLING IS-55 BLACK,,空冷(トップフロー),,パソコン工房,,確認できず,未確認,,対象5店舗の製品検索で一致する商品URLを特定できず。取扱なし・販売終了とは判定していない
2026-10-09,CPUクーラー,cooler-id-cooling-is-55-black,ID-COOLING IS-55 BLACK,,空冷(トップフロー),,アプライド,,確認できず,未確認,,対象5店舗の製品検索で一致する商品URLを特定できず。取扱なし・販売終了とは判定していない
2026-10-09,CPUクーラー,cooler-nzxt-kraken-plus-360,NZXT Kraken Plus 360,,簡易水冷 360mm,,アーク,,確認できず,未確認,https://www.ark-pc.co.jp/i/10401684/,RGB版のため指定モデルと付属ファン等が異なる可能性
2026-10-09,CPUクーラー,cooler-nzxt-kraken-plus-360,NZXT Kraken Plus 360,,簡易水冷 360mm,,ツクモ,,確認できず,未確認,,対象5店舗の製品検索で一致する商品URLを特定できず。取扱なし・販売終了とは判定していない
2026-10-09,CPUクーラー,cooler-nzxt-kraken-plus-360,NZXT Kraken Plus 360,,簡易水冷 360mm,,ドスパラ,,確認できず,未確認,https://www.dospara.co.jp/SBR321/IC524300.html,RGB版のため指定モデルと付属ファン等が異なる可能性
2026-10-09,CPUクーラー,cooler-nzxt-kraken-plus-360,NZXT Kraken Plus 360,,簡易水冷 360mm,,パソコン工房,,確認できず,未確認,,対象5店舗の製品検索で一致する商品URLを特定できず。取扱なし・販売終了とは判定していない
2026-10-09,CPUクーラー,cooler-nzxt-kraken-plus-360,NZXT Kraken Plus 360,,簡易水冷 360mm,,アプライド,,確認できず,未確認,,対象5店舗の製品検索で一致する商品URLを特定できず。取扱なし・販売終了とは判定していない
2026-10-09,CPUクーラー,cooler-l240m2,ドスパラセレクト L240M2,,簡易水冷 240mm,,アーク,,確認できず,未確認,,対象5店舗の製品検索で一致する商品URLを特定できず。取扱なし・販売終了とは判定していない
2026-10-09,CPUクーラー,cooler-l240m2,ドスパラセレクト L240M2,,簡易水冷 240mm,,ツクモ,,確認できず,未確認,,対象5店舗の製品検索で一致する商品URLを特定できず。取扱なし・販売終了とは判定していない
2026-10-09,CPUクーラー,cooler-l240m2,ドスパラセレクト L240M2,,簡易水冷 240mm,,ドスパラ,7680,在庫あり,購入可,https://www.dospara.co.jp/SBR321/IC583264.html,
2026-10-09,CPUクーラー,cooler-l240m2,ドスパラセレクト L240M2,,簡易水冷 240mm,,パソコン工房,,確認できず,未確認,,対象5店舗の製品検索で一致する商品URLを特定できず。取扱なし・販売終了とは判定していない
2026-10-09,CPUクーラー,cooler-l240m2,ドスパラセレクト L240M2,,簡易水冷 240mm,,アプライド,,確認できず,未確認,,対象5店舗の製品検索で一致する商品URLを特定できず。取扱なし・販売終了とは判定していない
2026-10-09,CPUクーラー,cooler-noctua-nh-u12s-redux,Noctua NH-U12S redux,,空冷(シングルタワー),,アーク,7480,在庫あり,購入可,https://www.ark-pc.co.jp/i/10440067/,
2026-10-09,CPUクーラー,cooler-noctua-nh-u12s-redux,Noctua NH-U12S redux,,空冷(シングルタワー),,ツクモ,,確認できず,未確認,,対象5店舗の製品検索で一致する商品URLを特定できず。取扱なし・販売終了とは判定していない
2026-10-09,CPUクーラー,cooler-noctua-nh-u12s-redux,Noctua NH-U12S redux,,空冷(シングルタワー),,ドスパラ,,確認できず,未確認,,対象5店舗の製品検索で一致する商品URLを特定できず。取扱なし・販売終了とは判定していない
2026-10-09,CPUクーラー,cooler-noctua-nh-u12s-redux,Noctua NH-U12S redux,,空冷(シングルタワー),,パソコン工房,,確認できず,未確認,https://www.pc-koubou.jp/products/detail.php?product_id=814760,商品ページの読み込み制限または取得失敗。検索でも通販価格・在庫を確定できず
2026-10-09,CPUクーラー,cooler-noctua-nh-u12s-redux,Noctua NH-U12S redux,,空冷(シングルタワー),,アプライド,7290,在庫あり,購入可,https://shop.applied-net.co.jp/view/item/000000422816,
2026-10-09,CPUクーラー,cooler-scythe-fuma3-3,Scythe FUMA3(風魔3),,空冷(デュアルタワー),,アーク,,確認できず,未確認,,対象5店舗の製品検索で一致する商品URLを特定できず。取扱なし・販売終了とは判定していない
2026-10-09,CPUクーラー,cooler-scythe-fuma3-3,Scythe FUMA3(風魔3),,空冷(デュアルタワー),,ツクモ,5280,在庫わずか／24時間以内に出荷,購入可,https://shop.tsukumo.co.jp/goods/4571225058979/,
2026-10-09,CPUクーラー,cooler-scythe-fuma3-3,Scythe FUMA3(風魔3),,空冷(デュアルタワー),,ドスパラ,,確認できず,未確認,,対象5店舗の製品検索で一致する商品URLを特定できず。取扱なし・販売終了とは判定していない
2026-10-09,CPUクーラー,cooler-scythe-fuma3-3,Scythe FUMA3(風魔3),,空冷(デュアルタワー),,パソコン工房,,確認できず,未確認,,対象5店舗の製品検索で一致する商品URLを特定できず。取扱なし・販売終了とは判定していない
2026-10-09,CPUクーラー,cooler-scythe-fuma3-3,Scythe FUMA3(風魔3),,空冷(デュアルタワー),,アプライド,,確認できず,未確認,,対象5店舗の製品検索で一致する商品URLを特定できず。取扱なし・販売終了とは判定していない
2026-10-09,CPUクーラー,cooler-nzxt-kraken-elite-360,NZXT Kraken Elite 360,,簡易水冷 360mm,,アーク,,確認できず,未確認,https://www.ark-pc.co.jp/i/10401582/,商品ページは見つかったが、通販価格と在庫を確定できず
2026-10-09,CPUクーラー,cooler-nzxt-kraken-elite-360,NZXT Kraken Elite 360,,簡易水冷 360mm,,ツクモ,,確認できず,未確認,,対象5店舗の製品検索で一致する商品URLを特定できず。取扱なし・販売終了とは判定していない
2026-10-09,CPUクーラー,cooler-nzxt-kraken-elite-360,NZXT Kraken Elite 360,,簡易水冷 360mm,,ドスパラ,,確認できず,未確認,https://www.dospara.co.jp/SBR321/IC494768.html,RGB版のため指定モデルと付属ファン等が異なる可能性
2026-10-09,CPUクーラー,cooler-nzxt-kraken-elite-360,NZXT Kraken Elite 360,,簡易水冷 360mm,,パソコン工房,,確認できず,未確認,https://www.pc-koubou.jp/products/detail.php?product_id=1101791,商品ページの読み込み制限または取得失敗。検索でも通販価格・在庫を確定できず
2026-10-09,CPUクーラー,cooler-nzxt-kraken-elite-360,NZXT Kraken Elite 360,,簡易水冷 360mm,,アプライド,,確認できず,未確認,,対象5店舗の製品検索で一致する商品URLを特定できず。取扱なし・販売終了とは判定していない
2026-10-09,CPUクーラー,cooler-corsair-nautilus-360-rs,Corsair NAUTILUS 360 RS,,簡易水冷 360mm,,アーク,16780,在庫あり,購入可,https://www.ark-pc.co.jp/i/10401621/,
2026-10-09,CPUクーラー,cooler-corsair-nautilus-360-rs,Corsair NAUTILUS 360 RS,,簡易水冷 360mm,,ツクモ,,確認できず,未確認,,対象5店舗の製品検索で一致する商品URLを特定できず。取扱なし・販売終了とは判定していない
2026-10-09,CPUクーラー,cooler-corsair-nautilus-360-rs,Corsair NAUTILUS 360 RS,,簡易水冷 360mm,,ドスパラ,11815,在庫あり,購入可,https://www.dospara.co.jp/SBR321/IC560395.html,
2026-10-09,CPUクーラー,cooler-corsair-nautilus-360-rs,Corsair NAUTILUS 360 RS,,簡易水冷 360mm,,パソコン工房,,確認できず,未確認,https://www.pc-koubou.jp/products/detail.php?product_id=1172875,商品ページの読み込み制限または取得失敗。検索でも通販価格・在庫を確定できず
2026-10-09,CPUクーラー,cooler-corsair-nautilus-360-rs,Corsair NAUTILUS 360 RS,,簡易水冷 360mm,,アプライド,,確認できず,未確認,,対象5店舗の製品検索で一致する商品URLを特定できず。取扱なし・販売終了とは判定していない
2026-10-09,CPUクーラー,cooler-msi-mag-coreliquid-a13-360,MSI MAG CORELIQUID A13 360,,簡易水冷 360mm,,アーク,10980,在庫あり,購入可,https://www.ark-pc.co.jp/i/10401723/,
2026-10-09,CPUクーラー,cooler-msi-mag-coreliquid-a13-360,MSI MAG CORELIQUID A13 360,,簡易水冷 360mm,,ツクモ,,確認できず,未確認,,対象5店舗の製品検索で一致する商品URLを特定できず。取扱なし・販売終了とは判定していない
2026-10-09,CPUクーラー,cooler-msi-mag-coreliquid-a13-360,MSI MAG CORELIQUID A13 360,,簡易水冷 360mm,,ドスパラ,11691,在庫あり,購入可,https://www.dospara.co.jp/SBR321/IC560388.html,
2026-10-09,CPUクーラー,cooler-msi-mag-coreliquid-a13-360,MSI MAG CORELIQUID A13 360,,簡易水冷 360mm,,パソコン工房,,確認できず,未確認,https://www.pc-koubou.jp/products/detail.php?product_id=1151798,商品ページの読み込み制限または取得失敗。検索でも通販価格・在庫を確定できず
2026-10-09,CPUクーラー,cooler-msi-mag-coreliquid-a13-360,MSI MAG CORELIQUID A13 360,,簡易水冷 360mm,,アプライド,,確認できず,未確認,,対象5店舗の製品検索で一致する商品URLを特定できず。取扱なし・販売終了とは判定していない
2026-10-09,CPUクーラー,cooler-lian-li-hydroshift-ii-lcd-c-360tl,Lian Li HydroShift II LCD-C 360TL,,簡易水冷 360mm,,アーク,,確認できず,未確認,,対象5店舗の製品検索で一致する商品URLを特定できず。取扱なし・販売終了とは判定していない
2026-10-09,CPUクーラー,cooler-lian-li-hydroshift-ii-lcd-c-360tl,Lian Li HydroShift II LCD-C 360TL,,簡易水冷 360mm,,ツクモ,32959,在庫わずか／24時間以内に出荷,購入可,https://shop.tsukumo.co.jp/goods/4718466018021/,ホワイトモデル
2026-10-09,CPUクーラー,cooler-lian-li-hydroshift-ii-lcd-c-360tl,Lian Li HydroShift II LCD-C 360TL,,簡易水冷 360mm,,ドスパラ,,在庫なし,購入不可,https://www.dospara.co.jp/SBR321/IC573920.html,
2026-10-09,CPUクーラー,cooler-lian-li-hydroshift-ii-lcd-c-360tl,Lian Li HydroShift II LCD-C 360TL,,簡易水冷 360mm,,パソコン工房,,確認できず,未確認,,対象5店舗の製品検索で一致する商品URLを特定できず。取扱なし・販売終了とは判定していない
2026-10-09,CPUクーラー,cooler-lian-li-hydroshift-ii-lcd-c-360tl,Lian Li HydroShift II LCD-C 360TL,,簡易水冷 360mm,,アプライド,,確認できず,未確認,,対象5店舗の製品検索で一致する商品URLを特定できず。取扱なし・販売終了とは判定していない
2026-10-09,ファン,fan-scythe-kaze-flex-ii-120-pwm,Scythe KAZE FLEX II 120 PWM(1500rpm),,120mm,,アーク,580,在庫あり,購入可,https://www.ark-pc.co.jp/i/24301931/,
2026-10-09,ファン,fan-scythe-kaze-flex-ii-120-pwm,Scythe KAZE FLEX II 120 PWM(1500rpm),,120mm,,ツクモ,,確認できず,未確認,,対象5店舗の製品検索で一致する商品URLを特定できず。取扱なし・販売終了とは判定していない
2026-10-09,ファン,fan-scythe-kaze-flex-ii-120-pwm,Scythe KAZE FLEX II 120 PWM(1500rpm),,120mm,,ドスパラ,,在庫なし,購入不可,https://www.dospara.co.jp/SBR738/IC480748.html,
2026-10-09,ファン,fan-scythe-kaze-flex-ii-120-pwm,Scythe KAZE FLEX II 120 PWM(1500rpm),,120mm,,パソコン工房,,確認できず,未確認,https://www.pc-koubou.jp/products/detail.php?product_id=1241884,商品ページの読み込み制限または取得失敗。検索でも通販価格・在庫を確定できず
2026-10-09,ファン,fan-scythe-kaze-flex-ii-120-pwm,Scythe KAZE FLEX II 120 PWM(1500rpm),,120mm,,アプライド,,確認できず,未確認,,対象5店舗の製品検索で一致する商品URLを特定できず。取扱なし・販売終了とは判定していない
2026-10-09,ファン,fan-noctua-nf-a12x25-pwm,Noctua NF-A12x25 PWM,,120mm,,アーク,,確認できず,未確認,,対象5店舗の製品検索で一致する商品URLを特定できず。取扱なし・販売終了とは判定していない
2026-10-09,ファン,fan-noctua-nf-a12x25-pwm,Noctua NF-A12x25 PWM,,120mm,,ツクモ,,確認できず,未確認,https://shop.tsukumo.co.jp/goods/9010018100549/,chromax版のため指定の標準モデルとの一致未確認
2026-10-09,ファン,fan-noctua-nf-a12x25-pwm,Noctua NF-A12x25 PWM,,120mm,,ドスパラ,4100,在庫あり,購入可,https://www.dospara.co.jp/SBR738/IC457246.html,
2026-10-09,ファン,fan-noctua-nf-a12x25-pwm,Noctua NF-A12x25 PWM,,120mm,,パソコン工房,4100,当日出荷,購入可,https://www.pc-koubou.jp/products/detail.php?product_id=633954,
2026-10-09,ファン,fan-noctua-nf-a12x25-pwm,Noctua NF-A12x25 PWM,,120mm,,アプライド,,確認できず,未確認,,対象5店舗の製品検索で一致する商品URLを特定できず。取扱なし・販売終了とは判定していない
2026-10-09,ファン,fan-corsair-icue-link-rx120,Corsair iCUE LINK RX120,,120mm,,アーク,,確認できず,未確認,https://www.ark-pc.co.jp/i/24301586/,RGB版のため指定の非RGBモデルと仕様が異なる
2026-10-09,ファン,fan-corsair-icue-link-rx120,Corsair iCUE LINK RX120,,120mm,,ツクモ,,確認できず,未確認,,対象5店舗の製品検索で一致する商品URLを特定できず。取扱なし・販売終了とは判定していない
2026-10-09,ファン,fan-corsair-icue-link-rx120,Corsair iCUE LINK RX120,,120mm,,ドスパラ,,確認できず,未確認,https://www.dospara.co.jp/SBR738/IC563692.html,ホワイト版のため指定モデルの色との一致未確認
2026-10-09,ファン,fan-corsair-icue-link-rx120,Corsair iCUE LINK RX120,,120mm,,パソコン工房,,確認できず,未確認,,対象5店舗の製品検索で一致する商品URLを特定できず。取扱なし・販売終了とは判定していない
2026-10-09,ファン,fan-corsair-icue-link-rx120,Corsair iCUE LINK RX120,,120mm,,アプライド,,確認できず,未確認,,対象5店舗の製品検索で一致する商品URLを特定できず。取扱なし・販売終了とは判定していない
2026-10-09,ファン,fan-sudokoo-mach120,Sudokoo MACH120,,120mm,,アーク,,在庫なし,購入不可,https://www.ark-pc.co.jp/i/24302015/,
2026-10-09,ファン,fan-sudokoo-mach120,Sudokoo MACH120,,120mm,,ツクモ,,確認できず,未確認,,対象5店舗の製品検索で一致する商品URLを特定できず。取扱なし・販売終了とは判定していない
2026-10-09,ファン,fan-sudokoo-mach120,Sudokoo MACH120,,120mm,,ドスパラ,,確認できず,未確認,https://www.dospara.co.jp/SBR738/IC668877.html,ホワイト版のため指定モデルの色との一致未確認
2026-10-09,ファン,fan-sudokoo-mach120,Sudokoo MACH120,,120mm,,パソコン工房,,確認できず,未確認,https://www.pc-koubou.jp/products/detail.php?product_id=1264732,商品ページの読み込み制限または取得失敗。検索でも通販価格・在庫を確定できず
2026-10-09,ファン,fan-sudokoo-mach120,Sudokoo MACH120,,120mm,,アプライド,,確認できず,未確認,,対象5店舗の製品検索で一致する商品URLを特定できず。取扱なし・販売終了とは判定していない
2026-10-09,ファン,fan-noctua-nf-a12x25-g2-pwm,Noctua NF-A12x25 G2 PWM,,120mm,,アーク,,確認できず,未確認,,対象5店舗の製品検索で一致する商品URLを特定できず。取扱なし・販売終了とは判定していない
2026-10-09,ファン,fan-noctua-nf-a12x25-g2-pwm,Noctua NF-A12x25 G2 PWM,,120mm,,ツクモ,,確認できず,未確認,,対象5店舗の製品検索で一致する商品URLを特定できず。取扱なし・販売終了とは判定していない
2026-10-09,ファン,fan-noctua-nf-a12x25-g2-pwm,Noctua NF-A12x25 G2 PWM,,120mm,,ドスパラ,4390,在庫あり,購入可,https://www.dospara.co.jp/SBR738/IC550456.html,
2026-10-09,ファン,fan-noctua-nf-a12x25-g2-pwm,Noctua NF-A12x25 G2 PWM,,120mm,,パソコン工房,,確認できず,未確認,https://www.pc-koubou.jp/products/detail.php?product_id=1237804,chromax版のため指定の標準モデルとの一致未確認
2026-10-09,ファン,fan-noctua-nf-a12x25-g2-pwm,Noctua NF-A12x25 G2 PWM,,120mm,,アプライド,4980,在庫あり,購入可,https://shop.applied-net.co.jp/view/item/000000451486,
2026-10-09,ファン,fan-arctic-p12-pro-pst,ARCTIC P12 Pro PST,,120mm,,アーク,1280,在庫あり,購入可,https://www.ark-pc.co.jp/i/24301860/,
2026-10-09,ファン,fan-arctic-p12-pro-pst,ARCTIC P12 Pro PST,,120mm,,ツクモ,,在庫なし,購入不可,https://shop.tsukumo.co.jp/goods/4895265000089/,
2026-10-09,ファン,fan-arctic-p12-pro-pst,ARCTIC P12 Pro PST,,120mm,,ドスパラ,1100,在庫あり,購入可,https://www.dospara.co.jp/SBR738/IC561513.html,
2026-10-09,ファン,fan-arctic-p12-pro-pst,ARCTIC P12 Pro PST,,120mm,,パソコン工房,,確認できず,未確認,,対象5店舗の製品検索で一致する商品URLを特定できず。取扱なし・販売終了とは判定していない
2026-10-09,ファン,fan-arctic-p12-pro-pst,ARCTIC P12 Pro PST,,120mm,,アプライド,,確認できず,未確認,,対象5店舗の製品検索で一致する商品URLを特定できず。取扱なし・販売終了とは判定していない
2026-10-09,ファン,fan-scythe-wonder-snail-120-pwm,Scythe WONDER SNAIL 120 PWM(1800rpm),,120mm,,アーク,980,在庫あり,購入可,https://www.ark-pc.co.jp/i/24301222/,
2026-10-09,ファン,fan-scythe-wonder-snail-120-pwm,Scythe WONDER SNAIL 120 PWM(1800rpm),,120mm,,ツクモ,,確認できず,未確認,,対象5店舗の製品検索で一致する商品URLを特定できず。取扱なし・販売終了とは判定していない
2026-10-09,ファン,fan-scythe-wonder-snail-120-pwm,Scythe WONDER SNAIL 120 PWM(1800rpm),,120mm,,ドスパラ,,確認できず,未確認,,対象5店舗の製品検索で一致する商品URLを特定できず。取扱なし・販売終了とは判定していない
2026-10-09,ファン,fan-scythe-wonder-snail-120-pwm,Scythe WONDER SNAIL 120 PWM(1800rpm),,120mm,,パソコン工房,,確認できず,未確認,,対象5店舗の製品検索で一致する商品URLを特定できず。取扱なし・販売終了とは判定していない
2026-10-09,ファン,fan-scythe-wonder-snail-120-pwm,Scythe WONDER SNAIL 120 PWM(1800rpm),,120mm,,アプライド,,確認できず,未確認,,対象5店舗の製品検索で一致する商品URLを特定できず。取扱なし・販売終了とは判定していない
2026-10-09,ファン,fan-corsair-rs120-argb,Corsair RS120 ARGB,,120mm,,アーク,,確認できず,未確認,https://www.ark-pc.co.jp/i/24301872/,複数個パックのため単品価格として不採用
2026-10-09,ファン,fan-corsair-rs120-argb,Corsair RS120 ARGB,,120mm,,ツクモ,,確認できず,未確認,https://shop.tsukumo.co.jp/goods/0840006684176/,ホワイト版のため指定モデルの色との一致未確認
2026-10-09,ファン,fan-corsair-rs120-argb,Corsair RS120 ARGB,,120mm,,ドスパラ,,在庫なし,購入不可,https://www.dospara.co.jp/SBR738/IC565085.html,
2026-10-09,ファン,fan-corsair-rs120-argb,Corsair RS120 ARGB,,120mm,,パソコン工房,,確認できず,未確認,https://www.pc-koubou.jp/products/detail.php?product_id=1103610,商品ページの読み込み制限または取得失敗。検索でも通販価格・在庫を確定できず
2026-10-09,ファン,fan-corsair-rs120-argb,Corsair RS120 ARGB,,120mm,,アプライド,,確認できず,未確認,,対象5店舗の製品検索で一致する商品URLを特定できず。取扱なし・販売終了とは判定していない
2026-10-09,ファン,fan-noctua-nf-a14-pwm,Noctua NF-A14 PWM,,140mm,,アーク,,確認できず,未確認,,対象5店舗の製品検索で一致する商品URLを特定できず。取扱なし・販売終了とは判定していない
2026-10-09,ファン,fan-noctua-nf-a14-pwm,Noctua NF-A14 PWM,,140mm,,ツクモ,,確認できず,未確認,,対象5店舗の製品検索で一致する商品URLを特定できず。取扱なし・販売終了とは判定していない
2026-10-09,ファン,fan-noctua-nf-a14-pwm,Noctua NF-A14 PWM,,140mm,,ドスパラ,3080,在庫あり,購入可,https://www.dospara.co.jp/SBR739/IC459299.html,
2026-10-09,ファン,fan-noctua-nf-a14-pwm,Noctua NF-A14 PWM,,140mm,,パソコン工房,,確認できず,未確認,https://www.pc-koubou.jp/products/detail.php?product_id=611649,商品ページの読み込み制限または取得失敗。検索でも通販価格・在庫を確定できず
2026-10-09,ファン,fan-noctua-nf-a14-pwm,Noctua NF-A14 PWM,,140mm,,アプライド,,確認できず,未確認,https://shop.applied-net.co.jp/view/item/000000422712,chromax版のため指定の標準モデルとの一致未確認
2026-10-09,ファン,fan-sudokoo-mach140,Sudokoo MACH140,,140mm,,アーク,,確認できず,未確認,https://www.ark-pc.co.jp/i/24302018/,ホワイト版のため指定モデルの色との一致未確認
2026-10-09,ファン,fan-sudokoo-mach140,Sudokoo MACH140,,140mm,,ツクモ,,確認できず,未確認,,対象5店舗の製品検索で一致する商品URLを特定できず。取扱なし・販売終了とは判定していない
2026-10-09,ファン,fan-sudokoo-mach140,Sudokoo MACH140,,140mm,,ドスパラ,,確認できず,未確認,https://www.dospara.co.jp/SBR739/IC668879.html,ホワイト版のため指定モデルの色との一致未確認
2026-10-09,ファン,fan-sudokoo-mach140,Sudokoo MACH140,,140mm,,パソコン工房,,確認できず,未確認,https://www.pc-koubou.jp/products/detail.php?product_id=1264734,商品ページの読み込み制限または取得失敗。検索でも通販価格・在庫を確定できず
2026-10-09,ファン,fan-sudokoo-mach140,Sudokoo MACH140,,140mm,,アプライド,,確認できず,未確認,,対象5店舗の製品検索で一致する商品URLを特定できず。取扱なし・販売終了とは判定していない
2026-10-09,ファン,fan-arctic-p14-pro-pst,ARCTIC P14 Pro PST,,140mm,,アーク,1580,在庫あり,購入可,https://www.ark-pc.co.jp/i/24301864/,
2026-10-09,ファン,fan-arctic-p14-pro-pst,ARCTIC P14 Pro PST,,140mm,,ツクモ,1449,在庫あり／24時間以内に出荷,購入可,https://shop.tsukumo.co.jp/goods/4895265000386,
2026-10-09,ファン,fan-arctic-p14-pro-pst,ARCTIC P14 Pro PST,,140mm,,ドスパラ,,在庫なし,購入不可,https://www.dospara.co.jp/SBR739/IC561515.html,
2026-10-09,ファン,fan-arctic-p14-pro-pst,ARCTIC P14 Pro PST,,140mm,,パソコン工房,,在庫切れです,購入不可,https://www.pc-koubou.jp/products/detail.php?product_id=1173954,
2026-10-09,ファン,fan-arctic-p14-pro-pst,ARCTIC P14 Pro PST,,140mm,,アプライド,,確認できず,未確認,,対象5店舗の製品検索で一致する商品URLを特定できず。取扱なし・販売終了とは判定していない
2026-10-09,ファン,fan-noctua-nf-a14x25-g2-pwm,Noctua NF-A14x25 G2 PWM,,140mm,,アーク,,確認できず,未確認,,対象5店舗の製品検索で一致する商品URLを特定できず。取扱なし・販売終了とは判定していない
2026-10-09,ファン,fan-noctua-nf-a14x25-g2-pwm,Noctua NF-A14x25 G2 PWM,,140mm,,ツクモ,,確認できず,未確認,,対象5店舗の製品検索で一致する商品URLを特定できず。取扱なし・販売終了とは判定していない
2026-10-09,ファン,fan-noctua-nf-a14x25-g2-pwm,Noctua NF-A14x25 G2 PWM,,140mm,,ドスパラ,5140,在庫あり,購入可,https://www.dospara.co.jp/SBR739/IC633483.html,
2026-10-09,ファン,fan-noctua-nf-a14x25-g2-pwm,Noctua NF-A14x25 G2 PWM,,140mm,,パソコン工房,,確認できず,未確認,https://www.pc-koubou.jp/products/detail.php?product_id=1200908,chromax版のため指定の標準モデルとの一致未確認
2026-10-09,ファン,fan-noctua-nf-a14x25-g2-pwm,Noctua NF-A14x25 G2 PWM,,140mm,,アプライド,,確認できず,未確認,,対象5店舗の製品検索で一致する商品URLを特定できず。取扱なし・販売終了とは判定していない
2026-10-09,ファン,fan-scythe-kaze-flex-140-square-pwm,Scythe KAZE FLEX 140 SQUARE PWM(1200rpm),,140mm,,アーク,1280,在庫あり,購入可,https://www.ark-pc.co.jp/i/24301160/,
2026-10-09,ファン,fan-scythe-kaze-flex-140-square-pwm,Scythe KAZE FLEX 140 SQUARE PWM(1200rpm),,140mm,,ツクモ,,確認できず,未確認,,対象5店舗の製品検索で一致する商品URLを特定できず。取扱なし・販売終了とは判定していない
2026-10-09,ファン,fan-scythe-kaze-flex-140-square-pwm,Scythe KAZE FLEX 140 SQUARE PWM(1200rpm),,140mm,,ドスパラ,,確認できず,未確認,,対象5店舗の製品検索で一致する商品URLを特定できず。取扱なし・販売終了とは判定していない
2026-10-09,ファン,fan-scythe-kaze-flex-140-square-pwm,Scythe KAZE FLEX 140 SQUARE PWM(1200rpm),,140mm,,パソコン工房,,確認できず,未確認,https://www.pc-koubou.jp/products/detail.php?product_id=718120,商品ページの読み込み制限または取得失敗。検索でも通販価格・在庫を確定できず
2026-10-09,ファン,fan-scythe-kaze-flex-140-square-pwm,Scythe KAZE FLEX 140 SQUARE PWM(1200rpm),,140mm,,アプライド,,確認できず,未確認,,対象5店舗の製品検索で一致する商品URLを特定できず。取扱なし・販売終了とは判定していない
2026-10-09,ファン,fan-lian-li-uni-fan-tl-120,Lian Li UNI FAN TL 120,,120mm,,アーク,,確認できず,未確認,https://www.ark-pc.co.jp/i/24301823/,商品ページは見つかったが、通販価格と在庫を確定できず
2026-10-09,ファン,fan-lian-li-uni-fan-tl-120,Lian Li UNI FAN TL 120,,120mm,,ツクモ,,確認できず,未確認,,対象5店舗の製品検索で一致する商品URLを特定できず。取扱なし・販売終了とは判定していない
2026-10-09,ファン,fan-lian-li-uni-fan-tl-120,Lian Li UNI FAN TL 120,,120mm,,ドスパラ,,確認できず,未確認,https://www.dospara.co.jp/SBR738/IC500555.html,ホワイト版のため指定モデルの色との一致未確認
2026-10-09,ファン,fan-lian-li-uni-fan-tl-120,Lian Li UNI FAN TL 120,,120mm,,パソコン工房,,確認できず,未確認,,対象5店舗の製品検索で一致する商品URLを特定できず。取扱なし・販売終了とは判定していない
2026-10-09,ファン,fan-lian-li-uni-fan-tl-120,Lian Li UNI FAN TL 120,,120mm,,アプライド,,確認できず,未確認,,対象5店舗の製品検索で一致する商品URLを特定できず。取扱なし・販売終了とは判定していない
2026-10-09,ファン,fan-lian-li-uni-fan-tl-140,Lian Li UNI FAN TL 140,,140mm,,アーク,,確認できず,未確認,,対象5店舗の製品検索で一致する商品URLを特定できず。取扱なし・販売終了とは判定していない
2026-10-09,ファン,fan-lian-li-uni-fan-tl-140,Lian Li UNI FAN TL 140,,140mm,,ツクモ,,確認できず,未確認,,対象5店舗の製品検索で一致する商品URLを特定できず。取扱なし・販売終了とは判定していない
2026-10-09,ファン,fan-lian-li-uni-fan-tl-140,Lian Li UNI FAN TL 140,,140mm,,ドスパラ,,在庫なし,購入不可,https://www.dospara.co.jp/SBR739/IC500560.html,
2026-10-09,ファン,fan-lian-li-uni-fan-tl-140,Lian Li UNI FAN TL 140,,140mm,,パソコン工房,,確認できず,未確認,,対象5店舗の製品検索で一致する商品URLを特定できず。取扱なし・販売終了とは判定していない
2026-10-09,ファン,fan-lian-li-uni-fan-tl-140,Lian Li UNI FAN TL 140,,140mm,,アプライド,,確認できず,未確認,,対象5店舗の製品検索で一致する商品URLを特定できず。取扱なし・販売終了とは判定していない
2026-10-09,ファン,fan-arctic-p12-pro-reverse-a-rgb,ARCTIC P12 Pro Reverse A-RGB,,120mm,,アーク,,確認できず,未確認,https://www.ark-pc.co.jp/i/24301922/,ホワイト版のため指定モデルの色との一致未確認
2026-10-09,ファン,fan-arctic-p12-pro-reverse-a-rgb,ARCTIC P12 Pro Reverse A-RGB,,120mm,,ツクモ,1690,在庫あり／24時間以内に出荷,購入可,https://shop.tsukumo.co.jp/goods/4895265000591/,
2026-10-09,ファン,fan-arctic-p12-pro-reverse-a-rgb,ARCTIC P12 Pro Reverse A-RGB,,120mm,,ドスパラ,1690,在庫あり,購入可,https://www.dospara.co.jp/SBR738/IC624058.html,
2026-10-09,ファン,fan-arctic-p12-pro-reverse-a-rgb,ARCTIC P12 Pro Reverse A-RGB,,120mm,,パソコン工房,,確認できず,未確認,,対象5店舗の製品検索で一致する商品URLを特定できず。取扱なし・販売終了とは判定していない
2026-10-09,ファン,fan-arctic-p12-pro-reverse-a-rgb,ARCTIC P12 Pro Reverse A-RGB,,120mm,,アプライド,,確認できず,未確認,,対象5店舗の製品検索で一致する商品URLを特定できず。取扱なし・販売終了とは判定していない
2026-10-09,ファン,fan-corsair-icue-link-lx120-rgb,Corsair iCUE LINK LX120 RGB,,120mm,,アーク,,確認できず,未確認,https://www.ark-pc.co.jp/i/24301676/,複数個パックのため単品価格として不採用
2026-10-09,ファン,fan-corsair-icue-link-lx120-rgb,Corsair iCUE LINK LX120 RGB,,120mm,,ツクモ,,確認できず,未確認,,対象5店舗の製品検索で一致する商品URLを特定できず。取扱なし・販売終了とは判定していない
2026-10-09,ファン,fan-corsair-icue-link-lx120-rgb,Corsair iCUE LINK LX120 RGB,,120mm,,ドスパラ,,在庫なし,購入不可,https://www.dospara.co.jp/SBR738/IC563702.html,
2026-10-09,ファン,fan-corsair-icue-link-lx120-rgb,Corsair iCUE LINK LX120 RGB,,120mm,,パソコン工房,,確認できず,未確認,,対象5店舗の製品検索で一致する商品URLを特定できず。取扱なし・販売終了とは判定していない
2026-10-09,ファン,fan-corsair-icue-link-lx120-rgb,Corsair iCUE LINK LX120 RGB,,120mm,,アプライド,,確認できず,未確認,,対象5店舗の製品検索で一致する商品URLを特定できず。取扱なし・販売終了とは判定していない
2026-10-09,ファン,fan-corsair-icue-link-lx120-r-rgb-reverse,Corsair iCUE LINK LX120-R RGB,,120mm,,アーク,,確認できず,未確認,https://www.ark-pc.co.jp/i/24301741/,複数個パックのため単品価格として不採用
2026-10-09,ファン,fan-corsair-icue-link-lx120-r-rgb-reverse,Corsair iCUE LINK LX120-R RGB,,120mm,,ツクモ,,確認できず,未確認,,対象5店舗の製品検索で一致する商品URLを特定できず。取扱なし・販売終了とは判定していない
2026-10-09,ファン,fan-corsair-icue-link-lx120-r-rgb-reverse,Corsair iCUE LINK LX120-R RGB,,120mm,,ドスパラ,,確認できず,未確認,https://www.dospara.co.jp/SBR738/IC566794.html,ホワイト版のため指定モデルの色との一致未確認
2026-10-09,ファン,fan-corsair-icue-link-lx120-r-rgb-reverse,Corsair iCUE LINK LX120-R RGB,,120mm,,パソコン工房,,確認できず,未確認,https://www.pc-koubou.jp/products/detail.php?product_id=1128694,商品ページの読み込み制限または取得失敗。検索でも通販価格・在庫を確定できず
2026-10-09,ファン,fan-corsair-icue-link-lx120-r-rgb-reverse,Corsair iCUE LINK LX120-R RGB,,120mm,,アプライド,,確認できず,未確認,,対象5店舗の製品検索で一致する商品URLを特定できず。取扱なし・販売終了とは判定していない
2026-10-09,ファン,fan-corsair-icue-link-lx140-r-rgb-reverse,Corsair iCUE LINK LX140-R RGB,,140mm,,アーク,,確認できず,未確認,,対象5店舗の製品検索で一致する商品URLを特定できず。取扱なし・販売終了とは判定していない
2026-10-09,ファン,fan-corsair-icue-link-lx140-r-rgb-reverse,Corsair iCUE LINK LX140-R RGB,,140mm,,ツクモ,,確認できず,未確認,,対象5店舗の製品検索で一致する商品URLを特定できず。取扱なし・販売終了とは判定していない
2026-10-09,ファン,fan-corsair-icue-link-lx140-r-rgb-reverse,Corsair iCUE LINK LX140-R RGB,,140mm,,ドスパラ,6010,在庫あり,購入可,https://www.dospara.co.jp/SBR739/IC566792.html,
2026-10-09,ファン,fan-corsair-icue-link-lx140-r-rgb-reverse,Corsair iCUE LINK LX140-R RGB,,140mm,,パソコン工房,,確認できず,未確認,https://www.pc-koubou.jp/products/detail.php?product_id=1128700,ホワイト版のため指定モデルの色との一致未確認
2026-10-09,ファン,fan-corsair-icue-link-lx140-r-rgb-reverse,Corsair iCUE LINK LX140-R RGB,,140mm,,アプライド,,確認できず,未確認,,対象5店舗の製品検索で一致する商品URLを特定できず。取扱なし・販売終了とは判定していない
2026-10-09,ファン,fan-corsair-rs120-r-argb-reverse,Corsair RS120-R ARGB,,120mm,,アーク,,確認できず,未確認,https://www.ark-pc.co.jp/i/24301887/,ホワイト版のため指定モデルの色との一致未確認
2026-10-09,ファン,fan-corsair-rs120-r-argb-reverse,Corsair RS120-R ARGB,,120mm,,ツクモ,,確認できず,未確認,https://shop.tsukumo.co.jp/goods/0840440494652/,複数個パックのため単品価格として不採用
2026-10-09,ファン,fan-corsair-rs120-r-argb-reverse,Corsair RS120-R ARGB,,120mm,,ドスパラ,,確認できず,未確認,https://www.dospara.co.jp/SBR738/IC566799.html,ホワイト版のため指定モデルの色との一致未確認
2026-10-09,ファン,fan-corsair-rs120-r-argb-reverse,Corsair RS120-R ARGB,,120mm,,パソコン工房,,確認できず,未確認,,対象5店舗の製品検索で一致する商品URLを特定できず。取扱なし・販売終了とは判定していない
2026-10-09,ファン,fan-corsair-rs120-r-argb-reverse,Corsair RS120-R ARGB,,120mm,,アプライド,,確認できず,未確認,,対象5店舗の製品検索で一致する商品URLを特定できず。取扱なし・販売終了とは判定していない
2026-10-09,ファン,fan-be-quiet-light-wings-lx-120mm-pwm-reverse,be quiet! Light Wings LX 120mm PWM Reverse,,120mm,,アーク,,確認できず,未確認,,対象5店舗の製品検索で一致する商品URLを特定できず。取扱なし・販売終了とは判定していない
2026-10-09,ファン,fan-be-quiet-light-wings-lx-120mm-pwm-reverse,be quiet! Light Wings LX 120mm PWM Reverse,,120mm,,ツクモ,,確認できず,未確認,,対象5店舗の製品検索で一致する商品URLを特定できず。取扱なし・販売終了とは判定していない
2026-10-09,ファン,fan-be-quiet-light-wings-lx-120mm-pwm-reverse,be quiet! Light Wings LX 120mm PWM Reverse,,120mm,,ドスパラ,,確認できず,未確認,,対象5店舗の製品検索で一致する商品URLを特定できず。取扱なし・販売終了とは判定していない
2026-10-09,ファン,fan-be-quiet-light-wings-lx-120mm-pwm-reverse,be quiet! Light Wings LX 120mm PWM Reverse,,120mm,,パソコン工房,,確認できず,未確認,,対象5店舗の製品検索で一致する商品URLを特定できず。取扱なし・販売終了とは判定していない
2026-10-09,ファン,fan-be-quiet-light-wings-lx-120mm-pwm-reverse,be quiet! Light Wings LX 120mm PWM Reverse,,120mm,,アプライド,,確認できず,未確認,,対象5店舗の製品検索で一致する商品URLを特定できず。取扱なし・販売終了とは判定していない
2026-10-09,ファン,fan-deepcool-ft12,DeepCool FT12,,120mm,,アーク,,確認できず,未確認,https://www.ark-pc.co.jp/i/24301693/,商品ページの読み込み制限または取得失敗。検索でも通販価格・在庫を確定できず
2026-10-09,ファン,fan-deepcool-ft12,DeepCool FT12,,120mm,,ツクモ,3780,在庫あり／24時間以内に出荷,購入可,https://shop.tsukumo.co.jp/goods/6933412710769,
2026-10-09,ファン,fan-deepcool-ft12,DeepCool FT12,,120mm,,ドスパラ,,確認できず,未確認,,対象5店舗の製品検索で一致する商品URLを特定できず。取扱なし・販売終了とは判定していない
2026-10-09,ファン,fan-deepcool-ft12,DeepCool FT12,,120mm,,パソコン工房,,確認できず,未確認,,対象5店舗の製品検索で一致する商品URLを特定できず。取扱なし・販売終了とは判定していない
2026-10-09,ファン,fan-deepcool-ft12,DeepCool FT12,,120mm,,アプライド,,確認できず,未確認,,対象5店舗の製品検索で一致する商品URLを特定できず。取扱なし・販売終了とは判定していない
2026-10-09,ファン,fan-noctua-nf-a12x15-pwm,Noctua NF-A12x15 PWM,,120mm,,アーク,2780,在庫あり,購入可,https://www.ark-pc.co.jp/i/24350093/,
2026-10-09,ファン,fan-noctua-nf-a12x15-pwm,Noctua NF-A12x15 PWM,,120mm,,ツクモ,,確認できず,未確認,,対象5店舗の製品検索で一致する商品URLを特定できず。取扱なし・販売終了とは判定していない
2026-10-09,ファン,fan-noctua-nf-a12x15-pwm,Noctua NF-A12x15 PWM,,120mm,,ドスパラ,,在庫なし,購入不可,https://www.dospara.co.jp/SBR738/IC465925.html,
2026-10-09,ファン,fan-noctua-nf-a12x15-pwm,Noctua NF-A12x15 PWM,,120mm,,パソコン工房,,確認できず,未確認,https://www.pc-koubou.jp/products/detail.php?product_id=592461,商品ページの読み込み制限または取得失敗。検索でも通販価格・在庫を確定できず
2026-10-09,ファン,fan-noctua-nf-a12x15-pwm,Noctua NF-A12x15 PWM,,120mm,,アプライド,,確認できず,未確認,,対象5店舗の製品検索で一致する商品URLを特定できず。取扱なし・販売終了とは判定していない
2026-10-09,ファン,fan-noctua-nf-s12a-pwm,Noctua NF-S12A PWM,,120mm,,アーク,2970,在庫あり,購入可,https://www.ark-pc.co.jp/i/24350117/,
2026-10-09,ファン,fan-noctua-nf-s12a-pwm,Noctua NF-S12A PWM,,120mm,,ツクモ,,確認できず,未確認,,対象5店舗の製品検索で一致する商品URLを特定できず。取扱なし・販売終了とは判定していない
2026-10-09,ファン,fan-noctua-nf-s12a-pwm,Noctua NF-S12A PWM,,120mm,,ドスパラ,,確認できず,未確認,https://www.dospara.co.jp/SBR738/IC615970.html,chromax版のため指定の標準モデルとの一致未確認
2026-10-09,ファン,fan-noctua-nf-s12a-pwm,Noctua NF-S12A PWM,,120mm,,パソコン工房,,確認できず,未確認,https://www.pc-koubou.jp/products/detail.php?product_id=592964,商品ページの読み込み制限または取得失敗。検索でも通販価格・在庫を確定できず
2026-10-09,ファン,fan-noctua-nf-s12a-pwm,Noctua NF-S12A PWM,,120mm,,アプライド,,確認できず,未確認,https://shop.applied-net.co.jp/view/item/000000422719,chromax版のため指定の標準モデルとの一致未確認
2026-10-09,ケース,case-h500g2-kgnn-s00,Cooler Master HAF II 500,H500G2-KGNN-S00,,,アーク,,在庫なし,購入不可,https://www.ark-pc.co.jp/i/15202343/,
2026-10-09,ケース,case-h500g2-kgnn-s00,Cooler Master HAF II 500,H500G2-KGNN-S00,,,ツクモ,29800,在庫わずか／24時間以内に出荷,購入可,https://shop.tsukumo.co.jp/goods/4719512169537/,
2026-10-09,ケース,case-h500g2-kgnn-s00,Cooler Master HAF II 500,H500G2-KGNN-S00,,,ドスパラ,27091,在庫あり,購入可,https://www.dospara.co.jp/SBR447/IC667456.html,
2026-10-09,ケース,case-h500g2-kgnn-s00,Cooler Master HAF II 500,H500G2-KGNN-S00,,,パソコン工房,,在庫なし,購入不可,https://www.pc-koubou.jp/products/detail.php?product_id=1261491,
2026-10-09,ケース,case-h500g2-kgnn-s00,Cooler Master HAF II 500,H500G2-KGNN-S00,,,アプライド,,売り切れ,購入不可,https://shop.applied-net.co.jp/view/item/000000452258,
2026-10-09,GPU,gpu-asus-rog-astral-oc-rtx-5090,ASUS ROG Astral OC RTX 5090,,RTX 5090,,アーク,,在庫なし,購入不可,https://www.ark-pc.co.jp/i/20107461/,32GBモデル
2026-10-09,GPU,gpu-asus-rog-astral-oc-rtx-5090,ASUS ROG Astral OC RTX 5090,,RTX 5090,,ツクモ,,在庫なし,購入不可,https://shop.tsukumo.co.jp/goods/0197105920811/,32GBモデル
2026-10-09,GPU,gpu-asus-rog-astral-oc-rtx-5090,ASUS ROG Astral OC RTX 5090,,RTX 5090,,ドスパラ,,在庫なし,購入不可,https://www.dospara.co.jp/SBR1892/IC520316.html,32GBモデル
2026-10-09,GPU,gpu-asus-rog-astral-oc-rtx-5090,ASUS ROG Astral OC RTX 5090,,RTX 5090,,パソコン工房,,確認できず,未確認,https://www.pc-koubou.jp/products/detail.php?product_id=1151821,商品候補のページ表示を取得できず、税込価格・通販在庫を確定できず
2026-10-09,GPU,gpu-asus-rog-astral-oc-rtx-5090,ASUS ROG Astral OC RTX 5090,,RTX 5090,,アプライド,,確認できず,未確認,,指定店舗の検索と追加検索で一致商品URLを特定できず。取扱なし・販売終了とは断定していない
2026-10-09,GPU,gpu-asus-tuf-gaming-oc-rtx-5090,ASUS TUF Gaming OC RTX 5090,,RTX 5090,,アーク,,在庫なし,購入不可,https://www.ark-pc.co.jp/i/20107473/,32GBモデル
2026-10-09,GPU,gpu-asus-tuf-gaming-oc-rtx-5090,ASUS TUF Gaming OC RTX 5090,,RTX 5090,,ツクモ,,在庫なし,購入不可,https://shop.tsukumo.co.jp/goods/0197105890329/,32GBモデル
2026-10-09,GPU,gpu-asus-tuf-gaming-oc-rtx-5090,ASUS TUF Gaming OC RTX 5090,,RTX 5090,,ドスパラ,,在庫なし,購入不可,https://www.dospara.co.jp/SBR1892/IC521875.html,32GBモデル
2026-10-09,GPU,gpu-asus-tuf-gaming-oc-rtx-5090,ASUS TUF Gaming OC RTX 5090,,RTX 5090,,パソコン工房,,確認できず,未確認,https://www.pc-koubou.jp/products/detail.php?product_id=1151822,商品候補のページ表示を取得できず、税込価格・通販在庫を確定できず
2026-10-09,GPU,gpu-asus-tuf-gaming-oc-rtx-5090,ASUS TUF Gaming OC RTX 5090,,RTX 5090,,アプライド,,確認できず,未確認,,指定店舗の検索と追加検索で一致商品URLを特定できず。取扱なし・販売終了とは断定していない
2026-10-09,GPU,gpu-msi-vanguard-soc-rtx-5090,MSI VANGUARD SOC RTX 5090,,RTX 5090,,アーク,,取扱終了,取扱終了,https://www.ark-pc.co.jp/i/20107446/,32GBモデル／取得元クロール: last month
2026-10-09,GPU,gpu-msi-vanguard-soc-rtx-5090,MSI VANGUARD SOC RTX 5090,,RTX 5090,,ツクモ,,在庫なし,購入不可,https://shop.tsukumo.co.jp/goods/4711377302500/,
2026-10-09,GPU,gpu-msi-vanguard-soc-rtx-5090,MSI VANGUARD SOC RTX 5090,,RTX 5090,,ドスパラ,,在庫なし,購入不可,https://www.dospara.co.jp/SBR1892/IC520166.html,32GBモデル
2026-10-09,GPU,gpu-msi-vanguard-soc-rtx-5090,MSI VANGUARD SOC RTX 5090,,RTX 5090,,パソコン工房,,確認できず,未確認,,指定店舗の検索と追加検索で一致商品URLを特定できず。取扱なし・販売終了とは断定していない
2026-10-09,GPU,gpu-msi-vanguard-soc-rtx-5090,MSI VANGUARD SOC RTX 5090,,RTX 5090,,アプライド,,確認できず,未確認,,指定店舗の検索と追加検索で一致商品URLを特定できず。取扱なし・販売終了とは断定していない
2026-10-09,GPU,gpu-msi-gaming-trio-oc-rtx-5090,MSI GAMING TRIO OC RTX 5090,,RTX 5090,,アーク,,在庫なし,購入不可,https://www.ark-pc.co.jp/i/20107448/,32GBモデル／取得元クロール: yesterday
2026-10-09,GPU,gpu-msi-gaming-trio-oc-rtx-5090,MSI GAMING TRIO OC RTX 5090,,RTX 5090,,ツクモ,,在庫なし,購入不可,https://shop.tsukumo.co.jp/goods/4711377302456/,
2026-10-09,GPU,gpu-msi-gaming-trio-oc-rtx-5090,MSI GAMING TRIO OC RTX 5090,,RTX 5090,,ドスパラ,,在庫なし,購入不可,https://www.dospara.co.jp/SBR1892/IC520167.html,32GBモデル
2026-10-09,GPU,gpu-msi-gaming-trio-oc-rtx-5090,MSI GAMING TRIO OC RTX 5090,,RTX 5090,,パソコン工房,,確認できず,未確認,,指定店舗の検索と追加検索で一致商品URLを特定できず。取扱なし・販売終了とは断定していない
2026-10-09,GPU,gpu-msi-gaming-trio-oc-rtx-5090,MSI GAMING TRIO OC RTX 5090,,RTX 5090,,アプライド,,確認できず,未確認,,指定店舗の検索と追加検索で一致商品URLを特定できず。取扱なし・販売終了とは断定していない
2026-10-09,GPU,gpu-msi-ventus-3x-oc-rtx-5090,MSI VENTUS 3X OC RTX 5090,,RTX 5090,,アーク,,最新在庫未確認,未確認,https://www.ark-pc.co.jp/i/20107449/,取得元クロール: 2 days ago。旧日付の検索取得ページのため最新価格・在庫は未確認
2026-10-09,GPU,gpu-msi-ventus-3x-oc-rtx-5090,MSI VENTUS 3X OC RTX 5090,,RTX 5090,,ツクモ,,在庫なし,購入不可,https://shop.tsukumo.co.jp/goods/4711377301633/,
2026-10-09,GPU,gpu-msi-ventus-3x-oc-rtx-5090,MSI VENTUS 3X OC RTX 5090,,RTX 5090,,ドスパラ,,在庫なし,購入不可,https://www.dospara.co.jp/SBR1892/IC520168.html,32GBモデル
2026-10-09,GPU,gpu-msi-ventus-3x-oc-rtx-5090,MSI VENTUS 3X OC RTX 5090,,RTX 5090,,パソコン工房,,確認できず,未確認,https://www.pc-koubou.jp/products/detail.php?product_id=1124259,商品候補のページ表示を取得できず、税込価格・通販在庫を確定できず
2026-10-09,GPU,gpu-msi-ventus-3x-oc-rtx-5090,MSI VENTUS 3X OC RTX 5090,,RTX 5090,,アプライド,,確認できず,未確認,,指定店舗の検索と追加検索で一致商品URLを特定できず。取扱なし・販売終了とは断定していない
2026-10-09,GPU,gpu-gigabyte-aorus-master-rtx-5090,GIGABYTE AORUS MASTER RTX 5090,,RTX 5090,,アーク,,在庫なし,購入不可,https://www.ark-pc.co.jp/i/20107483/,32GBモデル
2026-10-09,GPU,gpu-gigabyte-aorus-master-rtx-5090,GIGABYTE AORUS MASTER RTX 5090,,RTX 5090,,ツクモ,,在庫なし,購入不可,https://shop.tsukumo.co.jp/goods/4719331762681/,32GBモデル
2026-10-09,GPU,gpu-gigabyte-aorus-master-rtx-5090,GIGABYTE AORUS MASTER RTX 5090,,RTX 5090,,ドスパラ,,確認できず,未確認,,指定店舗の検索と追加検索で一致商品URLを特定できず。取扱なし・販売終了とは断定していない
2026-10-09,GPU,gpu-gigabyte-aorus-master-rtx-5090,GIGABYTE AORUS MASTER RTX 5090,,RTX 5090,,パソコン工房,,確認できず,未確認,,指定店舗の検索と追加検索で一致商品URLを特定できず。取扱なし・販売終了とは断定していない
2026-10-09,GPU,gpu-gigabyte-aorus-master-rtx-5090,GIGABYTE AORUS MASTER RTX 5090,,RTX 5090,,アプライド,,売り切れ,購入不可,https://shop.applied-net.co.jp/view/item/000000446559?category_page_id=ct2747,32GBモデル
2026-10-09,GPU,gpu-gigabyte-gaming-oc-rtx-5090,GIGABYTE GAMING OC RTX 5090,,RTX 5090,,アーク,,確認できず,未確認,,指定店舗の検索と追加検索で一致商品URLを特定できず。取扱なし・販売終了とは断定していない
2026-10-09,GPU,gpu-gigabyte-gaming-oc-rtx-5090,GIGABYTE GAMING OC RTX 5090,,RTX 5090,,ツクモ,,在庫なし,購入不可,https://shop.tsukumo.co.jp/goods/4988755071147/,
2026-10-09,GPU,gpu-gigabyte-gaming-oc-rtx-5090,GIGABYTE GAMING OC RTX 5090,,RTX 5090,,ドスパラ,,在庫なし,購入不可,https://www.dospara.co.jp/SBR1892/IC520442.html,32GBモデル
2026-10-09,GPU,gpu-gigabyte-gaming-oc-rtx-5090,GIGABYTE GAMING OC RTX 5090,,RTX 5090,,パソコン工房,,確認できず,未確認,,指定店舗の検索と追加検索で一致商品URLを特定できず。取扱なし・販売終了とは断定していない
2026-10-09,GPU,gpu-gigabyte-gaming-oc-rtx-5090,GIGABYTE GAMING OC RTX 5090,,RTX 5090,,アプライド,,確認できず,未確認,,指定店舗の検索と追加検索で一致商品URLを特定できず。取扱なし・販売終了とは断定していない
2026-10-09,GPU,gpu-gigabyte-windforce-oc-rtx-5090,GIGABYTE WINDFORCE OC RTX 5090,,RTX 5090,,アーク,,在庫なし,購入不可,https://www.ark-pc.co.jp/i/20107630/,32GBモデル
2026-10-09,GPU,gpu-gigabyte-windforce-oc-rtx-5090,GIGABYTE WINDFORCE OC RTX 5090,,RTX 5090,,ツクモ,,在庫なし,購入不可,https://shop.tsukumo.co.jp/goods/4988755071420/,
2026-10-09,GPU,gpu-gigabyte-windforce-oc-rtx-5090,GIGABYTE WINDFORCE OC RTX 5090,,RTX 5090,,ドスパラ,,確認できず,未確認,,指定店舗の検索と追加検索で一致商品URLを特定できず。取扱なし・販売終了とは断定していない
2026-10-09,GPU,gpu-gigabyte-windforce-oc-rtx-5090,GIGABYTE WINDFORCE OC RTX 5090,,RTX 5090,,パソコン工房,,確認できず,未確認,,指定店舗の検索と追加検索で一致商品URLを特定できず。取扱なし・販売終了とは断定していない
2026-10-09,GPU,gpu-gigabyte-windforce-oc-rtx-5090,GIGABYTE WINDFORCE OC RTX 5090,,RTX 5090,,アプライド,,確認できず,未確認,,指定店舗の検索と追加検索で一致商品URLを特定できず。取扱なし・販売終了とは断定していない
2026-10-09,GPU,gpu-zotac-amp-extreme-infinity-rtx-5090,ZOTAC AMP Extreme INFINITY RTX 5090,,RTX 5090,,アーク,,取扱終了,取扱終了,https://www.ark-pc.co.jp/i/20107431/,32GBモデル／取得元クロール: yesterday
2026-10-09,GPU,gpu-zotac-amp-extreme-infinity-rtx-5090,ZOTAC AMP Extreme INFINITY RTX 5090,,RTX 5090,,ツクモ,,在庫なし,購入不可,https://shop.tsukumo.co.jp/goods/4537694357821/,
2026-10-09,GPU,gpu-zotac-amp-extreme-infinity-rtx-5090,ZOTAC AMP Extreme INFINITY RTX 5090,,RTX 5090,,ドスパラ,,在庫なし,購入不可,https://www.dospara.co.jp/SBR1892/IC522498.html,32GBモデル
2026-10-09,GPU,gpu-zotac-amp-extreme-infinity-rtx-5090,ZOTAC AMP Extreme INFINITY RTX 5090,,RTX 5090,,パソコン工房,,確認できず,未確認,,指定店舗の検索と追加検索で一致商品URLを特定できず。取扱なし・販売終了とは断定していない
2026-10-09,GPU,gpu-zotac-amp-extreme-infinity-rtx-5090,ZOTAC AMP Extreme INFINITY RTX 5090,,RTX 5090,,アプライド,,確認できず,未確認,,指定店舗の検索と追加検索で一致商品URLを特定できず。取扱なし・販売終了とは断定していない
2026-10-09,GPU,gpu-zotac-solid-oc-rtx-5090,ZOTAC SOLID OC RTX 5090,,RTX 5090,,アーク,,最新在庫未確認,未確認,https://www.ark-pc.co.jp/i/20107432/,取得元クロール: 4 weeks ago。旧日付の検索取得ページのため最新価格・在庫は未確認
2026-10-09,GPU,gpu-zotac-solid-oc-rtx-5090,ZOTAC SOLID OC RTX 5090,,RTX 5090,,ツクモ,,在庫なし,購入不可,https://shop.tsukumo.co.jp/goods/4537694357838/,
2026-10-09,GPU,gpu-zotac-solid-oc-rtx-5090,ZOTAC SOLID OC RTX 5090,,RTX 5090,,ドスパラ,,在庫なし,購入不可,https://www.dospara.co.jp/SBR1892/IC520317.html,32GBモデル
2026-10-09,GPU,gpu-zotac-solid-oc-rtx-5090,ZOTAC SOLID OC RTX 5090,,RTX 5090,,パソコン工房,,確認できず,未確認,,指定店舗の検索と追加検索で一致商品URLを特定できず。取扱なし・販売終了とは断定していない
2026-10-09,GPU,gpu-zotac-solid-oc-rtx-5090,ZOTAC SOLID OC RTX 5090,,RTX 5090,,アプライド,,確認できず,未確認,,指定店舗の検索と追加検索で一致商品URLを特定できず。取扱なし・販売終了とは断定していない
2026-10-09,GPU,gpu-inno3d-ichill-x3-rtx-5090,Inno3D iCHILL X3 RTX 5090,,RTX 5090,,アーク,,確認できず,未確認,,指定店舗の検索と追加検索で一致商品URLを特定できず。取扱なし・販売終了とは断定していない
2026-10-09,GPU,gpu-inno3d-ichill-x3-rtx-5090,Inno3D iCHILL X3 RTX 5090,,RTX 5090,,ツクモ,,確認できず,未確認,,指定店舗の検索と追加検索で一致商品URLを特定できず。取扱なし・販売終了とは断定していない
2026-10-09,GPU,gpu-inno3d-ichill-x3-rtx-5090,Inno3D iCHILL X3 RTX 5090,,RTX 5090,,ドスパラ,,確認できず,未確認,,指定店舗の検索と追加検索で一致商品URLを特定できず。取扱なし・販売終了とは断定していない
2026-10-09,GPU,gpu-inno3d-ichill-x3-rtx-5090,Inno3D iCHILL X3 RTX 5090,,RTX 5090,,パソコン工房,,確認できず,未確認,,指定店舗の検索と追加検索で一致商品URLを特定できず。取扱なし・販売終了とは断定していない
2026-10-09,GPU,gpu-inno3d-ichill-x3-rtx-5090,Inno3D iCHILL X3 RTX 5090,,RTX 5090,,アプライド,,確認できず,未確認,,指定店舗の検索と追加検索で一致商品URLを特定できず。取扱なし・販売終了とは断定していない
2026-10-09,GPU,gpu-inno3d-x3-rtx-5090,Inno3D X3 RTX 5090,,RTX 5090,,アーク,,確認できず,未確認,,指定店舗の検索と追加検索で一致商品URLを特定できず。取扱なし・販売終了とは断定していない
2026-10-09,GPU,gpu-inno3d-x3-rtx-5090,Inno3D X3 RTX 5090,,RTX 5090,,ツクモ,,在庫なし,購入不可,https://shop.tsukumo.co.jp/goods/4524076042673/,
2026-10-09,GPU,gpu-inno3d-x3-rtx-5090,Inno3D X3 RTX 5090,,RTX 5090,,ドスパラ,,確認できず,未確認,,指定店舗の検索と追加検索で一致商品URLを特定できず。取扱なし・販売終了とは断定していない
2026-10-09,GPU,gpu-inno3d-x3-rtx-5090,Inno3D X3 RTX 5090,,RTX 5090,,パソコン工房,,確認できず,未確認,,指定店舗の検索と追加検索で一致商品URLを特定できず。取扱なし・販売終了とは断定していない
2026-10-09,GPU,gpu-inno3d-x3-rtx-5090,Inno3D X3 RTX 5090,,RTX 5090,,アプライド,,確認できず,未確認,,指定店舗の検索と追加検索で一致商品URLを特定できず。取扱なし・販売終了とは断定していない
2026-10-09,GPU,gpu-pny-overclocked-triple-fan-rtx-5090,PNY Overclocked Triple Fan RTX 5090,,RTX 5090,,アーク,,取扱終了,取扱終了,https://www.ark-pc.co.jp/i/20107611/,32GBモデル／取得元クロール: 4 weeks ago
2026-10-09,GPU,gpu-pny-overclocked-triple-fan-rtx-5090,PNY Overclocked Triple Fan RTX 5090,,RTX 5090,,ツクモ,,在庫なし,購入不可,https://shop.tsukumo.co.jp/goods/0751492794228/,32GBモデル
2026-10-09,GPU,gpu-pny-overclocked-triple-fan-rtx-5090,PNY Overclocked Triple Fan RTX 5090,,RTX 5090,,ドスパラ,,確認できず,未確認,,指定店舗の検索と追加検索で一致商品URLを特定できず。取扱なし・販売終了とは断定していない
2026-10-09,GPU,gpu-pny-overclocked-triple-fan-rtx-5090,PNY Overclocked Triple Fan RTX 5090,,RTX 5090,,パソコン工房,,確認できず,未確認,,指定店舗の検索と追加検索で一致商品URLを特定できず。取扱なし・販売終了とは断定していない
2026-10-09,GPU,gpu-pny-overclocked-triple-fan-rtx-5090,PNY Overclocked Triple Fan RTX 5090,,RTX 5090,,アプライド,,確認できず,未確認,,指定店舗の検索と追加検索で一致商品URLを特定できず。取扱なし・販売終了とは断定していない
2026-10-09,GPU,gpu-nvidia-founders-edition-rtx-5090,NVIDIA Founders Edition RTX 5090,,RTX 5090,,アーク,,確認できず,未確認,,指定店舗の検索と追加検索で一致商品URLを特定できず。取扱なし・販売終了とは断定していない
2026-10-09,GPU,gpu-nvidia-founders-edition-rtx-5090,NVIDIA Founders Edition RTX 5090,,RTX 5090,,ツクモ,,確認できず,未確認,,指定店舗の検索と追加検索で一致商品URLを特定できず。取扱なし・販売終了とは断定していない
2026-10-09,GPU,gpu-nvidia-founders-edition-rtx-5090,NVIDIA Founders Edition RTX 5090,,RTX 5090,,ドスパラ,,確認できず,未確認,,指定店舗の検索と追加検索で一致商品URLを特定できず。取扱なし・販売終了とは断定していない
2026-10-09,GPU,gpu-nvidia-founders-edition-rtx-5090,NVIDIA Founders Edition RTX 5090,,RTX 5090,,パソコン工房,,確認できず,未確認,,指定店舗の検索と追加検索で一致商品URLを特定できず。取扱なし・販売終了とは断定していない
2026-10-09,GPU,gpu-nvidia-founders-edition-rtx-5090,NVIDIA Founders Edition RTX 5090,,RTX 5090,,アプライド,,確認できず,未確認,,指定店舗の検索と追加検索で一致商品URLを特定できず。取扱なし・販売終了とは断定していない
2026-10-09,GPU,gpu-asus-rog-astral-oc-rtx-5080,ASUS ROG Astral OC RTX 5080,,RTX 5080,,アーク,,在庫なし,購入不可,https://www.ark-pc.co.jp/i/20107423/,16GBモデル
2026-10-09,GPU,gpu-asus-rog-astral-oc-rtx-5080,ASUS ROG Astral OC RTX 5080,,RTX 5080,,ツクモ,416799,在庫わずか／24時間以内に出荷,購入可,https://shop.tsukumo.co.jp/goods/0197105837911/,16GBモデル
2026-10-09,GPU,gpu-asus-rog-astral-oc-rtx-5080,ASUS ROG Astral OC RTX 5080,,RTX 5080,,ドスパラ,,在庫なし,購入不可,https://www.dospara.co.jp/SBR1892/IC519234.html,16GBモデル
2026-10-09,GPU,gpu-asus-rog-astral-oc-rtx-5080,ASUS ROG Astral OC RTX 5080,,RTX 5080,,パソコン工房,,最新在庫未確認,未確認,https://www.pc-koubou.jp/products/detail.php?product_id=1158620,取得元クロール: 2 weeks ago。旧日付の検索取得ページのため最新価格・在庫は未確認
2026-10-09,GPU,gpu-asus-rog-astral-oc-rtx-5080,ASUS ROG Astral OC RTX 5080,,RTX 5080,,アプライド,,確認できず,未確認,,指定店舗の検索と追加検索で一致商品URLを特定できず。取扱なし・販売終了とは断定していない
2026-10-09,GPU,gpu-asus-prime-oc-rtx-5080,ASUS PRIME OC RTX 5080,,RTX 5080,,アーク,,在庫なし,購入不可,https://www.ark-pc.co.jp/i/20107425/,16GBモデル
2026-10-09,GPU,gpu-asus-prime-oc-rtx-5080,ASUS PRIME OC RTX 5080,,RTX 5080,,ツクモ,331800,在庫わずか／24時間以内に出荷,購入可,https://shop.tsukumo.co.jp/goods/0197105837782/,16GBモデル
2026-10-09,GPU,gpu-asus-prime-oc-rtx-5080,ASUS PRIME OC RTX 5080,,RTX 5080,,ドスパラ,,在庫なし,購入不可,https://www.dospara.co.jp/SBR1892/IC519236.html,16GBモデル
2026-10-09,GPU,gpu-asus-prime-oc-rtx-5080,ASUS PRIME OC RTX 5080,,RTX 5080,,パソコン工房,331800,当日出荷 【28†Image: 当日出荷対応商品】【29†?】,購入可,https://www.pc-koubou.jp/products/detail.php?product_id=1124240,16GBモデル
2026-10-09,GPU,gpu-asus-prime-oc-rtx-5080,ASUS PRIME OC RTX 5080,,RTX 5080,,アプライド,,確認できず,未確認,,指定店舗の検索と追加検索で一致商品URLを特定できず。取扱なし・販売終了とは断定していない
2026-10-09,GPU,gpu-msi-vanguard-soc-rtx-5080,MSI VANGUARD SOC RTX 5080,,RTX 5080,,アーク,,取扱終了,取扱終了,https://www.ark-pc.co.jp/i/20107452/,16GBモデル／取得元クロール: last month
2026-10-09,GPU,gpu-msi-vanguard-soc-rtx-5080,MSI VANGUARD SOC RTX 5080,,RTX 5080,,ツクモ,,在庫なし,購入不可,https://shop.tsukumo.co.jp/goods/4711377296960/,
2026-10-09,GPU,gpu-msi-vanguard-soc-rtx-5080,MSI VANGUARD SOC RTX 5080,,RTX 5080,,ドスパラ,,在庫なし,購入不可,https://www.dospara.co.jp/SBR1892/IC520171.html,16GBモデル
2026-10-09,GPU,gpu-msi-vanguard-soc-rtx-5080,MSI VANGUARD SOC RTX 5080,,RTX 5080,,パソコン工房,,確認できず,未確認,,指定店舗の検索と追加検索で一致商品URLを特定できず。取扱なし・販売終了とは断定していない
2026-10-09,GPU,gpu-msi-vanguard-soc-rtx-5080,MSI VANGUARD SOC RTX 5080,,RTX 5080,,アプライド,,確認できず,未確認,,指定店舗の検索と追加検索で一致商品URLを特定できず。取扱なし・販売終了とは断定していない
2026-10-09,GPU,gpu-msi-gaming-trio-oc-rtx-5080,MSI GAMING TRIO OC RTX 5080,,RTX 5080,,アーク,305800,在庫あり,購入可,https://www.ark-pc.co.jp/i/20107455/,16GBモデル
2026-10-09,GPU,gpu-msi-gaming-trio-oc-rtx-5080,MSI GAMING TRIO OC RTX 5080,,RTX 5080,,ツクモ,305800,在庫わずか／24時間以内に出荷,購入可,https://shop.tsukumo.co.jp/goods/4711377292160/,
2026-10-09,GPU,gpu-msi-gaming-trio-oc-rtx-5080,MSI GAMING TRIO OC RTX 5080,,RTX 5080,,ドスパラ,305800,在庫あり,購入可,https://www.dospara.co.jp/SBR1892/IC520173.html,16GBモデル
2026-10-09,GPU,gpu-msi-gaming-trio-oc-rtx-5080,MSI GAMING TRIO OC RTX 5080,,RTX 5080,,パソコン工房,,確認できず,未確認,,指定店舗の検索と追加検索で一致商品URLを特定できず。取扱なし・販売終了とは断定していない
2026-10-09,GPU,gpu-msi-gaming-trio-oc-rtx-5080,MSI GAMING TRIO OC RTX 5080,,RTX 5080,,アプライド,,確認できず,未確認,,指定店舗の検索と追加検索で一致商品URLを特定できず。取扱なし・販売終了とは断定していない
2026-10-09,GPU,gpu-msi-ventus-3x-oc-rtx-5080,MSI VENTUS 3X OC RTX 5080,,RTX 5080,,アーク,295801,在庫あり,購入可,https://www.ark-pc.co.jp/i/20107457/,16GBモデル
2026-10-09,GPU,gpu-msi-ventus-3x-oc-rtx-5080,MSI VENTUS 3X OC RTX 5080,,RTX 5080,,ツクモ,295799,在庫わずか／24時間以内に出荷,購入可,https://shop.tsukumo.co.jp/goods/4711377309219/,
2026-10-09,GPU,gpu-msi-ventus-3x-oc-rtx-5080,MSI VENTUS 3X OC RTX 5080,,RTX 5080,,ドスパラ,295799,在庫あり,購入可,https://www.dospara.co.jp/SBR1892/IC520176.html,16GBモデル
2026-10-09,GPU,gpu-msi-ventus-3x-oc-rtx-5080,MSI VENTUS 3X OC RTX 5080,,RTX 5080,,パソコン工房,295799,当日出荷 【30†Image: 当日出荷対応商品】【31†?】,購入可,https://www.pc-koubou.jp/products/detail.php?product_id=1124264,
2026-10-09,GPU,gpu-msi-ventus-3x-oc-rtx-5080,MSI VENTUS 3X OC RTX 5080,,RTX 5080,,アプライド,,確認できず,未確認,,指定店舗の検索と追加検索で一致商品URLを特定できず。取扱なし・販売終了とは断定していない
2026-10-09,GPU,gpu-msi-inspire-3x-oc-rtx-5080,MSI INSPIRE 3X OC RTX 5080,,RTX 5080,,アーク,,確認できず,未確認,,指定店舗の検索と追加検索で一致商品URLを特定できず。取扱なし・販売終了とは断定していない
2026-10-09,GPU,gpu-msi-inspire-3x-oc-rtx-5080,MSI INSPIRE 3X OC RTX 5080,,RTX 5080,,ツクモ,,確認できず,未確認,,指定店舗の検索と追加検索で一致商品URLを特定できず。取扱なし・販売終了とは断定していない
2026-10-09,GPU,gpu-msi-inspire-3x-oc-rtx-5080,MSI INSPIRE 3X OC RTX 5080,,RTX 5080,,ドスパラ,,確認できず,未確認,,指定店舗の検索と追加検索で一致商品URLを特定できず。取扱なし・販売終了とは断定していない
2026-10-09,GPU,gpu-msi-inspire-3x-oc-rtx-5080,MSI INSPIRE 3X OC RTX 5080,,RTX 5080,,パソコン工房,,確認できず,未確認,,指定店舗の検索と追加検索で一致商品URLを特定できず。取扱なし・販売終了とは断定していない
2026-10-09,GPU,gpu-msi-inspire-3x-oc-rtx-5080,MSI INSPIRE 3X OC RTX 5080,,RTX 5080,,アプライド,,確認できず,未確認,,指定店舗の検索と追加検索で一致商品URLを特定できず。取扱なし・販売終了とは断定していない
2026-10-09,GPU,gpu-gigabyte-aorus-master-rtx-5080,GIGABYTE AORUS MASTER RTX 5080,,RTX 5080,,アーク,,最新在庫未確認,未確認,https://www.ark-pc.co.jp/i/20107460/,取得元クロール: last week。旧日付の検索取得ページのため最新価格・在庫は未確認
2026-10-09,GPU,gpu-gigabyte-aorus-master-rtx-5080,GIGABYTE AORUS MASTER RTX 5080,,RTX 5080,,ツクモ,600000,在庫あり,購入可,https://shop.tsukumo.co.jp/goods/4719331762131/,32GBモデル
2026-10-09,GPU,gpu-gigabyte-aorus-master-rtx-5080,GIGABYTE AORUS MASTER RTX 5080,,RTX 5080,,ドスパラ,,確認できず,未確認,,指定店舗の検索と追加検索で一致商品URLを特定できず。取扱なし・販売終了とは断定していない
2026-10-09,GPU,gpu-gigabyte-aorus-master-rtx-5080,GIGABYTE AORUS MASTER RTX 5080,,RTX 5080,,パソコン工房,,確認できず,未確認,,指定店舗の検索と追加検索で一致商品URLを特定できず。取扱なし・販売終了とは断定していない
2026-10-09,GPU,gpu-gigabyte-aorus-master-rtx-5080,GIGABYTE AORUS MASTER RTX 5080,,RTX 5080,,アプライド,558800,在庫あり,購入可,https://shop.applied-net.co.jp/view/item/000000439293?category_page_id=ct3273,32GBモデル
2026-10-09,GPU,gpu-gigabyte-gaming-oc-rtx-5080,GIGABYTE GAMING OC RTX 5080,,RTX 5080,,アーク,305800,在庫あり,購入可,https://www.ark-pc.co.jp/i/20107440/,16GBモデル
2026-10-09,GPU,gpu-gigabyte-gaming-oc-rtx-5080,GIGABYTE GAMING OC RTX 5080,,RTX 5080,,ツクモ,,在庫なし,購入不可,https://shop.tsukumo.co.jp/goods/4988755070997/,
2026-10-09,GPU,gpu-gigabyte-gaming-oc-rtx-5080,GIGABYTE GAMING OC RTX 5080,,RTX 5080,,ドスパラ,,在庫なし,購入不可,https://www.dospara.co.jp/SBR1892/IC520338.html,16GBモデル
2026-10-09,GPU,gpu-gigabyte-gaming-oc-rtx-5080,GIGABYTE GAMING OC RTX 5080,,RTX 5080,,パソコン工房,,確認できず,未確認,https://www.pc-koubou.jp/products/detail.php?product_id=1128651,商品候補のページ表示を取得できず、税込価格・通販在庫を確定できず
2026-10-09,GPU,gpu-gigabyte-gaming-oc-rtx-5080,GIGABYTE GAMING OC RTX 5080,,RTX 5080,,アプライド,,確認できず,未確認,,指定店舗の検索と追加検索で一致商品URLを特定できず。取扱なし・販売終了とは断定していない
2026-10-09,GPU,gpu-gigabyte-windforce-oc-sff-rtx-5080,GIGABYTE WINDFORCE OC SFF RTX 5080,,RTX 5080,,アーク,,最新在庫未確認,未確認,https://www.ark-pc.co.jp/i/20107833/,取得元クロール: 2 days ago。旧日付の検索取得ページのため最新価格・在庫は未確認
2026-10-09,GPU,gpu-gigabyte-windforce-oc-sff-rtx-5080,GIGABYTE WINDFORCE OC SFF RTX 5080,,RTX 5080,,ツクモ,,販売終了,取扱終了,https://shop.tsukumo.co.jp/goods/4988755071413/,
2026-10-09,GPU,gpu-gigabyte-windforce-oc-sff-rtx-5080,GIGABYTE WINDFORCE OC SFF RTX 5080,,RTX 5080,,ドスパラ,,確認できず,未確認,,指定店舗の検索と追加検索で一致商品URLを特定できず。取扱なし・販売終了とは断定していない
2026-10-09,GPU,gpu-gigabyte-windforce-oc-sff-rtx-5080,GIGABYTE WINDFORCE OC SFF RTX 5080,,RTX 5080,,パソコン工房,,確認できず,未確認,,指定店舗の検索と追加検索で一致商品URLを特定できず。取扱なし・販売終了とは断定していない
2026-10-09,GPU,gpu-gigabyte-windforce-oc-sff-rtx-5080,GIGABYTE WINDFORCE OC SFF RTX 5080,,RTX 5080,,アプライド,,確認できず,未確認,,指定店舗の検索と追加検索で一致商品URLを特定できず。取扱なし・販売終了とは断定していない
2026-10-09,GPU,gpu-zotac-amp-extreme-infinity-rtx-5080,ZOTAC AMP Extreme INFINITY RTX 5080,,RTX 5080,,アーク,,取扱終了,取扱終了,https://www.ark-pc.co.jp/i/20107435/,16GBモデル／取得元クロール: last month
2026-10-09,GPU,gpu-zotac-amp-extreme-infinity-rtx-5080,ZOTAC AMP Extreme INFINITY RTX 5080,,RTX 5080,,ツクモ,,在庫なし,購入不可,https://shop.tsukumo.co.jp/goods/4537694357739/,
2026-10-09,GPU,gpu-zotac-amp-extreme-infinity-rtx-5080,ZOTAC AMP Extreme INFINITY RTX 5080,,RTX 5080,,ドスパラ,,在庫なし,購入不可,https://www.dospara.co.jp/SBR1892/IC525597.html,16GBモデル
2026-10-09,GPU,gpu-zotac-amp-extreme-infinity-rtx-5080,ZOTAC AMP Extreme INFINITY RTX 5080,,RTX 5080,,パソコン工房,,確認できず,未確認,,指定店舗の検索と追加検索で一致商品URLを特定できず。取扱なし・販売終了とは断定していない
2026-10-09,GPU,gpu-zotac-amp-extreme-infinity-rtx-5080,ZOTAC AMP Extreme INFINITY RTX 5080,,RTX 5080,,アプライド,,確認できず,未確認,,指定店舗の検索と追加検索で一致商品URLを特定できず。取扱なし・販売終了とは断定していない
2026-10-09,GPU,gpu-zotac-solid-oc-rtx-5080,ZOTAC SOLID OC RTX 5080,,RTX 5080,,アーク,,取扱終了,取扱終了,https://www.ark-pc.co.jp/i/20107436/,16GBモデル／取得元クロール: last month
2026-10-09,GPU,gpu-zotac-solid-oc-rtx-5080,ZOTAC SOLID OC RTX 5080,,RTX 5080,,ツクモ,,在庫なし,購入不可,https://shop.tsukumo.co.jp/goods/4537694357746/,
2026-10-09,GPU,gpu-zotac-solid-oc-rtx-5080,ZOTAC SOLID OC RTX 5080,,RTX 5080,,ドスパラ,,在庫なし,購入不可,https://www.dospara.co.jp/SBR1892/IC523930.html,16GBモデル／ホワイトモデル
2026-10-09,GPU,gpu-zotac-solid-oc-rtx-5080,ZOTAC SOLID OC RTX 5080,,RTX 5080,,パソコン工房,,確認できず,未確認,,指定店舗の検索と追加検索で一致商品URLを特定できず。取扱なし・販売終了とは断定していない
2026-10-09,GPU,gpu-zotac-solid-oc-rtx-5080,ZOTAC SOLID OC RTX 5080,,RTX 5080,,アプライド,,確認できず,未確認,,指定店舗の検索と追加検索で一致商品URLを特定できず。取扱なし・販売終了とは断定していない
2026-10-09,GPU,gpu-palit-gamerock-oc-rtx-5080,Palit GameRock OC RTX 5080,,RTX 5080,,アーク,,確認できず,未確認,,指定店舗の検索と追加検索で一致商品URLを特定できず。取扱なし・販売終了とは断定していない
2026-10-09,GPU,gpu-palit-gamerock-oc-rtx-5080,Palit GameRock OC RTX 5080,,RTX 5080,,ツクモ,,確認できず,未確認,,指定店舗の検索と追加検索で一致商品URLを特定できず。取扱なし・販売終了とは断定していない
2026-10-09,GPU,gpu-palit-gamerock-oc-rtx-5080,Palit GameRock OC RTX 5080,,RTX 5080,,ドスパラ,,在庫なし,購入不可,https://www.dospara.co.jp/SBR1892/IC521394.html,16GBモデル
2026-10-09,GPU,gpu-palit-gamerock-oc-rtx-5080,Palit GameRock OC RTX 5080,,RTX 5080,,パソコン工房,,確認できず,未確認,,指定店舗の検索と追加検索で一致商品URLを特定できず。取扱なし・販売終了とは断定していない
2026-10-09,GPU,gpu-palit-gamerock-oc-rtx-5080,Palit GameRock OC RTX 5080,,RTX 5080,,アプライド,,確認できず,未確認,,指定店舗の検索と追加検索で一致商品URLを特定できず。取扱なし・販売終了とは断定していない
2026-10-09,GPU,gpu-inno3d-ichill-x3-rtx-5080,Inno3D iCHILL X3 RTX 5080,,RTX 5080,,アーク,,確認できず,未確認,,指定店舗の検索と追加検索で一致商品URLを特定できず。取扱なし・販売終了とは断定していない
2026-10-09,GPU,gpu-inno3d-ichill-x3-rtx-5080,Inno3D iCHILL X3 RTX 5080,,RTX 5080,,ツクモ,,確認できず,未確認,,指定店舗の検索と追加検索で一致商品URLを特定できず。取扱なし・販売終了とは断定していない
2026-10-09,GPU,gpu-inno3d-ichill-x3-rtx-5080,Inno3D iCHILL X3 RTX 5080,,RTX 5080,,ドスパラ,,確認できず,未確認,,指定店舗の検索と追加検索で一致商品URLを特定できず。取扱なし・販売終了とは断定していない
2026-10-09,GPU,gpu-inno3d-ichill-x3-rtx-5080,Inno3D iCHILL X3 RTX 5080,,RTX 5080,,パソコン工房,,確認できず,未確認,,指定店舗の検索と追加検索で一致商品URLを特定できず。取扱なし・販売終了とは断定していない
2026-10-09,GPU,gpu-inno3d-ichill-x3-rtx-5080,Inno3D iCHILL X3 RTX 5080,,RTX 5080,,アプライド,,確認できず,未確認,,指定店舗の検索と追加検索で一致商品URLを特定できず。取扱なし・販売終了とは断定していない
2026-10-09,GPU,gpu-inno3d-x3-oc-rtx-5080,Inno3D X3 OC RTX 5080,,RTX 5080,,アーク,,確認できず,未確認,,指定店舗の検索と追加検索で一致商品URLを特定できず。取扱なし・販売終了とは断定していない
2026-10-09,GPU,gpu-inno3d-x3-oc-rtx-5080,Inno3D X3 OC RTX 5080,,RTX 5080,,ツクモ,,在庫なし,購入不可,https://shop.tsukumo.co.jp/goods/4524076042666/,
2026-10-09,GPU,gpu-inno3d-x3-oc-rtx-5080,Inno3D X3 OC RTX 5080,,RTX 5080,,ドスパラ,,確認できず,未確認,,指定店舗の検索と追加検索で一致商品URLを特定できず。取扱なし・販売終了とは断定していない
2026-10-09,GPU,gpu-inno3d-x3-oc-rtx-5080,Inno3D X3 OC RTX 5080,,RTX 5080,,パソコン工房,,確認できず,未確認,,指定店舗の検索と追加検索で一致商品URLを特定できず。取扱なし・販売終了とは断定していない
2026-10-09,GPU,gpu-inno3d-x3-oc-rtx-5080,Inno3D X3 OC RTX 5080,,RTX 5080,,アプライド,,確認できず,未確認,,指定店舗の検索と追加検索で一致商品URLを特定できず。取扱なし・販売終了とは断定していない
2026-10-09,GPU,gpu-pny-overclocked-triple-fan-rtx-5080,PNY Overclocked Triple Fan RTX 5080,,RTX 5080,,アーク,,最新在庫未確認,未確認,https://www.ark-pc.co.jp/i/20107497/,取得元クロール: last month。旧日付の検索取得ページのため最新価格・在庫は未確認
2026-10-09,GPU,gpu-pny-overclocked-triple-fan-rtx-5080,PNY Overclocked Triple Fan RTX 5080,,RTX 5080,,ツクモ,,在庫なし,購入不可,https://shop.tsukumo.co.jp/goods/0751492794266/,
2026-10-09,GPU,gpu-pny-overclocked-triple-fan-rtx-5080,PNY Overclocked Triple Fan RTX 5080,,RTX 5080,,ドスパラ,,確認できず,未確認,,指定店舗の検索と追加検索で一致商品URLを特定できず。取扱なし・販売終了とは断定していない
2026-10-09,GPU,gpu-pny-overclocked-triple-fan-rtx-5080,PNY Overclocked Triple Fan RTX 5080,,RTX 5080,,パソコン工房,,確認できず,未確認,,指定店舗の検索と追加検索で一致商品URLを特定できず。取扱なし・販売終了とは断定していない
2026-10-09,GPU,gpu-pny-overclocked-triple-fan-rtx-5080,PNY Overclocked Triple Fan RTX 5080,,RTX 5080,,アプライド,,確認できず,未確認,,指定店舗の検索と追加検索で一致商品URLを特定できず。取扱なし・販売終了とは断定していない
2026-10-09,GPU,gpu-nvidia-founders-edition-rtx-5080,NVIDIA Founders Edition RTX 5080,,RTX 5080,,アーク,,確認できず,未確認,,指定店舗の検索と追加検索で一致商品URLを特定できず。取扱なし・販売終了とは断定していない
2026-10-09,GPU,gpu-nvidia-founders-edition-rtx-5080,NVIDIA Founders Edition RTX 5080,,RTX 5080,,ツクモ,,確認できず,未確認,,指定店舗の検索と追加検索で一致商品URLを特定できず。取扱なし・販売終了とは断定していない
2026-10-09,GPU,gpu-nvidia-founders-edition-rtx-5080,NVIDIA Founders Edition RTX 5080,,RTX 5080,,ドスパラ,,確認できず,未確認,,指定店舗の検索と追加検索で一致商品URLを特定できず。取扱なし・販売終了とは断定していない
2026-10-09,GPU,gpu-nvidia-founders-edition-rtx-5080,NVIDIA Founders Edition RTX 5080,,RTX 5080,,パソコン工房,,確認できず,未確認,,指定店舗の検索と追加検索で一致商品URLを特定できず。取扱なし・販売終了とは断定していない
2026-10-09,GPU,gpu-nvidia-founders-edition-rtx-5080,NVIDIA Founders Edition RTX 5080,,RTX 5080,,アプライド,,確認できず,未確認,,指定店舗の検索と追加検索で一致商品URLを特定できず。取扱なし・販売終了とは断定していない
2026-10-09,GPU,gpu-asus-rog-strix-oc-rtx-5070-ti,ASUS ROG Strix OC RTX 5070 Ti,,RTX 5070 Ti,,アーク,,最新在庫未確認,未確認,https://www.ark-pc.co.jp/i/20107625/,取得元クロール: last month。旧日付の検索取得ページのため最新価格・在庫は未確認
2026-10-09,GPU,gpu-asus-rog-strix-oc-rtx-5070-ti,ASUS ROG Strix OC RTX 5070 Ti,,RTX 5070 Ti,,ツクモ,286800,在庫わずか／24時間以内に出荷,購入可,https://shop.tsukumo.co.jp/goods/0197105920637/,16GBモデル
2026-10-09,GPU,gpu-asus-rog-strix-oc-rtx-5070-ti,ASUS ROG Strix OC RTX 5070 Ti,,RTX 5070 Ti,,ドスパラ,286800,在庫あり,購入可,https://www.dospara.co.jp/SBR1892/IC527336.html,16GBモデル
2026-10-09,GPU,gpu-asus-rog-strix-oc-rtx-5070-ti,ASUS ROG Strix OC RTX 5070 Ti,,RTX 5070 Ti,,パソコン工房,,確認できず,未確認,,指定店舗の検索と追加検索で一致商品URLを特定できず。取扱なし・販売終了とは断定していない
2026-10-09,GPU,gpu-asus-rog-strix-oc-rtx-5070-ti,ASUS ROG Strix OC RTX 5070 Ti,,RTX 5070 Ti,,アプライド,,確認できず,未確認,,指定店舗の検索と追加検索で一致商品URLを特定できず。取扱なし・販売終了とは断定していない
2026-10-09,GPU,gpu-asus-tuf-gaming-oc-rtx-5070-ti,ASUS TUF Gaming OC RTX 5070 Ti,,RTX 5070 Ti,,アーク,,最新在庫未確認,未確認,https://www.ark-pc.co.jp/i/20107467/,取得元クロール: last week。旧日付の検索取得ページのため最新価格・在庫は未確認
2026-10-09,GPU,gpu-asus-tuf-gaming-oc-rtx-5070-ti,ASUS TUF Gaming OC RTX 5070 Ti,,RTX 5070 Ti,,ツクモ,279800,在庫あり／24時間以内に出荷,購入可,https://shop.tsukumo.co.jp/goods/0197105861459/,16GBモデル
2026-10-09,GPU,gpu-asus-tuf-gaming-oc-rtx-5070-ti,ASUS TUF Gaming OC RTX 5070 Ti,,RTX 5070 Ti,,ドスパラ,,在庫なし,購入不可,https://www.dospara.co.jp/SBR1892/IC521844.html,16GBモデル
2026-10-09,GPU,gpu-asus-tuf-gaming-oc-rtx-5070-ti,ASUS TUF Gaming OC RTX 5070 Ti,,RTX 5070 Ti,,パソコン工房,282800,当日出荷 【28†Image: 当日出荷対応商品】【29†?】,購入可,https://www.pc-koubou.jp/products/detail.php?product_id=1151852,16GBモデル／ホワイトモデル／取得元クロール: yesterday
2026-10-09,GPU,gpu-asus-tuf-gaming-oc-rtx-5070-ti,ASUS TUF Gaming OC RTX 5070 Ti,,RTX 5070 Ti,,アプライド,,確認できず,未確認,,指定店舗の検索と追加検索で一致商品URLを特定できず。取扱なし・販売終了とは断定していない
2026-10-09,GPU,gpu-asus-prime-oc-rtx-5070-ti,ASUS PRIME OC RTX 5070 Ti,,RTX 5070 Ti,,アーク,,最新在庫未確認,未確認,https://www.ark-pc.co.jp/i/20107468/,取得元クロール: 5 days ago。旧日付の検索取得ページのため最新価格・在庫は未確認
2026-10-09,GPU,gpu-asus-prime-oc-rtx-5070-ti,ASUS PRIME OC RTX 5070 Ti,,RTX 5070 Ti,,ツクモ,,確認できず,未確認,https://shop.tsukumo.co.jp/goods/0197105861510/,商品一致候補だが税込価格・通販在庫を確定できず
2026-10-09,GPU,gpu-asus-prime-oc-rtx-5070-ti,ASUS PRIME OC RTX 5070 Ti,,RTX 5070 Ti,,ドスパラ,,在庫なし,購入不可,https://www.dospara.co.jp/SBR1892/IC521845.html,16GBモデル
2026-10-09,GPU,gpu-asus-prime-oc-rtx-5070-ti,ASUS PRIME OC RTX 5070 Ti,,RTX 5070 Ti,,パソコン工房,,確認できず,未確認,,指定店舗の検索と追加検索で一致商品URLを特定できず。取扱なし・販売終了とは断定していない
2026-10-09,GPU,gpu-asus-prime-oc-rtx-5070-ti,ASUS PRIME OC RTX 5070 Ti,,RTX 5070 Ti,,アプライド,,確認できず,未確認,,指定店舗の検索と追加検索で一致商品URLを特定できず。取扱なし・販売終了とは断定していない
2026-10-09,GPU,gpu-msi-vanguard-soc-rtx-5070-ti,MSI VANGUARD SOC RTX 5070 Ti,,RTX 5070 Ti,,アーク,,取扱終了,取扱終了,https://www.ark-pc.co.jp/i/20107470/,16GBモデル／取得元クロール: 2 days ago
2026-10-09,GPU,gpu-msi-vanguard-soc-rtx-5070-ti,MSI VANGUARD SOC RTX 5070 Ti,,RTX 5070 Ti,,ツクモ,,在庫なし,購入不可,https://shop.tsukumo.co.jp/goods/4711377298384/,
2026-10-09,GPU,gpu-msi-vanguard-soc-rtx-5070-ti,MSI VANGUARD SOC RTX 5070 Ti,,RTX 5070 Ti,,ドスパラ,,確認できず,未確認,,指定店舗の検索と追加検索で一致商品URLを特定できず。取扱なし・販売終了とは断定していない
2026-10-09,GPU,gpu-msi-vanguard-soc-rtx-5070-ti,MSI VANGUARD SOC RTX 5070 Ti,,RTX 5070 Ti,,パソコン工房,,確認できず,未確認,,指定店舗の検索と追加検索で一致商品URLを特定できず。取扱なし・販売終了とは断定していない
2026-10-09,GPU,gpu-msi-vanguard-soc-rtx-5070-ti,MSI VANGUARD SOC RTX 5070 Ti,,RTX 5070 Ti,,アプライド,,確認できず,未確認,,指定店舗の検索と追加検索で一致商品URLを特定できず。取扱なし・販売終了とは断定していない
2026-10-09,GPU,gpu-msi-gaming-trio-oc-rtx-5070-ti,MSI GAMING TRIO OC RTX 5070 Ti,,RTX 5070 Ti,,アーク,,最新在庫未確認,未確認,https://www.ark-pc.co.jp/i/20107609/,取得元クロール: 3 days ago。旧日付の検索取得ページのため最新価格・在庫は未確認
2026-10-09,GPU,gpu-msi-gaming-trio-oc-rtx-5070-ti,MSI GAMING TRIO OC RTX 5070 Ti,,RTX 5070 Ti,,ツクモ,236800,在庫あり／24時間以内に出荷,購入可,https://shop.tsukumo.co.jp/goods/4711377301541/,
2026-10-09,GPU,gpu-msi-gaming-trio-oc-rtx-5070-ti,MSI GAMING TRIO OC RTX 5070 Ti,,RTX 5070 Ti,,ドスパラ,236800,在庫あり,購入可,https://www.dospara.co.jp/SBR1892/IC526196.html,16GBモデル
2026-10-09,GPU,gpu-msi-gaming-trio-oc-rtx-5070-ti,MSI GAMING TRIO OC RTX 5070 Ti,,RTX 5070 Ti,,パソコン工房,,確認できず,未確認,,指定店舗の検索と追加検索で一致商品URLを特定できず。取扱なし・販売終了とは断定していない
2026-10-09,GPU,gpu-msi-gaming-trio-oc-rtx-5070-ti,MSI GAMING TRIO OC RTX 5070 Ti,,RTX 5070 Ti,,アプライド,,確認できず,未確認,,指定店舗の検索と追加検索で一致商品URLを特定できず。取扱なし・販売終了とは断定していない
2026-10-09,GPU,gpu-msi-ventus-3x-oc-rtx-5070-ti,MSI VENTUS 3X OC RTX 5070 Ti,,RTX 5070 Ti,,アーク,230800,在庫あり,購入可,https://www.ark-pc.co.jp/i/20107472/,16GBモデル
2026-10-09,GPU,gpu-msi-ventus-3x-oc-rtx-5070-ti,MSI VENTUS 3X OC RTX 5070 Ti,,RTX 5070 Ti,,ツクモ,230800,在庫あり／24時間以内に出荷,購入可,https://shop.tsukumo.co.jp/goods/4711377301589/,
2026-10-09,GPU,gpu-msi-ventus-3x-oc-rtx-5070-ti,MSI VENTUS 3X OC RTX 5070 Ti,,RTX 5070 Ti,,ドスパラ,230800,在庫あり,購入可,https://www.dospara.co.jp/SBR1892/IC521850.html,16GBモデル
2026-10-09,GPU,gpu-msi-ventus-3x-oc-rtx-5070-ti,MSI VENTUS 3X OC RTX 5070 Ti,,RTX 5070 Ti,,パソコン工房,230800,当日出荷 【19†Image: 当日出荷対応商品】【20†?】,購入可,https://www.pc-koubou.jp/products/detail.php?product_id=1130141,
2026-10-09,GPU,gpu-msi-ventus-3x-oc-rtx-5070-ti,MSI VENTUS 3X OC RTX 5070 Ti,,RTX 5070 Ti,,アプライド,,確認できず,未確認,,指定店舗の検索と追加検索で一致商品URLを特定できず。取扱なし・販売終了とは断定していない
2026-10-09,GPU,gpu-msi-shadow-3x-oc-rtx-5070-ti,MSI SHADOW 3X OC RTX 5070 Ti,,RTX 5070 Ti,,アーク,,確認できず,未確認,,指定店舗の検索と追加検索で一致商品URLを特定できず。取扱なし・販売終了とは断定していない
2026-10-09,GPU,gpu-msi-shadow-3x-oc-rtx-5070-ti,MSI SHADOW 3X OC RTX 5070 Ti,,RTX 5070 Ti,,ツクモ,,確認できず,未確認,,指定店舗の検索と追加検索で一致商品URLを特定できず。取扱なし・販売終了とは断定していない
2026-10-09,GPU,gpu-msi-shadow-3x-oc-rtx-5070-ti,MSI SHADOW 3X OC RTX 5070 Ti,,RTX 5070 Ti,,ドスパラ,,確認できず,未確認,,指定店舗の検索と追加検索で一致商品URLを特定できず。取扱なし・販売終了とは断定していない
2026-10-09,GPU,gpu-msi-shadow-3x-oc-rtx-5070-ti,MSI SHADOW 3X OC RTX 5070 Ti,,RTX 5070 Ti,,パソコン工房,,確認できず,未確認,,指定店舗の検索と追加検索で一致商品URLを特定できず。取扱なし・販売終了とは断定していない
2026-10-09,GPU,gpu-msi-shadow-3x-oc-rtx-5070-ti,MSI SHADOW 3X OC RTX 5070 Ti,,RTX 5070 Ti,,アプライド,,確認できず,未確認,,指定店舗の検索と追加検索で一致商品URLを特定できず。取扱なし・販売終了とは断定していない
2026-10-09,GPU,gpu-msi-inspire-3x-oc-rtx-5070-ti,MSI INSPIRE 3X OC RTX 5070 Ti,,RTX 5070 Ti,,アーク,,取扱終了,取扱終了,https://www.ark-pc.co.jp/i/20107555/,16GBモデル／取得元クロール: last month
2026-10-09,GPU,gpu-msi-inspire-3x-oc-rtx-5070-ti,MSI INSPIRE 3X OC RTX 5070 Ti,,RTX 5070 Ti,,ツクモ,,在庫なし,購入不可,https://shop.tsukumo.co.jp/goods/4711377317160/,
2026-10-09,GPU,gpu-msi-inspire-3x-oc-rtx-5070-ti,MSI INSPIRE 3X OC RTX 5070 Ti,,RTX 5070 Ti,,ドスパラ,,在庫なし,購入不可,https://www.dospara.co.jp/SBR1892/IC524235.html,16GBモデル
2026-10-09,GPU,gpu-msi-inspire-3x-oc-rtx-5070-ti,MSI INSPIRE 3X OC RTX 5070 Ti,,RTX 5070 Ti,,パソコン工房,,確認できず,未確認,,指定店舗の検索と追加検索で一致商品URLを特定できず。取扱なし・販売終了とは断定していない
2026-10-09,GPU,gpu-msi-inspire-3x-oc-rtx-5070-ti,MSI INSPIRE 3X OC RTX 5070 Ti,,RTX 5070 Ti,,アプライド,,確認できず,未確認,,指定店舗の検索と追加検索で一致商品URLを特定できず。取扱なし・販売終了とは断定していない
2026-10-09,GPU,gpu-gigabyte-aorus-master-rtx-5070-ti,GIGABYTE AORUS MASTER RTX 5070 Ti,,RTX 5070 Ti,,アーク,,在庫なし,購入不可,https://www.ark-pc.co.jp/i/20107477/,16GBモデル
2026-10-09,GPU,gpu-gigabyte-aorus-master-rtx-5070-ti,GIGABYTE AORUS MASTER RTX 5070 Ti,,RTX 5070 Ti,,ツクモ,,在庫なし,購入不可,https://shop.tsukumo.co.jp/goods/4719331763442/,16GBモデル
2026-10-09,GPU,gpu-gigabyte-aorus-master-rtx-5070-ti,GIGABYTE AORUS MASTER RTX 5070 Ti,,RTX 5070 Ti,,ドスパラ,,確認できず,未確認,,指定店舗の検索と追加検索で一致商品URLを特定できず。取扱なし・販売終了とは断定していない
2026-10-09,GPU,gpu-gigabyte-aorus-master-rtx-5070-ti,GIGABYTE AORUS MASTER RTX 5070 Ti,,RTX 5070 Ti,,パソコン工房,,確認できず,未確認,,指定店舗の検索と追加検索で一致商品URLを特定できず。取扱なし・販売終了とは断定していない
2026-10-09,GPU,gpu-gigabyte-aorus-master-rtx-5070-ti,GIGABYTE AORUS MASTER RTX 5070 Ti,,RTX 5070 Ti,,アプライド,518000,在庫あり,購入可,https://shop.applied-net.co.jp/view/item/000000448684?category_page_id=ct4219,32GBモデル
2026-10-09,GPU,gpu-gigabyte-gaming-oc-rtx-5070-ti,GIGABYTE GAMING OC RTX 5070 Ti,,RTX 5070 Ti,,アーク,234800,在庫あり,購入可,https://www.ark-pc.co.jp/i/20107479/,16GBモデル
2026-10-09,GPU,gpu-gigabyte-gaming-oc-rtx-5070-ti,GIGABYTE GAMING OC RTX 5070 Ti,,RTX 5070 Ti,,ツクモ,234800,在庫あり／24時間以内に出荷,購入可,https://shop.tsukumo.co.jp/goods/4988755071192/,
2026-10-09,GPU,gpu-gigabyte-gaming-oc-rtx-5070-ti,GIGABYTE GAMING OC RTX 5070 Ti,,RTX 5070 Ti,,ドスパラ,234800,在庫あり,購入可,https://www.dospara.co.jp/SBR1892/IC521880.html,16GBモデル
2026-10-09,GPU,gpu-gigabyte-gaming-oc-rtx-5070-ti,GIGABYTE GAMING OC RTX 5070 Ti,,RTX 5070 Ti,,パソコン工房,,確認できず,未確認,https://www.pc-koubou.jp/products/detail.php?product_id=1128493,商品候補のページ表示を取得できず、税込価格・通販在庫を確定できず
2026-10-09,GPU,gpu-gigabyte-gaming-oc-rtx-5070-ti,GIGABYTE GAMING OC RTX 5070 Ti,,RTX 5070 Ti,,アプライド,395680,在庫あり,購入可,https://shop.applied-net.co.jp/view/item/000000444747,32GBモデル
2026-10-09,GPU,gpu-gigabyte-aero-oc-rtx-5070-ti,GIGABYTE AERO OC RTX 5070 Ti,,RTX 5070 Ti,,アーク,237800,在庫あり,購入可,https://www.ark-pc.co.jp/i/20107478/,16GBモデル
2026-10-09,GPU,gpu-gigabyte-aero-oc-rtx-5070-ti,GIGABYTE AERO OC RTX 5070 Ti,,RTX 5070 Ti,,ツクモ,237800,在庫わずか／24時間以内に出荷,購入可,https://shop.tsukumo.co.jp/goods/4988755071215/,
2026-10-09,GPU,gpu-gigabyte-aero-oc-rtx-5070-ti,GIGABYTE AERO OC RTX 5070 Ti,,RTX 5070 Ti,,ドスパラ,,在庫なし,購入不可,https://www.dospara.co.jp/SBR1892/IC521879.html,16GBモデル
2026-10-09,GPU,gpu-gigabyte-aero-oc-rtx-5070-ti,GIGABYTE AERO OC RTX 5070 Ti,,RTX 5070 Ti,,パソコン工房,,確認できず,未確認,,指定店舗の検索と追加検索で一致商品URLを特定できず。取扱なし・販売終了とは断定していない
2026-10-09,GPU,gpu-gigabyte-aero-oc-rtx-5070-ti,GIGABYTE AERO OC RTX 5070 Ti,,RTX 5070 Ti,,アプライド,,確認できず,未確認,,指定店舗の検索と追加検索で一致商品URLを特定できず。取扱なし・販売終了とは断定していない
2026-10-09,GPU,gpu-gigabyte-eagle-oc-sff-rtx-5070-ti,GIGABYTE EAGLE OC SFF RTX 5070 Ti,,RTX 5070 Ti,,アーク,,在庫なし,購入不可,https://www.ark-pc.co.jp/i/20107480/,16GBモデル
2026-10-09,GPU,gpu-gigabyte-eagle-oc-sff-rtx-5070-ti,GIGABYTE EAGLE OC SFF RTX 5070 Ti,,RTX 5070 Ti,,ツクモ,227800,在庫あり,購入可,https://shop.tsukumo.co.jp/goods/4988755071406/,
2026-10-09,GPU,gpu-gigabyte-eagle-oc-sff-rtx-5070-ti,GIGABYTE EAGLE OC SFF RTX 5070 Ti,,RTX 5070 Ti,,ドスパラ,,確認できず,未確認,,指定店舗の検索と追加検索で一致商品URLを特定できず。取扱なし・販売終了とは断定していない
2026-10-09,GPU,gpu-gigabyte-eagle-oc-sff-rtx-5070-ti,GIGABYTE EAGLE OC SFF RTX 5070 Ti,,RTX 5070 Ti,,パソコン工房,,確認できず,未確認,https://www.pc-koubou.jp/products/detail.php?product_id=1128494,商品候補のページ表示を取得できず、税込価格・通販在庫を確定できず
2026-10-09,GPU,gpu-gigabyte-eagle-oc-sff-rtx-5070-ti,GIGABYTE EAGLE OC SFF RTX 5070 Ti,,RTX 5070 Ti,,アプライド,,確認できず,未確認,,指定店舗の検索と追加検索で一致商品URLを特定できず。取扱なし・販売終了とは断定していない
2026-10-09,GPU,gpu-gigabyte-windforce-oc-sff-rtx-5070-ti,GIGABYTE WINDFORCE OC SFF RTX 5070 Ti,,RTX 5070 Ti,,アーク,,在庫なし,購入不可,https://www.ark-pc.co.jp/i/20107480/,16GBモデル
2026-10-09,GPU,gpu-gigabyte-windforce-oc-sff-rtx-5070-ti,GIGABYTE WINDFORCE OC SFF RTX 5070 Ti,,RTX 5070 Ti,,ツクモ,,在庫なし,購入不可,https://shop.tsukumo.co.jp/goods/0409172450017/,
2026-10-09,GPU,gpu-gigabyte-windforce-oc-sff-rtx-5070-ti,GIGABYTE WINDFORCE OC SFF RTX 5070 Ti,,RTX 5070 Ti,,ドスパラ,,確認できず,未確認,,指定店舗の検索と追加検索で一致商品URLを特定できず。取扱なし・販売終了とは断定していない
2026-10-09,GPU,gpu-gigabyte-windforce-oc-sff-rtx-5070-ti,GIGABYTE WINDFORCE OC SFF RTX 5070 Ti,,RTX 5070 Ti,,パソコン工房,,確認できず,未確認,,指定店舗の検索と追加検索で一致商品URLを特定できず。取扱なし・販売終了とは断定していない
2026-10-09,GPU,gpu-gigabyte-windforce-oc-sff-rtx-5070-ti,GIGABYTE WINDFORCE OC SFF RTX 5070 Ti,,RTX 5070 Ti,,アプライド,,確認できず,未確認,,指定店舗の検索と追加検索で一致商品URLを特定できず。取扱なし・販売終了とは断定していない
2026-10-09,GPU,gpu-zotac-amp-extreme-infinity-rtx-5070-ti,ZOTAC AMP Extreme INFINITY RTX 5070 Ti,,RTX 5070 Ti,,アーク,,取扱終了,取扱終了,https://www.ark-pc.co.jp/i/20107486/,16GBモデル／取得元クロール: last month
2026-10-09,GPU,gpu-zotac-amp-extreme-infinity-rtx-5070-ti,ZOTAC AMP Extreme INFINITY RTX 5070 Ti,,RTX 5070 Ti,,ツクモ,,在庫なし,購入不可,https://shop.tsukumo.co.jp/goods/4537694366854/,16GBモデル
2026-10-09,GPU,gpu-zotac-amp-extreme-infinity-rtx-5070-ti,ZOTAC AMP Extreme INFINITY RTX 5070 Ti,,RTX 5070 Ti,,ドスパラ,,在庫なし,購入不可,https://www.dospara.co.jp/SBR1892/IC522090.html,16GBモデル
2026-10-09,GPU,gpu-zotac-amp-extreme-infinity-rtx-5070-ti,ZOTAC AMP Extreme INFINITY RTX 5070 Ti,,RTX 5070 Ti,,パソコン工房,,確認できず,未確認,,指定店舗の検索と追加検索で一致商品URLを特定できず。取扱なし・販売終了とは断定していない
2026-10-09,GPU,gpu-zotac-amp-extreme-infinity-rtx-5070-ti,ZOTAC AMP Extreme INFINITY RTX 5070 Ti,,RTX 5070 Ti,,アプライド,,確認できず,未確認,,指定店舗の検索と追加検索で一致商品URLを特定できず。取扱なし・販売終了とは断定していない
2026-10-09,GPU,gpu-zotac-solid-oc-rtx-5070-ti,ZOTAC SOLID OC RTX 5070 Ti,,RTX 5070 Ti,,アーク,,取扱終了,取扱終了,https://www.ark-pc.co.jp/i/20107487/,16GBモデル／取得元クロール: last month
2026-10-09,GPU,gpu-zotac-solid-oc-rtx-5070-ti,ZOTAC SOLID OC RTX 5070 Ti,,RTX 5070 Ti,,ツクモ,,在庫なし,購入不可,https://shop.tsukumo.co.jp/goods/4537694368346/,
2026-10-09,GPU,gpu-zotac-solid-oc-rtx-5070-ti,ZOTAC SOLID OC RTX 5070 Ti,,RTX 5070 Ti,,ドスパラ,,在庫なし,購入不可,https://www.dospara.co.jp/SBR1892/IC522091.html,16GBモデル
2026-10-09,GPU,gpu-zotac-solid-oc-rtx-5070-ti,ZOTAC SOLID OC RTX 5070 Ti,,RTX 5070 Ti,,パソコン工房,,確認できず,未確認,,指定店舗の検索と追加検索で一致商品URLを特定できず。取扱なし・販売終了とは断定していない
2026-10-09,GPU,gpu-zotac-solid-oc-rtx-5070-ti,ZOTAC SOLID OC RTX 5070 Ti,,RTX 5070 Ti,,アプライド,,確認できず,未確認,,指定店舗の検索と追加検索で一致商品URLを特定できず。取扱なし・販売終了とは断定していない
2026-10-09,GPU,gpu-zotac-solid-core-oc-rtx-5070-ti,ZOTAC SOLID CORE OC RTX 5070 Ti,,RTX 5070 Ti,,アーク,,確認できず,未確認,,指定店舗の検索と追加検索で一致商品URLを特定できず。取扱なし・販売終了とは断定していない
2026-10-09,GPU,gpu-zotac-solid-core-oc-rtx-5070-ti,ZOTAC SOLID CORE OC RTX 5070 Ti,,RTX 5070 Ti,,ツクモ,,確認できず,未確認,,指定店舗の検索と追加検索で一致商品URLを特定できず。取扱なし・販売終了とは断定していない
2026-10-09,GPU,gpu-zotac-solid-core-oc-rtx-5070-ti,ZOTAC SOLID CORE OC RTX 5070 Ti,,RTX 5070 Ti,,ドスパラ,,確認できず,未確認,,指定店舗の検索と追加検索で一致商品URLを特定できず。取扱なし・販売終了とは断定していない
2026-10-09,GPU,gpu-zotac-solid-core-oc-rtx-5070-ti,ZOTAC SOLID CORE OC RTX 5070 Ti,,RTX 5070 Ti,,パソコン工房,,確認できず,未確認,,指定店舗の検索と追加検索で一致商品URLを特定できず。取扱なし・販売終了とは断定していない
2026-10-09,GPU,gpu-zotac-solid-core-oc-rtx-5070-ti,ZOTAC SOLID CORE OC RTX 5070 Ti,,RTX 5070 Ti,,アプライド,,確認できず,未確認,,指定店舗の検索と追加検索で一致商品URLを特定できず。取扱なし・販売終了とは断定していない
2026-10-09,GPU,gpu-inno3d-ichill-x3-rtx-5070-ti,Inno3D iCHILL X3 RTX 5070 Ti,,RTX 5070 Ti,,アーク,,確認できず,未確認,,指定店舗の検索と追加検索で一致商品URLを特定できず。取扱なし・販売終了とは断定していない
2026-10-09,GPU,gpu-inno3d-ichill-x3-rtx-5070-ti,Inno3D iCHILL X3 RTX 5070 Ti,,RTX 5070 Ti,,ツクモ,,確認できず,未確認,,指定店舗の検索と追加検索で一致商品URLを特定できず。取扱なし・販売終了とは断定していない
2026-10-09,GPU,gpu-inno3d-ichill-x3-rtx-5070-ti,Inno3D iCHILL X3 RTX 5070 Ti,,RTX 5070 Ti,,ドスパラ,,確認できず,未確認,,指定店舗の検索と追加検索で一致商品URLを特定できず。取扱なし・販売終了とは断定していない
2026-10-09,GPU,gpu-inno3d-ichill-x3-rtx-5070-ti,Inno3D iCHILL X3 RTX 5070 Ti,,RTX 5070 Ti,,パソコン工房,,確認できず,未確認,,指定店舗の検索と追加検索で一致商品URLを特定できず。取扱なし・販売終了とは断定していない
2026-10-09,GPU,gpu-inno3d-ichill-x3-rtx-5070-ti,Inno3D iCHILL X3 RTX 5070 Ti,,RTX 5070 Ti,,アプライド,,確認できず,未確認,,指定店舗の検索と追加検索で一致商品URLを特定できず。取扱なし・販売終了とは断定していない
2026-10-09,GPU,gpu-inno3d-x3-oc-rtx-5070-ti,Inno3D X3 OC RTX 5070 Ti,,RTX 5070 Ti,,アーク,,確認できず,未確認,,指定店舗の検索と追加検索で一致商品URLを特定できず。取扱なし・販売終了とは断定していない
2026-10-09,GPU,gpu-inno3d-x3-oc-rtx-5070-ti,Inno3D X3 OC RTX 5070 Ti,,RTX 5070 Ti,,ツクモ,,確認できず,未確認,,指定店舗の検索と追加検索で一致商品URLを特定できず。取扱なし・販売終了とは断定していない
2026-10-09,GPU,gpu-inno3d-x3-oc-rtx-5070-ti,Inno3D X3 OC RTX 5070 Ti,,RTX 5070 Ti,,ドスパラ,,確認できず,未確認,,指定店舗の検索と追加検索で一致商品URLを特定できず。取扱なし・販売終了とは断定していない
2026-10-09,GPU,gpu-inno3d-x3-oc-rtx-5070-ti,Inno3D X3 OC RTX 5070 Ti,,RTX 5070 Ti,,パソコン工房,,確認できず,未確認,,指定店舗の検索と追加検索で一致商品URLを特定できず。取扱なし・販売終了とは断定していない
2026-10-09,GPU,gpu-inno3d-x3-oc-rtx-5070-ti,Inno3D X3 OC RTX 5070 Ti,,RTX 5070 Ti,,アプライド,,確認できず,未確認,,指定店舗の検索と追加検索で一致商品URLを特定できず。取扱なし・販売終了とは断定していない
2026-10-09,GPU,gpu-pny-overclocked-triple-fan-rtx-5070-ti,PNY Overclocked Triple Fan RTX 5070 Ti,,RTX 5070 Ti,,アーク,,確認できず,未確認,,指定店舗の検索と追加検索で一致商品URLを特定できず。取扱なし・販売終了とは断定していない
2026-10-09,GPU,gpu-pny-overclocked-triple-fan-rtx-5070-ti,PNY Overclocked Triple Fan RTX 5070 Ti,,RTX 5070 Ti,,ツクモ,,在庫なし,購入不可,https://shop.tsukumo.co.jp/goods/0751492794594/,
2026-10-09,GPU,gpu-pny-overclocked-triple-fan-rtx-5070-ti,PNY Overclocked Triple Fan RTX 5070 Ti,,RTX 5070 Ti,,ドスパラ,,確認できず,未確認,,指定店舗の検索と追加検索で一致商品URLを特定できず。取扱なし・販売終了とは断定していない
2026-10-09,GPU,gpu-pny-overclocked-triple-fan-rtx-5070-ti,PNY Overclocked Triple Fan RTX 5070 Ti,,RTX 5070 Ti,,パソコン工房,,確認できず,未確認,,指定店舗の検索と追加検索で一致商品URLを特定できず。取扱なし・販売終了とは断定していない
2026-10-09,GPU,gpu-pny-overclocked-triple-fan-rtx-5070-ti,PNY Overclocked Triple Fan RTX 5070 Ti,,RTX 5070 Ti,,アプライド,,確認できず,未確認,,指定店舗の検索と追加検索で一致商品URLを特定できず。取扱なし・販売終了とは断定していない
2026-10-09,GPU,gpu-asus-rog-strix-oc-rtx-5070,ASUS ROG Strix OC RTX 5070,,RTX 5070,,アーク,,最新在庫未確認,未確認,https://www.ark-pc.co.jp/i/20107626/,取得元クロール: last week。旧日付の検索取得ページのため最新価格・在庫は未確認
2026-10-09,GPU,gpu-asus-rog-strix-oc-rtx-5070,ASUS ROG Strix OC RTX 5070,,RTX 5070,,ツクモ,233800,在庫わずか／24時間以内に出荷,購入可,https://shop.tsukumo.co.jp/goods/0197105922273/,12GBモデル
2026-10-09,GPU,gpu-asus-rog-strix-oc-rtx-5070,ASUS ROG Strix OC RTX 5070,,RTX 5070,,ドスパラ,207800,在庫あり,購入可,https://www.dospara.co.jp/SBR1892/IC527337.html,12GBモデル
2026-10-09,GPU,gpu-asus-rog-strix-oc-rtx-5070,ASUS ROG Strix OC RTX 5070,,RTX 5070,,パソコン工房,,最新在庫未確認,未確認,https://www.pc-koubou.jp/products/detail.php?product_id=1148217,取得元クロール: 3 weeks ago。旧日付の検索取得ページのため最新価格・在庫は未確認
2026-10-09,GPU,gpu-asus-rog-strix-oc-rtx-5070,ASUS ROG Strix OC RTX 5070,,RTX 5070,,アプライド,,確認できず,未確認,,指定店舗の検索と追加検索で一致商品URLを特定できず。取扱なし・販売終了とは断定していない
2026-10-09,GPU,gpu-asus-tuf-gaming-oc-rtx-5070,ASUS TUF Gaming OC RTX 5070,,RTX 5070,,アーク,,最新在庫未確認,未確認,https://www.ark-pc.co.jp/i/20107502/,取得元クロール: last week。旧日付の検索取得ページのため最新価格・在庫は未確認
2026-10-09,GPU,gpu-asus-tuf-gaming-oc-rtx-5070,ASUS TUF Gaming OC RTX 5070,,RTX 5070,,ツクモ,198800,在庫あり／24時間以内に出荷,購入可,https://shop.tsukumo.co.jp/goods/0197105849075/,12GBモデル
2026-10-09,GPU,gpu-asus-tuf-gaming-oc-rtx-5070,ASUS TUF Gaming OC RTX 5070,,RTX 5070,,ドスパラ,,在庫なし,購入不可,https://www.dospara.co.jp/SBR1892/IC522503.html,12GBモデル
2026-10-09,GPU,gpu-asus-tuf-gaming-oc-rtx-5070,ASUS TUF Gaming OC RTX 5070,,RTX 5070,,パソコン工房,195800,当日出荷 【28†Image: 当日出荷対応商品】【29†?】,購入可,https://www.pc-koubou.jp/products/detail.php?product_id=1130453,12GBモデル
2026-10-09,GPU,gpu-asus-tuf-gaming-oc-rtx-5070,ASUS TUF Gaming OC RTX 5070,,RTX 5070,,アプライド,,確認できず,未確認,,指定店舗の検索と追加検索で一致商品URLを特定できず。取扱なし・販売終了とは断定していない
2026-10-09,GPU,gpu-asus-prime-oc-rtx-5070,ASUS PRIME OC RTX 5070,,RTX 5070,,アーク,186800,在庫あり,購入可,https://www.ark-pc.co.jp/i/20107503/,12GBモデル／取得元クロール: yesterday
2026-10-09,GPU,gpu-asus-prime-oc-rtx-5070,ASUS PRIME OC RTX 5070,,RTX 5070,,ツクモ,,在庫なし,購入不可,https://shop.tsukumo.co.jp/goods/0197105837829/,12GBモデル
2026-10-09,GPU,gpu-asus-prime-oc-rtx-5070,ASUS PRIME OC RTX 5070,,RTX 5070,,ドスパラ,,在庫なし,購入不可,https://www.dospara.co.jp/SBR1892/IC528414.html,12GBモデル／ホワイトモデル
2026-10-09,GPU,gpu-asus-prime-oc-rtx-5070,ASUS PRIME OC RTX 5070,,RTX 5070,,パソコン工房,,最新在庫未確認,未確認,https://www.pc-koubou.jp/products/detail.php?product_id=1155392,取得元クロール: 3 weeks ago。旧日付の検索取得ページのため最新価格・在庫は未確認
2026-10-09,GPU,gpu-asus-prime-oc-rtx-5070,ASUS PRIME OC RTX 5070,,RTX 5070,,アプライド,,確認できず,未確認,,指定店舗の検索と追加検索で一致商品URLを特定できず。取扱なし・販売終了とは断定していない
2026-10-09,GPU,gpu-asus-dual-oc-rtx-5070,ASUS DUAL OC RTX 5070,,RTX 5070,,アーク,179800,在庫あり,購入可,https://www.ark-pc.co.jp/i/20107655/,12GBモデル
2026-10-09,GPU,gpu-asus-dual-oc-rtx-5070,ASUS DUAL OC RTX 5070,,RTX 5070,,ツクモ,179800,在庫わずか／24時間以内に出荷,購入可,https://shop.tsukumo.co.jp/goods/0199291046214/,12GBモデル
2026-10-09,GPU,gpu-asus-dual-oc-rtx-5070,ASUS DUAL OC RTX 5070,,RTX 5070,,ドスパラ,167980,在庫あり,購入可,https://www.dospara.co.jp/SBR1892/IC528415.html,12GBモデル
2026-10-09,GPU,gpu-asus-dual-oc-rtx-5070,ASUS DUAL OC RTX 5070,,RTX 5070,,パソコン工房,,確認できず,未確認,,指定店舗の検索と追加検索で一致商品URLを特定できず。取扱なし・販売終了とは断定していない
2026-10-09,GPU,gpu-asus-dual-oc-rtx-5070,ASUS DUAL OC RTX 5070,,RTX 5070,,アプライド,,確認できず,未確認,,指定店舗の検索と追加検索で一致商品URLを特定できず。取扱なし・販売終了とは断定していない
2026-10-09,GPU,gpu-msi-gaming-trio-oc-rtx-5070,MSI GAMING TRIO OC RTX 5070,,RTX 5070,,アーク,,最新在庫未確認,未確認,https://www.ark-pc.co.jp/i/20107505/,取得元クロール: 2 weeks ago。旧日付の検索取得ページのため最新価格・在庫は未確認
2026-10-09,GPU,gpu-msi-gaming-trio-oc-rtx-5070,MSI GAMING TRIO OC RTX 5070,,RTX 5070,,ツクモ,167800,在庫あり／24時間以内に出荷,購入可,https://shop.tsukumo.co.jp/goods/4711377303927/,
2026-10-09,GPU,gpu-msi-gaming-trio-oc-rtx-5070,MSI GAMING TRIO OC RTX 5070,,RTX 5070,,ドスパラ,167800,在庫あり,購入可,https://www.dospara.co.jp/SBR1892/IC522501.html,12GBモデル
2026-10-09,GPU,gpu-msi-gaming-trio-oc-rtx-5070,MSI GAMING TRIO OC RTX 5070,,RTX 5070,,パソコン工房,,確認できず,未確認,,指定店舗の検索と追加検索で一致商品URLを特定できず。取扱なし・販売終了とは断定していない
2026-10-09,GPU,gpu-msi-gaming-trio-oc-rtx-5070,MSI GAMING TRIO OC RTX 5070,,RTX 5070,,アプライド,,確認できず,未確認,,指定店舗の検索と追加検索で一致商品URLを特定できず。取扱なし・販売終了とは断定していない
2026-10-09,GPU,gpu-msi-ventus-2x-oc-rtx-5070,MSI VENTUS 2X OC RTX 5070,,RTX 5070,,アーク,,最新在庫未確認,未確認,https://www.ark-pc.co.jp/i/20107550/,取得元クロール: 3 days ago。旧日付の検索取得ページのため最新価格・在庫は未確認
2026-10-09,GPU,gpu-msi-ventus-2x-oc-rtx-5070,MSI VENTUS 2X OC RTX 5070,,RTX 5070,,ツクモ,160800,在庫あり／24時間以内に出荷,購入可,https://shop.tsukumo.co.jp/goods/4711377308229/,
2026-10-09,GPU,gpu-msi-ventus-2x-oc-rtx-5070,MSI VENTUS 2X OC RTX 5070,,RTX 5070,,ドスパラ,154500,在庫あり,購入可,https://www.dospara.co.jp/SBR1892/IC522757.html,12GBモデル
2026-10-09,GPU,gpu-msi-ventus-2x-oc-rtx-5070,MSI VENTUS 2X OC RTX 5070,,RTX 5070,,パソコン工房,,確認できず,未確認,,指定店舗の検索と追加検索で一致商品URLを特定できず。取扱なし・販売終了とは断定していない
2026-10-09,GPU,gpu-msi-ventus-2x-oc-rtx-5070,MSI VENTUS 2X OC RTX 5070,,RTX 5070,,アプライド,,確認できず,未確認,,指定店舗の検索と追加検索で一致商品URLを特定できず。取扱なし・販売終了とは断定していない
2026-10-09,GPU,gpu-gigabyte-gaming-oc-rtx-5070,GIGABYTE GAMING OC RTX 5070,,RTX 5070,,アーク,,確認できず,未確認,https://www.ark-pc.co.jp/i/20107509/,商品一致候補だが税込価格・通販在庫を確定できず
2026-10-09,GPU,gpu-gigabyte-gaming-oc-rtx-5070,GIGABYTE GAMING OC RTX 5070,,RTX 5070,,ツクモ,159800,在庫あり,購入可,https://shop.tsukumo.co.jp/goods/4988755071253/,
2026-10-09,GPU,gpu-gigabyte-gaming-oc-rtx-5070,GIGABYTE GAMING OC RTX 5070,,RTX 5070,,ドスパラ,159800,在庫あり,購入可,https://www.dospara.co.jp/SBR1892/IC522561.html,12GBモデル
2026-10-09,GPU,gpu-gigabyte-gaming-oc-rtx-5070,GIGABYTE GAMING OC RTX 5070,,RTX 5070,,パソコン工房,,確認できず,未確認,,指定店舗の検索と追加検索で一致商品URLを特定できず。取扱なし・販売終了とは断定していない
2026-10-09,GPU,gpu-gigabyte-gaming-oc-rtx-5070,GIGABYTE GAMING OC RTX 5070,,RTX 5070,,アプライド,,確認できず,未確認,,指定店舗の検索と追加検索で一致商品URLを特定できず。取扱なし・販売終了とは断定していない
2026-10-09,GPU,gpu-gigabyte-aero-oc-rtx-5070,GIGABYTE AERO OC RTX 5070,,RTX 5070,,アーク,,最新在庫未確認,未確認,https://www.ark-pc.co.jp/i/20107548/,取得元クロール: 3 weeks ago。旧日付の検索取得ページのため最新価格・在庫は未確認
2026-10-09,GPU,gpu-gigabyte-aero-oc-rtx-5070,GIGABYTE AERO OC RTX 5070,,RTX 5070,,ツクモ,162800,在庫わずか／24時間以内に出荷,購入可,https://shop.tsukumo.co.jp/goods/4988755071246/,
2026-10-09,GPU,gpu-gigabyte-aero-oc-rtx-5070,GIGABYTE AERO OC RTX 5070,,RTX 5070,,ドスパラ,,在庫なし,購入不可,https://www.dospara.co.jp/SBR1892/IC522560.html,12GBモデル
2026-10-09,GPU,gpu-gigabyte-aero-oc-rtx-5070,GIGABYTE AERO OC RTX 5070,,RTX 5070,,パソコン工房,,確認できず,未確認,,指定店舗の検索と追加検索で一致商品URLを特定できず。取扱なし・販売終了とは断定していない
2026-10-09,GPU,gpu-gigabyte-aero-oc-rtx-5070,GIGABYTE AERO OC RTX 5070,,RTX 5070,,アプライド,,確認できず,未確認,,指定店舗の検索と追加検索で一致商品URLを特定できず。取扱なし・販売終了とは断定していない
2026-10-09,GPU,gpu-gigabyte-eagle-oc-rtx-5070,GIGABYTE EAGLE OC RTX 5070,,RTX 5070,,アーク,,確認できず,未確認,,指定店舗の検索と追加検索で一致商品URLを特定できず。取扱なし・販売終了とは断定していない
2026-10-09,GPU,gpu-gigabyte-eagle-oc-rtx-5070,GIGABYTE EAGLE OC RTX 5070,,RTX 5070,,ツクモ,157800,在庫あり／24時間以内に出荷,購入可,https://shop.tsukumo.co.jp/goods/4988755071628/,
2026-10-09,GPU,gpu-gigabyte-eagle-oc-rtx-5070,GIGABYTE EAGLE OC RTX 5070,,RTX 5070,,ドスパラ,156800,在庫あり,購入可,https://www.dospara.co.jp/SBR1892/IC522572.html,12GBモデル
2026-10-09,GPU,gpu-gigabyte-eagle-oc-rtx-5070,GIGABYTE EAGLE OC RTX 5070,,RTX 5070,,パソコン工房,,確認できず,未確認,,指定店舗の検索と追加検索で一致商品URLを特定できず。取扱なし・販売終了とは断定していない
2026-10-09,GPU,gpu-gigabyte-eagle-oc-rtx-5070,GIGABYTE EAGLE OC RTX 5070,,RTX 5070,,アプライド,,確認できず,未確認,,指定店舗の検索と追加検索で一致商品URLを特定できず。取扱なし・販売終了とは断定していない
2026-10-09,GPU,gpu-gigabyte-windforce-oc-rtx-5070,GIGABYTE WINDFORCE OC RTX 5070,,RTX 5070,,アーク,,確認できず,未確認,https://www.ark-pc.co.jp/i/20107509/,商品一致候補だが税込価格・通販在庫を確定できず
2026-10-09,GPU,gpu-gigabyte-windforce-oc-rtx-5070,GIGABYTE WINDFORCE OC RTX 5070,,RTX 5070,,ツクモ,,在庫なし,購入不可,https://shop.tsukumo.co.jp/goods/4988755071277/,
2026-10-09,GPU,gpu-gigabyte-windforce-oc-rtx-5070,GIGABYTE WINDFORCE OC RTX 5070,,RTX 5070,,ドスパラ,,確認できず,未確認,,指定店舗の検索と追加検索で一致商品URLを特定できず。取扱なし・販売終了とは断定していない
2026-10-09,GPU,gpu-gigabyte-windforce-oc-rtx-5070,GIGABYTE WINDFORCE OC RTX 5070,,RTX 5070,,パソコン工房,154800,当日出荷 【27†Image: 当日出荷対応商品】【28†?】,購入可,https://www.pc-koubou.jp/products/detail.php?product_id=1143440,
2026-10-09,GPU,gpu-gigabyte-windforce-oc-rtx-5070,GIGABYTE WINDFORCE OC RTX 5070,,RTX 5070,,アプライド,,確認できず,未確認,,指定店舗の検索と追加検索で一致商品URLを特定できず。取扱なし・販売終了とは断定していない
2026-10-09,GPU,gpu-zotac-twin-edge-oc-rtx-5070,ZOTAC Twin Edge OC RTX 5070,,RTX 5070,,アーク,,最新在庫未確認,未確認,https://www.ark-pc.co.jp/i/20107623/,取得元クロール: 3 weeks ago。旧日付の検索取得ページのため最新価格・在庫は未確認
2026-10-09,GPU,gpu-zotac-twin-edge-oc-rtx-5070,ZOTAC Twin Edge OC RTX 5070,,RTX 5070,,ツクモ,179800,在庫わずか／24時間以内に出荷,購入可,https://shop.tsukumo.co.jp/goods/4537694369619/,12GBモデル
2026-10-09,GPU,gpu-zotac-twin-edge-oc-rtx-5070,ZOTAC Twin Edge OC RTX 5070,,RTX 5070,,ドスパラ,,在庫なし,購入不可,https://www.dospara.co.jp/SBR1892/IC527340.html,12GBモデル
2026-10-09,GPU,gpu-zotac-twin-edge-oc-rtx-5070,ZOTAC Twin Edge OC RTX 5070,,RTX 5070,,パソコン工房,179800,当日出荷 【25†Image: 当日出荷対応商品】【26†?】,購入可,https://www.pc-koubou.jp/products/detail.php?product_id=1148219,取得元クロール: yesterday
2026-10-09,GPU,gpu-zotac-twin-edge-oc-rtx-5070,ZOTAC Twin Edge OC RTX 5070,,RTX 5070,,アプライド,,確認できず,未確認,,指定店舗の検索と追加検索で一致商品URLを特定できず。取扱なし・販売終了とは断定していない
2026-10-09,GPU,gpu-palit-infinity-3-oc-rtx-5070,Palit Infinity 3 OC RTX 5070,,RTX 5070,,アーク,,確認できず,未確認,,指定店舗の検索と追加検索で一致商品URLを特定できず。取扱なし・販売終了とは断定していない
2026-10-09,GPU,gpu-palit-infinity-3-oc-rtx-5070,Palit Infinity 3 OC RTX 5070,,RTX 5070,,ツクモ,,確認できず,未確認,,指定店舗の検索と追加検索で一致商品URLを特定できず。取扱なし・販売終了とは断定していない
2026-10-09,GPU,gpu-palit-infinity-3-oc-rtx-5070,Palit Infinity 3 OC RTX 5070,,RTX 5070,,ドスパラ,159800,在庫あり,購入可,https://www.dospara.co.jp/SBR1892/IC594815.html,12GBモデル
2026-10-09,GPU,gpu-palit-infinity-3-oc-rtx-5070,Palit Infinity 3 OC RTX 5070,,RTX 5070,,パソコン工房,,確認できず,未確認,,指定店舗の検索と追加検索で一致商品URLを特定できず。取扱なし・販売終了とは断定していない
2026-10-09,GPU,gpu-palit-infinity-3-oc-rtx-5070,Palit Infinity 3 OC RTX 5070,,RTX 5070,,アプライド,,確認できず,未確認,,指定店舗の検索と追加検索で一致商品URLを特定できず。取扱なし・販売終了とは断定していない
2026-10-09,GPU,gpu-pny-oc-slim-rtx-5070,PNY OC SLIM RTX 5070,,RTX 5070,,アーク,,確認できず,未確認,,指定店舗の検索と追加検索で一致商品URLを特定できず。取扱なし・販売終了とは断定していない
2026-10-09,GPU,gpu-pny-oc-slim-rtx-5070,PNY OC SLIM RTX 5070,,RTX 5070,,ツクモ,,確認できず,未確認,,指定店舗の検索と追加検索で一致商品URLを特定できず。取扱なし・販売終了とは断定していない
2026-10-09,GPU,gpu-pny-oc-slim-rtx-5070,PNY OC SLIM RTX 5070,,RTX 5070,,ドスパラ,,確認できず,未確認,,指定店舗の検索と追加検索で一致商品URLを特定できず。取扱なし・販売終了とは断定していない
2026-10-09,GPU,gpu-pny-oc-slim-rtx-5070,PNY OC SLIM RTX 5070,,RTX 5070,,パソコン工房,,確認できず,未確認,,指定店舗の検索と追加検索で一致商品URLを特定できず。取扱なし・販売終了とは断定していない
2026-10-09,GPU,gpu-pny-oc-slim-rtx-5070,PNY OC SLIM RTX 5070,,RTX 5070,,アプライド,,確認できず,未確認,,指定店舗の検索と追加検索で一致商品URLを特定できず。取扱なし・販売終了とは断定していない
2026-10-09,GPU,gpu-nvidia-founders-edition-rtx-5070,NVIDIA Founders Edition RTX 5070,,RTX 5070,,アーク,,確認できず,未確認,,指定店舗の検索と追加検索で一致商品URLを特定できず。取扱なし・販売終了とは断定していない
2026-10-09,GPU,gpu-nvidia-founders-edition-rtx-5070,NVIDIA Founders Edition RTX 5070,,RTX 5070,,ツクモ,,確認できず,未確認,,指定店舗の検索と追加検索で一致商品URLを特定できず。取扱なし・販売終了とは断定していない
2026-10-09,GPU,gpu-nvidia-founders-edition-rtx-5070,NVIDIA Founders Edition RTX 5070,,RTX 5070,,ドスパラ,,確認できず,未確認,,指定店舗の検索と追加検索で一致商品URLを特定できず。取扱なし・販売終了とは断定していない
2026-10-09,GPU,gpu-nvidia-founders-edition-rtx-5070,NVIDIA Founders Edition RTX 5070,,RTX 5070,,パソコン工房,,確認できず,未確認,,指定店舗の検索と追加検索で一致商品URLを特定できず。取扱なし・販売終了とは断定していない
2026-10-09,GPU,gpu-nvidia-founders-edition-rtx-5070,NVIDIA Founders Edition RTX 5070,,RTX 5070,,アプライド,,確認できず,未確認,,指定店舗の検索と追加検索で一致商品URLを特定できず。取扱なし・販売終了とは断定していない
2026-10-09,GPU,gpu-asus-tuf-gaming-oc-rtx-5060-ti,ASUS TUF Gaming OC RTX 5060 Ti,,RTX 5060 Ti,,アーク,,最新在庫未確認,未確認,https://www.ark-pc.co.jp/i/20107612/,取得元クロール: 6 days ago。旧日付の検索取得ページのため最新価格・在庫は未確認
2026-10-09,GPU,gpu-asus-tuf-gaming-oc-rtx-5060-ti,ASUS TUF Gaming OC RTX 5060 Ti,,RTX 5060 Ti,,ツクモ,126800,在庫あり／24時間以内に出荷,購入可,https://shop.tsukumo.co.jp/goods/0197105994379/,8GBモデル
2026-10-09,GPU,gpu-asus-tuf-gaming-oc-rtx-5060-ti,ASUS TUF Gaming OC RTX 5060 Ti,,RTX 5060 Ti,,ドスパラ,,在庫なし,購入不可,https://www.dospara.co.jp/SBR1892/IC526336.html,8GBモデル
2026-10-09,GPU,gpu-asus-tuf-gaming-oc-rtx-5060-ti,ASUS TUF Gaming OC RTX 5060 Ti,,RTX 5060 Ti,,パソコン工房,175800,当日出荷 【21†Image: 当日出荷対応商品】【22†?】,購入可,https://www.pc-koubou.jp/products/detail.php?product_id=1141785,
2026-10-09,GPU,gpu-asus-tuf-gaming-oc-rtx-5060-ti,ASUS TUF Gaming OC RTX 5060 Ti,,RTX 5060 Ti,,アプライド,,確認できず,未確認,,指定店舗の検索と追加検索で一致商品URLを特定できず。取扱なし・販売終了とは断定していない
2026-10-09,GPU,gpu-asus-prime-oc-rtx-5060-ti,ASUS PRIME OC RTX 5060 Ti,,RTX 5060 Ti,,アーク,,最新在庫未確認,未確認,https://www.ark-pc.co.jp/i/20107613/,取得元クロール: last month。旧日付の検索取得ページのため最新価格・在庫は未確認
2026-10-09,GPU,gpu-asus-prime-oc-rtx-5060-ti,ASUS PRIME OC RTX 5060 Ti,,RTX 5060 Ti,,ツクモ,119799,在庫あり／24時間以内に出荷,購入可,https://shop.tsukumo.co.jp/goods/0197105994201/,8GBモデル
2026-10-09,GPU,gpu-asus-prime-oc-rtx-5060-ti,ASUS PRIME OC RTX 5060 Ti,,RTX 5060 Ti,,ドスパラ,,在庫なし,購入不可,https://www.dospara.co.jp/SBR1892/IC525631.html,16GBモデル
2026-10-09,GPU,gpu-asus-prime-oc-rtx-5060-ti,ASUS PRIME OC RTX 5060 Ti,,RTX 5060 Ti,,パソコン工房,98943,当日出荷 【21†Image: 当日出荷対応商品】【22†?】,購入可,https://www.pc-koubou.jp/products/detail.php?product_id=1141812,8GBモデル
2026-10-09,GPU,gpu-asus-prime-oc-rtx-5060-ti,ASUS PRIME OC RTX 5060 Ti,,RTX 5060 Ti,,アプライド,,確認できず,未確認,,指定店舗の検索と追加検索で一致商品URLを特定できず。取扱なし・販売終了とは断定していない
2026-10-09,GPU,gpu-asus-dual-oc-rtx-5060-ti,ASUS DUAL OC RTX 5060 Ti,,RTX 5060 Ti,,アーク,,確認できず,未確認,https://www.ark-pc.co.jp/i/20107614/,商品候補のページ表示を取得できず、税込価格・通販在庫を確定できず
2026-10-09,GPU,gpu-asus-dual-oc-rtx-5060-ti,ASUS DUAL OC RTX 5060 Ti,,RTX 5060 Ti,,ツクモ,116800,在庫あり／24時間以内に出荷,購入可,https://shop.tsukumo.co.jp/goods/0197105994294/,8GBモデル
2026-10-09,GPU,gpu-asus-dual-oc-rtx-5060-ti,ASUS DUAL OC RTX 5060 Ti,,RTX 5060 Ti,,ドスパラ,89800,在庫あり,購入可,https://www.dospara.co.jp/SBR1892/IC526339.html,8GBモデル
2026-10-09,GPU,gpu-asus-dual-oc-rtx-5060-ti,ASUS DUAL OC RTX 5060 Ti,,RTX 5060 Ti,,パソコン工房,108999,当日出荷 【35†Image: 当日出荷対応商品】【36†?】,購入可,https://www.pc-koubou.jp/products/detail.php?product_id=1191294,8GBモデル／ホワイトモデル
2026-10-09,GPU,gpu-asus-dual-oc-rtx-5060-ti,ASUS DUAL OC RTX 5060 Ti,,RTX 5060 Ti,,アプライド,,確認できず,未確認,,指定店舗の検索と追加検索で一致商品URLを特定できず。取扱なし・販売終了とは断定していない
2026-10-09,GPU,gpu-msi-gaming-oc-rtx-5060-ti,MSI GAMING OC RTX 5060 Ti,,RTX 5060 Ti,,アーク,,取扱終了,取扱終了,https://www.ark-pc.co.jp/i/20107587/,8GBモデル／取得元クロール: last month
2026-10-09,GPU,gpu-msi-gaming-oc-rtx-5060-ti,MSI GAMING OC RTX 5060 Ti,,RTX 5060 Ti,,ツクモ,,在庫なし,購入不可,https://shop.tsukumo.co.jp/goods/4711377336796/,
2026-10-09,GPU,gpu-msi-gaming-oc-rtx-5060-ti,MSI GAMING OC RTX 5060 Ti,,RTX 5060 Ti,,ドスパラ,,在庫なし,購入不可,https://www.dospara.co.jp/SBR1892/IC525605.html,16GBモデル
2026-10-09,GPU,gpu-msi-gaming-oc-rtx-5060-ti,MSI GAMING OC RTX 5060 Ti,,RTX 5060 Ti,,パソコン工房,,確認できず,未確認,,指定店舗の検索と追加検索で一致商品URLを特定できず。取扱なし・販売終了とは断定していない
2026-10-09,GPU,gpu-msi-gaming-oc-rtx-5060-ti,MSI GAMING OC RTX 5060 Ti,,RTX 5060 Ti,,アプライド,,確認できず,未確認,,指定店舗の検索と追加検索で一致商品URLを特定できず。取扱なし・販売終了とは断定していない
2026-10-09,GPU,gpu-msi-ventus-2x-oc-plus-rtx-5060-ti,MSI VENTUS 2X OC PLUS RTX 5060 Ti,,RTX 5060 Ti,,アーク,139800,在庫あり,購入可,https://www.ark-pc.co.jp/i/20107586/,16GBモデル
2026-10-09,GPU,gpu-msi-ventus-2x-oc-plus-rtx-5060-ti,MSI VENTUS 2X OC PLUS RTX 5060 Ti,,RTX 5060 Ti,,ツクモ,104800,在庫あり／24時間以内に出荷,購入可,https://shop.tsukumo.co.jp/goods/4711377338868/,
2026-10-09,GPU,gpu-msi-ventus-2x-oc-plus-rtx-5060-ti,MSI VENTUS 2X OC PLUS RTX 5060 Ti,,RTX 5060 Ti,,ドスパラ,104800,在庫あり,購入可,https://www.dospara.co.jp/SBR1892/IC526209.html,8GBモデル
2026-10-09,GPU,gpu-msi-ventus-2x-oc-plus-rtx-5060-ti,MSI VENTUS 2X OC PLUS RTX 5060 Ti,,RTX 5060 Ti,,パソコン工房,139800,当日出荷 【25†Image: 当日出荷対応商品】【26†?】,購入可,https://www.pc-koubou.jp/products/detail.php?product_id=1141798,
2026-10-09,GPU,gpu-msi-ventus-2x-oc-plus-rtx-5060-ti,MSI VENTUS 2X OC PLUS RTX 5060 Ti,,RTX 5060 Ti,,アプライド,,確認できず,未確認,,指定店舗の検索と追加検索で一致商品URLを特定できず。取扱なし・販売終了とは断定していない
2026-10-09,GPU,gpu-msi-inspire-2x-oc-rtx-5060-ti,MSI INSPIRE 2X OC RTX 5060 Ti,,RTX 5060 Ti,,アーク,,取扱終了,取扱終了,https://www.ark-pc.co.jp/i/20107588/,8GBモデル／取得元クロール: last month
2026-10-09,GPU,gpu-msi-inspire-2x-oc-rtx-5060-ti,MSI INSPIRE 2X OC RTX 5060 Ti,,RTX 5060 Ti,,ツクモ,,販売終了,取扱終了,https://shop.tsukumo.co.jp/goods/4711377341417/,
2026-10-09,GPU,gpu-msi-inspire-2x-oc-rtx-5060-ti,MSI INSPIRE 2X OC RTX 5060 Ti,,RTX 5060 Ti,,ドスパラ,,在庫なし,購入不可,https://www.dospara.co.jp/SBR1892/IC525609.html,8GBモデル
2026-10-09,GPU,gpu-msi-inspire-2x-oc-rtx-5060-ti,MSI INSPIRE 2X OC RTX 5060 Ti,,RTX 5060 Ti,,パソコン工房,,確認できず,未確認,,指定店舗の検索と追加検索で一致商品URLを特定できず。取扱なし・販売終了とは断定していない
2026-10-09,GPU,gpu-msi-inspire-2x-oc-rtx-5060-ti,MSI INSPIRE 2X OC RTX 5060 Ti,,RTX 5060 Ti,,アプライド,,確認できず,未確認,,指定店舗の検索と追加検索で一致商品URLを特定できず。取扱なし・販売終了とは断定していない
2026-10-09,GPU,gpu-gigabyte-windforce-max-oc-rtx-5060-ti,GIGABYTE WINDFORCE MAX OC RTX 5060 Ti,,RTX 5060 Ti,,アーク,,在庫なし,購入不可,https://www.ark-pc.co.jp/i/20107712/,16GBモデル／取得元クロール: yesterday
2026-10-09,GPU,gpu-gigabyte-windforce-max-oc-rtx-5060-ti,GIGABYTE WINDFORCE MAX OC RTX 5060 Ti,,RTX 5060 Ti,,ツクモ,89800,在庫あり／24時間以内に出荷,購入可,https://shop.tsukumo.co.jp/goods/4988755075657/,
2026-10-09,GPU,gpu-gigabyte-windforce-max-oc-rtx-5060-ti,GIGABYTE WINDFORCE MAX OC RTX 5060 Ti,,RTX 5060 Ti,,ドスパラ,,確認できず,未確認,,指定店舗の検索と追加検索で一致商品URLを特定できず。取扱なし・販売終了とは断定していない
2026-10-09,GPU,gpu-gigabyte-windforce-max-oc-rtx-5060-ti,GIGABYTE WINDFORCE MAX OC RTX 5060 Ti,,RTX 5060 Ti,,パソコン工房,,確認できず,未確認,,指定店舗の検索と追加検索で一致商品URLを特定できず。取扱なし・販売終了とは断定していない
2026-10-09,GPU,gpu-gigabyte-windforce-max-oc-rtx-5060-ti,GIGABYTE WINDFORCE MAX OC RTX 5060 Ti,,RTX 5060 Ti,,アプライド,,確認できず,未確認,,指定店舗の検索と追加検索で一致商品URLを特定できず。取扱なし・販売終了とは断定していない
2026-10-09,GPU,gpu-palit-infinity-3-oc-rtx-5060-ti,Palit Infinity 3 OC RTX 5060 Ti,,RTX 5060 Ti,,アーク,,確認できず,未確認,,指定店舗の検索と追加検索で一致商品URLを特定できず。取扱なし・販売終了とは断定していない
2026-10-09,GPU,gpu-palit-infinity-3-oc-rtx-5060-ti,Palit Infinity 3 OC RTX 5060 Ti,,RTX 5060 Ti,,ツクモ,,確認できず,未確認,,指定店舗の検索と追加検索で一致商品URLを特定できず。取扱なし・販売終了とは断定していない
2026-10-09,GPU,gpu-palit-infinity-3-oc-rtx-5060-ti,Palit Infinity 3 OC RTX 5060 Ti,,RTX 5060 Ti,,ドスパラ,139800,在庫あり,購入可,https://www.dospara.co.jp/SBR1892/IC580817.html,16GBモデル
2026-10-09,GPU,gpu-palit-infinity-3-oc-rtx-5060-ti,Palit Infinity 3 OC RTX 5060 Ti,,RTX 5060 Ti,,パソコン工房,,確認できず,未確認,,指定店舗の検索と追加検索で一致商品URLを特定できず。取扱なし・販売終了とは断定していない
2026-10-09,GPU,gpu-palit-infinity-3-oc-rtx-5060-ti,Palit Infinity 3 OC RTX 5060 Ti,,RTX 5060 Ti,,アプライド,,確認できず,未確認,,指定店舗の検索と追加検索で一致商品URLを特定できず。取扱なし・販売終了とは断定していない
2026-10-09,GPU,gpu-palit-dual-rtx-5060-ti,Palit Dual RTX 5060 Ti,,RTX 5060 Ti,,アーク,,確認できず,未確認,,指定店舗の検索と追加検索で一致商品URLを特定できず。取扱なし・販売終了とは断定していない
2026-10-09,GPU,gpu-palit-dual-rtx-5060-ti,Palit Dual RTX 5060 Ti,,RTX 5060 Ti,,ツクモ,,確認できず,未確認,,指定店舗の検索と追加検索で一致商品URLを特定できず。取扱なし・販売終了とは断定していない
2026-10-09,GPU,gpu-palit-dual-rtx-5060-ti,Palit Dual RTX 5060 Ti,,RTX 5060 Ti,,ドスパラ,79800,在庫あり,購入可,https://www.dospara.co.jp/SBR1892/IC523107.html,8GBモデル
2026-10-09,GPU,gpu-palit-dual-rtx-5060-ti,Palit Dual RTX 5060 Ti,,RTX 5060 Ti,,パソコン工房,,確認できず,未確認,,指定店舗の検索と追加検索で一致商品URLを特定できず。取扱なし・販売終了とは断定していない
2026-10-09,GPU,gpu-palit-dual-rtx-5060-ti,Palit Dual RTX 5060 Ti,,RTX 5060 Ti,,アプライド,,確認できず,未確認,,指定店舗の検索と追加検索で一致商品URLを特定できず。取扱なし・販売終了とは断定していない
2026-10-09,GPU,gpu-pny-overclocked-dual-fan-rtx-5060-ti,PNY Overclocked Dual Fan RTX 5060 Ti,,RTX 5060 Ti,,アーク,,確認できず,未確認,,指定店舗の検索と追加検索で一致商品URLを特定できず。取扱なし・販売終了とは断定していない
2026-10-09,GPU,gpu-pny-overclocked-dual-fan-rtx-5060-ti,PNY Overclocked Dual Fan RTX 5060 Ti,,RTX 5060 Ti,,ツクモ,95800,在庫あり／24時間以内に出荷,購入可,https://shop.tsukumo.co.jp/goods/0751492795652/,8GBモデル
2026-10-09,GPU,gpu-pny-overclocked-dual-fan-rtx-5060-ti,PNY Overclocked Dual Fan RTX 5060 Ti,,RTX 5060 Ti,,ドスパラ,,確認できず,未確認,,指定店舗の検索と追加検索で一致商品URLを特定できず。取扱なし・販売終了とは断定していない
2026-10-09,GPU,gpu-pny-overclocked-dual-fan-rtx-5060-ti,PNY Overclocked Dual Fan RTX 5060 Ti,,RTX 5060 Ti,,パソコン工房,,確認できず,未確認,,指定店舗の検索と追加検索で一致商品URLを特定できず。取扱なし・販売終了とは断定していない
2026-10-09,GPU,gpu-pny-overclocked-dual-fan-rtx-5060-ti,PNY Overclocked Dual Fan RTX 5060 Ti,,RTX 5060 Ti,,アプライド,,確認できず,未確認,,指定店舗の検索と追加検索で一致商品URLを特定できず。取扱なし・販売終了とは断定していない
2026-10-09,GPU,gpu-galakuro-gaming-gg-rtx5060ti-e8gb-oc-df-rtx-5060-ti,玄人志向 GALAKURO GAMING GG-RTX5060Ti-E8GB/OC/DF RTX 5060 Ti,,RTX 5060 Ti,,アーク,,確認できず,未確認,,指定店舗の検索と追加検索で一致商品URLを特定できず。取扱なし・販売終了とは断定していない
2026-10-09,GPU,gpu-galakuro-gaming-gg-rtx5060ti-e8gb-oc-df-rtx-5060-ti,玄人志向 GALAKURO GAMING GG-RTX5060Ti-E8GB/OC/DF RTX 5060 Ti,,RTX 5060 Ti,,ツクモ,,確認できず,未確認,,指定店舗の検索と追加検索で一致商品URLを特定できず。取扱なし・販売終了とは断定していない
2026-10-09,GPU,gpu-galakuro-gaming-gg-rtx5060ti-e8gb-oc-df-rtx-5060-ti,玄人志向 GALAKURO GAMING GG-RTX5060Ti-E8GB/OC/DF RTX 5060 Ti,,RTX 5060 Ti,,ドスパラ,,確認できず,未確認,,指定店舗の検索と追加検索で一致商品URLを特定できず。取扱なし・販売終了とは断定していない
2026-10-09,GPU,gpu-galakuro-gaming-gg-rtx5060ti-e8gb-oc-df-rtx-5060-ti,玄人志向 GALAKURO GAMING GG-RTX5060Ti-E8GB/OC/DF RTX 5060 Ti,,RTX 5060 Ti,,パソコン工房,,確認できず,未確認,,指定店舗の検索と追加検索で一致商品URLを特定できず。取扱なし・販売終了とは断定していない
2026-10-09,GPU,gpu-galakuro-gaming-gg-rtx5060ti-e8gb-oc-df-rtx-5060-ti,玄人志向 GALAKURO GAMING GG-RTX5060Ti-E8GB/OC/DF RTX 5060 Ti,,RTX 5060 Ti,,アプライド,,確認できず,未確認,,指定店舗の検索と追加検索で一致商品URLを特定できず。取扱なし・販売終了とは断定していない
2026-10-09,GPU,gpu-asus-tuf-gaming-oc-rtx-5060,ASUS TUF Gaming OC RTX 5060,,RTX 5060,,アーク,,最新在庫未確認,未確認,https://www.ark-pc.co.jp/i/20107639/,取得元クロール: 3 weeks ago。旧日付の検索取得ページのため最新価格・在庫は未確認
2026-10-09,GPU,gpu-asus-tuf-gaming-oc-rtx-5060,ASUS TUF Gaming OC RTX 5060,,RTX 5060,,ツクモ,107800,在庫あり／24時間以内に出荷,購入可,https://shop.tsukumo.co.jp/goods/0199291058170/,8GBモデル
2026-10-09,GPU,gpu-asus-tuf-gaming-oc-rtx-5060,ASUS TUF Gaming OC RTX 5060,,RTX 5060,,ドスパラ,,在庫なし,購入不可,https://www.dospara.co.jp/SBR1892/IC527629.html,8GBモデル
2026-10-09,GPU,gpu-asus-tuf-gaming-oc-rtx-5060,ASUS TUF Gaming OC RTX 5060,,RTX 5060,,パソコン工房,,確認できず,未確認,https://www.pc-koubou.jp/products/detail.php?product_id=1148789,商品候補のページ表示を取得できず、税込価格・通販在庫を確定できず
2026-10-09,GPU,gpu-asus-tuf-gaming-oc-rtx-5060,ASUS TUF Gaming OC RTX 5060,,RTX 5060,,アプライド,,確認できず,未確認,,指定店舗の検索と追加検索で一致商品URLを特定できず。取扱なし・販売終了とは断定していない
2026-10-09,GPU,gpu-asus-prime-oc-rtx-5060,ASUS PRIME OC RTX 5060,,RTX 5060,,アーク,,最新在庫未確認,未確認,https://www.ark-pc.co.jp/i/20107640/,取得元クロール: last month。旧日付の検索取得ページのため最新価格・在庫は未確認
2026-10-09,GPU,gpu-asus-prime-oc-rtx-5060,ASUS PRIME OC RTX 5060,,RTX 5060,,ツクモ,102800,在庫あり／24時間以内に出荷,購入可,https://shop.tsukumo.co.jp/goods/0199291057852/,8GBモデル
2026-10-09,GPU,gpu-asus-prime-oc-rtx-5060,ASUS PRIME OC RTX 5060,,RTX 5060,,ドスパラ,,在庫なし,購入不可,https://www.dospara.co.jp/SBR1892/IC527630.html,8GBモデル
2026-10-09,GPU,gpu-asus-prime-oc-rtx-5060,ASUS PRIME OC RTX 5060,,RTX 5060,,パソコン工房,,最新在庫未確認,未確認,https://www.pc-koubou.jp/products/detail.php?product_id=1148775,取得元クロール: 2 days ago。旧日付の検索取得ページのため最新価格・在庫は未確認
2026-10-09,GPU,gpu-asus-prime-oc-rtx-5060,ASUS PRIME OC RTX 5060,,RTX 5060,,アプライド,,確認できず,未確認,,指定店舗の検索と追加検索で一致商品URLを特定できず。取扱なし・販売終了とは断定していない
2026-10-09,GPU,gpu-asus-dual-oc-rtx-5060,ASUS DUAL OC RTX 5060,,RTX 5060,,アーク,,確認できず,未確認,https://www.ark-pc.co.jp/i/20107641/,商品候補のページ表示を取得できず、税込価格・通販在庫を確定できず
2026-10-09,GPU,gpu-asus-dual-oc-rtx-5060,ASUS DUAL OC RTX 5060,,RTX 5060,,ツクモ,99800,在庫あり／24時間以内に出荷,購入可,https://shop.tsukumo.co.jp/goods/0199291196964/,8GBモデル／ホワイトモデル
2026-10-09,GPU,gpu-asus-dual-oc-rtx-5060,ASUS DUAL OC RTX 5060,,RTX 5060,,ドスパラ,,在庫なし,購入不可,https://www.dospara.co.jp/SBR1892/IC527631.html,8GBモデル
2026-10-09,GPU,gpu-asus-dual-oc-rtx-5060,ASUS DUAL OC RTX 5060,,RTX 5060,,パソコン工房,97801,当日出荷 【28†Image: 当日出荷対応商品】【29†?】,購入可,https://www.pc-koubou.jp/products/detail.php?product_id=1148776,8GBモデル
2026-10-09,GPU,gpu-asus-dual-oc-rtx-5060,ASUS DUAL OC RTX 5060,,RTX 5060,,アプライド,,確認できず,未確認,,指定店舗の検索と追加検索で一致商品URLを特定できず。取扱なし・販売終了とは断定していない
2026-10-09,GPU,gpu-asus-low-profile-rtx-5060,ASUS Low Profile RTX 5060,,RTX 5060,,アーク,,確認できず,未確認,,指定店舗の検索と追加検索で一致商品URLを特定できず。取扱なし・販売終了とは断定していない
2026-10-09,GPU,gpu-asus-low-profile-rtx-5060,ASUS Low Profile RTX 5060,,RTX 5060,,ツクモ,,確認できず,未確認,,指定店舗の検索と追加検索で一致商品URLを特定できず。取扱なし・販売終了とは断定していない
2026-10-09,GPU,gpu-asus-low-profile-rtx-5060,ASUS Low Profile RTX 5060,,RTX 5060,,ドスパラ,,確認できず,未確認,,指定店舗の検索と追加検索で一致商品URLを特定できず。取扱なし・販売終了とは断定していない
2026-10-09,GPU,gpu-asus-low-profile-rtx-5060,ASUS Low Profile RTX 5060,,RTX 5060,,パソコン工房,,確認できず,未確認,,指定店舗の検索と追加検索で一致商品URLを特定できず。取扱なし・販売終了とは断定していない
2026-10-09,GPU,gpu-asus-low-profile-rtx-5060,ASUS Low Profile RTX 5060,,RTX 5060,,アプライド,,確認できず,未確認,,指定店舗の検索と追加検索で一致商品URLを特定できず。取扱なし・販売終了とは断定していない
2026-10-09,GPU,gpu-msi-ventus-2x-oc-rtx-5060,MSI VENTUS 2X OC RTX 5060,,RTX 5060,,アーク,,最新在庫未確認,未確認,https://www.ark-pc.co.jp/i/20107651/,取得元クロール: 2 weeks ago。旧日付の検索取得ページのため最新価格・在庫は未確認
2026-10-09,GPU,gpu-msi-ventus-2x-oc-rtx-5060,MSI VENTUS 2X OC RTX 5060,,RTX 5060,,ツクモ,88800,在庫あり,購入可,https://shop.tsukumo.co.jp/goods/4711377344272/,
2026-10-09,GPU,gpu-msi-ventus-2x-oc-rtx-5060,MSI VENTUS 2X OC RTX 5060,,RTX 5060,,ドスパラ,88800,在庫あり,購入可,https://www.dospara.co.jp/SBR1892/IC667049.html,8GBモデル
2026-10-09,GPU,gpu-msi-ventus-2x-oc-rtx-5060,MSI VENTUS 2X OC RTX 5060,,RTX 5060,,パソコン工房,,最新在庫未確認,未確認,https://www.pc-koubou.jp/products/detail.php?product_id=1263192,取得元クロール: 4 days ago。旧日付の検索取得ページのため最新価格・在庫は未確認
2026-10-09,GPU,gpu-msi-ventus-2x-oc-rtx-5060,MSI VENTUS 2X OC RTX 5060,,RTX 5060,,アプライド,,確認できず,未確認,,指定店舗の検索と追加検索で一致商品URLを特定できず。取扱なし・販売終了とは断定していない
2026-10-09,GPU,gpu-gigabyte-gaming-oc-rtx-5060,GIGABYTE GAMING OC RTX 5060,,RTX 5060,,アーク,,最新在庫未確認,未確認,https://www.ark-pc.co.jp/i/20107644/,取得元クロール: last month。旧日付の検索取得ページのため最新価格・在庫は未確認
2026-10-09,GPU,gpu-gigabyte-gaming-oc-rtx-5060,GIGABYTE GAMING OC RTX 5060,,RTX 5060,,ツクモ,87800,在庫あり／24時間以内に出荷,購入可,https://shop.tsukumo.co.jp/goods/4988755073103/,
2026-10-09,GPU,gpu-gigabyte-gaming-oc-rtx-5060,GIGABYTE GAMING OC RTX 5060,,RTX 5060,,ドスパラ,,在庫なし,購入不可,https://www.dospara.co.jp/SBR1892/IC527635.html,8GBモデル
2026-10-09,GPU,gpu-gigabyte-gaming-oc-rtx-5060,GIGABYTE GAMING OC RTX 5060,,RTX 5060,,パソコン工房,,確認できず,未確認,,指定店舗の検索と追加検索で一致商品URLを特定できず。取扱なし・販売終了とは断定していない
2026-10-09,GPU,gpu-gigabyte-gaming-oc-rtx-5060,GIGABYTE GAMING OC RTX 5060,,RTX 5060,,アプライド,,確認できず,未確認,,指定店舗の検索と追加検索で一致商品URLを特定できず。取扱なし・販売終了とは断定していない
2026-10-09,GPU,gpu-gigabyte-eagle-oc-rtx-5060,GIGABYTE EAGLE OC RTX 5060,,RTX 5060,,アーク,,最新在庫未確認,未確認,https://www.ark-pc.co.jp/i/20107646/,取得元クロール: 3 weeks ago。旧日付の検索取得ページのため最新価格・在庫は未確認
2026-10-09,GPU,gpu-gigabyte-eagle-oc-rtx-5060,GIGABYTE EAGLE OC RTX 5060,,RTX 5060,,ツクモ,84500,在庫わずか／24時間以内に出荷,購入可,https://shop.tsukumo.co.jp/goods/4988755072991/,
2026-10-09,GPU,gpu-gigabyte-eagle-oc-rtx-5060,GIGABYTE EAGLE OC RTX 5060,,RTX 5060,,ドスパラ,,在庫なし,購入不可,https://www.dospara.co.jp/SBR1892/IC527638.html,8GBモデル
2026-10-09,GPU,gpu-gigabyte-eagle-oc-rtx-5060,GIGABYTE EAGLE OC RTX 5060,,RTX 5060,,パソコン工房,,確認できず,未確認,,指定店舗の検索と追加検索で一致商品URLを特定できず。取扱なし・販売終了とは断定していない
2026-10-09,GPU,gpu-gigabyte-eagle-oc-rtx-5060,GIGABYTE EAGLE OC RTX 5060,,RTX 5060,,アプライド,,確認できず,未確認,,指定店舗の検索と追加検索で一致商品URLを特定できず。取扱なし・販売終了とは断定していない
2026-10-09,GPU,gpu-gigabyte-windforce-max-oc-rtx-5060,GIGABYTE WINDFORCE MAX OC RTX 5060,,RTX 5060,,アーク,,最新在庫未確認,未確認,https://www.ark-pc.co.jp/i/20107834/,取得元クロール: 4 weeks ago。旧日付の検索取得ページのため最新価格・在庫は未確認
2026-10-09,GPU,gpu-gigabyte-windforce-max-oc-rtx-5060,GIGABYTE WINDFORCE MAX OC RTX 5060,,RTX 5060,,ツクモ,83800,在庫あり／24時間以内に出荷,購入可,https://shop.tsukumo.co.jp/goods/4988755073851/,
2026-10-09,GPU,gpu-gigabyte-windforce-max-oc-rtx-5060,GIGABYTE WINDFORCE MAX OC RTX 5060,,RTX 5060,,ドスパラ,,確認できず,未確認,,指定店舗の検索と追加検索で一致商品URLを特定できず。取扱なし・販売終了とは断定していない
2026-10-09,GPU,gpu-gigabyte-windforce-max-oc-rtx-5060,GIGABYTE WINDFORCE MAX OC RTX 5060,,RTX 5060,,パソコン工房,,最新在庫未確認,未確認,https://www.pc-koubou.jp/products/detail.php?product_id=1260165,取得元クロール: 6 days ago。旧日付の検索取得ページのため最新価格・在庫は未確認
2026-10-09,GPU,gpu-gigabyte-windforce-max-oc-rtx-5060,GIGABYTE WINDFORCE MAX OC RTX 5060,,RTX 5060,,アプライド,,確認できず,未確認,,指定店舗の検索と追加検索で一致商品URLを特定できず。取扱なし・販売終了とは断定していない
2026-10-09,GPU,gpu-gigabyte-low-profile-oc-rtx-5060,GIGABYTE Low Profile OC RTX 5060,,RTX 5060,,アーク,,最新在庫未確認,未確認,https://www.ark-pc.co.jp/i/20107647/,取得元クロール: last week。旧日付の検索取得ページのため最新価格・在庫は未確認
2026-10-09,GPU,gpu-gigabyte-low-profile-oc-rtx-5060,GIGABYTE Low Profile OC RTX 5060,,RTX 5060,,ツクモ,,在庫なし,購入不可,https://shop.tsukumo.co.jp/goods/4988755073011/,
2026-10-09,GPU,gpu-gigabyte-low-profile-oc-rtx-5060,GIGABYTE Low Profile OC RTX 5060,,RTX 5060,,ドスパラ,,確認できず,未確認,,指定店舗の検索と追加検索で一致商品URLを特定できず。取扱なし・販売終了とは断定していない
2026-10-09,GPU,gpu-gigabyte-low-profile-oc-rtx-5060,GIGABYTE Low Profile OC RTX 5060,,RTX 5060,,パソコン工房,,確認できず,未確認,,指定店舗の検索と追加検索で一致商品URLを特定できず。取扱なし・販売終了とは断定していない
2026-10-09,GPU,gpu-gigabyte-low-profile-oc-rtx-5060,GIGABYTE Low Profile OC RTX 5060,,RTX 5060,,アプライド,,確認できず,未確認,,指定店舗の検索と追加検索で一致商品URLを特定できず。取扱なし・販売終了とは断定していない
2026-10-09,GPU,gpu-zotac-low-profile-rtx-5060,ZOTAC Low Profile RTX 5060,,RTX 5060,,アーク,,取扱終了,取扱終了,https://www.ark-pc.co.jp/i/20107748/,8GBモデル／取得元クロール: 4 weeks ago
2026-10-09,GPU,gpu-zotac-low-profile-rtx-5060,ZOTAC Low Profile RTX 5060,,RTX 5060,,ツクモ,,在庫なし,購入不可,https://shop.tsukumo.co.jp/goods/4537694372503/,
2026-10-09,GPU,gpu-zotac-low-profile-rtx-5060,ZOTAC Low Profile RTX 5060,,RTX 5060,,ドスパラ,,確認できず,未確認,,指定店舗の検索と追加検索で一致商品URLを特定できず。取扱なし・販売終了とは断定していない
2026-10-09,GPU,gpu-zotac-low-profile-rtx-5060,ZOTAC Low Profile RTX 5060,,RTX 5060,,パソコン工房,,確認できず,未確認,,指定店舗の検索と追加検索で一致商品URLを特定できず。取扱なし・販売終了とは断定していない
2026-10-09,GPU,gpu-zotac-low-profile-rtx-5060,ZOTAC Low Profile RTX 5060,,RTX 5060,,アプライド,,確認できず,未確認,,指定店舗の検索と追加検索で一致商品URLを特定できず。取扱なし・販売終了とは断定していない
2026-10-09,GPU,gpu-inno3d-twin-x2-oc-rtx-5060,Inno3D TWIN X2 OC RTX 5060,,RTX 5060,,アーク,,確認できず,未確認,,指定店舗の検索と追加検索で一致商品URLを特定できず。取扱なし・販売終了とは断定していない
2026-10-09,GPU,gpu-inno3d-twin-x2-oc-rtx-5060,Inno3D TWIN X2 OC RTX 5060,,RTX 5060,,ツクモ,,確認できず,未確認,,指定店舗の検索と追加検索で一致商品URLを特定できず。取扱なし・販売終了とは断定していない
2026-10-09,GPU,gpu-inno3d-twin-x2-oc-rtx-5060,Inno3D TWIN X2 OC RTX 5060,,RTX 5060,,ドスパラ,,確認できず,未確認,,指定店舗の検索と追加検索で一致商品URLを特定できず。取扱なし・販売終了とは断定していない
2026-10-09,GPU,gpu-inno3d-twin-x2-oc-rtx-5060,Inno3D TWIN X2 OC RTX 5060,,RTX 5060,,パソコン工房,,確認できず,未確認,,指定店舗の検索と追加検索で一致商品URLを特定できず。取扱なし・販売終了とは断定していない
2026-10-09,GPU,gpu-inno3d-twin-x2-oc-rtx-5060,Inno3D TWIN X2 OC RTX 5060,,RTX 5060,,アプライド,,確認できず,未確認,,指定店舗の検索と追加検索で一致商品URLを特定できず。取扱なし・販売終了とは断定していない
2026-10-09,GPU,gpu-palit-dual-rtx-5060,Palit Dual RTX 5060,,RTX 5060,,アーク,,確認できず,未確認,,指定店舗の検索と追加検索で一致商品URLを特定できず。取扱なし・販売終了とは断定していない
2026-10-09,GPU,gpu-palit-dual-rtx-5060,Palit Dual RTX 5060,,RTX 5060,,ツクモ,,確認できず,未確認,,指定店舗の検索と追加検索で一致商品URLを特定できず。取扱なし・販売終了とは断定していない
2026-10-09,GPU,gpu-palit-dual-rtx-5060,Palit Dual RTX 5060,,RTX 5060,,ドスパラ,75980,在庫あり,購入可,https://www.dospara.co.jp/SBR1892/IC525590.html,8GBモデル
2026-10-09,GPU,gpu-palit-dual-rtx-5060,Palit Dual RTX 5060,,RTX 5060,,パソコン工房,,確認できず,未確認,,指定店舗の検索と追加検索で一致商品URLを特定できず。取扱なし・販売終了とは断定していない
2026-10-09,GPU,gpu-palit-dual-rtx-5060,Palit Dual RTX 5060,,RTX 5060,,アプライド,,確認できず,未確認,,指定店舗の検索と追加検索で一致商品URLを特定できず。取扱なし・販売終了とは断定していない
2026-10-09,GPU,gpu-galakuro-gaming-gg-rtx5060-e8gb-le-df-rtx-5060,玄人志向 GALAKURO GAMING GG-RTX5060-E8GB/LE/DF RTX 5060,,RTX 5060,,アーク,,確認できず,未確認,,指定店舗の検索と追加検索で一致商品URLを特定できず。取扱なし・販売終了とは断定していない
2026-10-09,GPU,gpu-galakuro-gaming-gg-rtx5060-e8gb-le-df-rtx-5060,玄人志向 GALAKURO GAMING GG-RTX5060-E8GB/LE/DF RTX 5060,,RTX 5060,,ツクモ,,確認できず,未確認,,指定店舗の検索と追加検索で一致商品URLを特定できず。取扱なし・販売終了とは断定していない
2026-10-09,GPU,gpu-galakuro-gaming-gg-rtx5060-e8gb-le-df-rtx-5060,玄人志向 GALAKURO GAMING GG-RTX5060-E8GB/LE/DF RTX 5060,,RTX 5060,,ドスパラ,,確認できず,未確認,,指定店舗の検索と追加検索で一致商品URLを特定できず。取扱なし・販売終了とは断定していない
2026-10-09,GPU,gpu-galakuro-gaming-gg-rtx5060-e8gb-le-df-rtx-5060,玄人志向 GALAKURO GAMING GG-RTX5060-E8GB/LE/DF RTX 5060,,RTX 5060,,パソコン工房,,確認できず,未確認,,指定店舗の検索と追加検索で一致商品URLを特定できず。取扱なし・販売終了とは断定していない
2026-10-09,GPU,gpu-galakuro-gaming-gg-rtx5060-e8gb-le-df-rtx-5060,玄人志向 GALAKURO GAMING GG-RTX5060-E8GB/LE/DF RTX 5060,,RTX 5060,,アプライド,,確認できず,未確認,,指定店舗の検索と追加検索で一致商品URLを特定できず。取扱なし・販売終了とは断定していない
2026-10-09,GPU,gpu-sapphire-nitro-rx-9070-xt,Sapphire NITRO+ RX 9070 XT,,RX 9070 XT,,アーク,,取扱終了,取扱終了,https://www.ark-pc.co.jp/i/20107802/,16GBモデル／取得元クロール: 4 weeks ago
2026-10-09,GPU,gpu-sapphire-nitro-rx-9070-xt,Sapphire NITRO+ RX 9070 XT,,RX 9070 XT,,ツクモ,,在庫なし,購入不可,https://shop.tsukumo.co.jp/goods/4895106295872/,16GBモデル
2026-10-09,GPU,gpu-sapphire-nitro-rx-9070-xt,Sapphire NITRO+ RX 9070 XT,,RX 9070 XT,,ドスパラ,,在庫なし,購入不可,https://www.dospara.co.jp/SBR1891/IC522645.html,16GBモデル
2026-10-09,GPU,gpu-sapphire-nitro-rx-9070-xt,Sapphire NITRO+ RX 9070 XT,,RX 9070 XT,,パソコン工房,,確認できず,未確認,,指定店舗の検索と追加検索で一致商品URLを特定できず。取扱なし・販売終了とは断定していない
2026-10-09,GPU,gpu-sapphire-nitro-rx-9070-xt,Sapphire NITRO+ RX 9070 XT,,RX 9070 XT,,アプライド,,確認できず,未確認,,指定店舗の検索と追加検索で一致商品URLを特定できず。取扱なし・販売終了とは断定していない
2026-10-09,GPU,gpu-sapphire-pure-rx-9070-xt,Sapphire PURE RX 9070 XT,,RX 9070 XT,,アーク,175800,在庫あり,購入可,https://www.ark-pc.co.jp/i/20107521/,16GBモデル
2026-10-09,GPU,gpu-sapphire-pure-rx-9070-xt,Sapphire PURE RX 9070 XT,,RX 9070 XT,,ツクモ,,在庫なし,購入不可,https://shop.tsukumo.co.jp/goods/4895106295896/,16GBモデル
2026-10-09,GPU,gpu-sapphire-pure-rx-9070-xt,Sapphire PURE RX 9070 XT,,RX 9070 XT,,ドスパラ,,在庫なし,購入不可,https://www.dospara.co.jp/SBR1891/IC522646.html,16GBモデル
2026-10-09,GPU,gpu-sapphire-pure-rx-9070-xt,Sapphire PURE RX 9070 XT,,RX 9070 XT,,パソコン工房,,確認できず,未確認,,指定店舗の検索と追加検索で一致商品URLを特定できず。取扱なし・販売終了とは断定していない
2026-10-09,GPU,gpu-sapphire-pure-rx-9070-xt,Sapphire PURE RX 9070 XT,,RX 9070 XT,,アプライド,,確認できず,未確認,,指定店舗の検索と追加検索で一致商品URLを特定できず。取扱なし・販売終了とは断定していない
2026-10-09,GPU,gpu-asus-tuf-gaming-oc-rx-9070-xt,ASUS TUF Gaming OC RX 9070 XT,,RX 9070 XT,,アーク,227800,在庫あり,購入可,https://www.ark-pc.co.jp/i/20107539/,16GBモデル
2026-10-09,GPU,gpu-asus-tuf-gaming-oc-rx-9070-xt,ASUS TUF Gaming OC RX 9070 XT,,RX 9070 XT,,ツクモ,227800,在庫わずか／24時間以内に出荷,購入可,https://shop.tsukumo.co.jp/goods/0197105829572/,16GBモデル
2026-10-09,GPU,gpu-asus-tuf-gaming-oc-rx-9070-xt,ASUS TUF Gaming OC RX 9070 XT,,RX 9070 XT,,ドスパラ,191800,在庫あり,購入可,https://www.dospara.co.jp/SBR1891/IC518976.html,16GBモデル
2026-10-09,GPU,gpu-asus-tuf-gaming-oc-rx-9070-xt,ASUS TUF Gaming OC RX 9070 XT,,RX 9070 XT,,パソコン工房,191800,当日出荷 【19†Image: 当日出荷対応商品】【20†?】,購入可,https://www.pc-koubou.jp/products/detail.php?product_id=1137080,16GBモデル
2026-10-09,GPU,gpu-asus-tuf-gaming-oc-rx-9070-xt,ASUS TUF Gaming OC RX 9070 XT,,RX 9070 XT,,アプライド,,確認できず,未確認,,指定店舗の検索と追加検索で一致商品URLを特定できず。取扱なし・販売終了とは断定していない
2026-10-09,GPU,gpu-asus-prime-oc-rx-9070-xt,ASUS PRIME OC RX 9070 XT,,RX 9070 XT,,アーク,,最新在庫未確認,未確認,https://www.ark-pc.co.jp/i/20107540/,取得元クロール: last month。旧日付の検索取得ページのため最新価格・在庫は未確認
2026-10-09,GPU,gpu-asus-prime-oc-rx-9070-xt,ASUS PRIME OC RX 9070 XT,,RX 9070 XT,,ツクモ,210800,在庫あり／24時間以内に出荷,購入可,https://shop.tsukumo.co.jp/goods/0197105829589/,16GBモデル
2026-10-09,GPU,gpu-asus-prime-oc-rx-9070-xt,ASUS PRIME OC RX 9070 XT,,RX 9070 XT,,ドスパラ,,在庫なし,購入不可,https://www.dospara.co.jp/SBR1891/IC518977.html,16GBモデル
2026-10-09,GPU,gpu-asus-prime-oc-rx-9070-xt,ASUS PRIME OC RX 9070 XT,,RX 9070 XT,,パソコン工房,,最新在庫未確認,未確認,https://www.pc-koubou.jp/products/detail.php?product_id=1175716,取得元クロール: 4 weeks ago。旧日付の検索取得ページのため最新価格・在庫は未確認
2026-10-09,GPU,gpu-asus-prime-oc-rx-9070-xt,ASUS PRIME OC RX 9070 XT,,RX 9070 XT,,アプライド,,確認できず,未確認,,指定店舗の検索と追加検索で一致商品URLを特定できず。取扱なし・販売終了とは断定していない
2026-10-09,GPU,gpu-asrock-taichi-oc-rx-9070-xt,ASRock Taichi OC RX 9070 XT,,RX 9070 XT,,アーク,,取扱終了,取扱終了,https://www.ark-pc.co.jp/i/20107531/,16GBモデル／取得元クロール: 3 weeks ago
2026-10-09,GPU,gpu-asrock-taichi-oc-rx-9070-xt,ASRock Taichi OC RX 9070 XT,,RX 9070 XT,,ツクモ,154800,在庫あり／24時間以内に出荷,購入可,https://shop.tsukumo.co.jp/goods/4711581490444/,16GBモデル
2026-10-09,GPU,gpu-asrock-taichi-oc-rx-9070-xt,ASRock Taichi OC RX 9070 XT,,RX 9070 XT,,ドスパラ,,在庫なし,購入不可,https://www.dospara.co.jp/SBR1891/IC583515.html,16GBモデル／ホワイトモデル
2026-10-09,GPU,gpu-asrock-taichi-oc-rx-9070-xt,ASRock Taichi OC RX 9070 XT,,RX 9070 XT,,パソコン工房,,確認できず,未確認,,指定店舗の検索と追加検索で一致商品URLを特定できず。取扱なし・販売終了とは断定していない
2026-10-09,GPU,gpu-asrock-taichi-oc-rx-9070-xt,ASRock Taichi OC RX 9070 XT,,RX 9070 XT,,アプライド,,確認できず,未確認,,指定店舗の検索と追加検索で一致商品URLを特定できず。取扱なし・販売終了とは断定していない
2026-10-09,GPU,gpu-asrock-steel-legend-rx-9070-xt,ASRock Steel Legend RX 9070 XT,,RX 9070 XT,,アーク,148800,在庫あり,購入可,https://www.ark-pc.co.jp/i/20107564/,16GBモデル
2026-10-09,GPU,gpu-asrock-steel-legend-rx-9070-xt,ASRock Steel Legend RX 9070 XT,,RX 9070 XT,,ツクモ,148800,在庫わずか／24時間以内に出荷,購入可,https://shop.tsukumo.co.jp/goods/4711581490697/,
2026-10-09,GPU,gpu-asrock-steel-legend-rx-9070-xt,ASRock Steel Legend RX 9070 XT,,RX 9070 XT,,ドスパラ,148000,在庫あり,購入可,https://www.dospara.co.jp/SBR1891/IC522746.html,16GBモデル
2026-10-09,GPU,gpu-asrock-steel-legend-rx-9070-xt,ASRock Steel Legend RX 9070 XT,,RX 9070 XT,,パソコン工房,,確認できず,未確認,,指定店舗の検索と追加検索で一致商品URLを特定できず。取扱なし・販売終了とは断定していない
2026-10-09,GPU,gpu-asrock-steel-legend-rx-9070-xt,ASRock Steel Legend RX 9070 XT,,RX 9070 XT,,アプライド,,確認できず,未確認,,指定店舗の検索と追加検索で一致商品URLを特定できず。取扱なし・販売終了とは断定していない
2026-10-09,GPU,gpu-asrock-challenger-rx-9070-xt,ASRock Challenger RX 9070 XT,,RX 9070 XT,,アーク,,最新在庫未確認,未確認,https://www.ark-pc.co.jp/i/20107762/,取得元クロール: 4 days ago。旧日付の検索取得ページのため最新価格・在庫は未確認
2026-10-09,GPU,gpu-asrock-challenger-rx-9070-xt,ASRock Challenger RX 9070 XT,,RX 9070 XT,,ツクモ,159800,在庫あり／24時間以内に出荷,購入可,https://shop.tsukumo.co.jp/goods/4710483942761/,
2026-10-09,GPU,gpu-asrock-challenger-rx-9070-xt,ASRock Challenger RX 9070 XT,,RX 9070 XT,,ドスパラ,139800,在庫あり,購入可,https://www.dospara.co.jp/SBR1891/IC566229.html,16GBモデル
2026-10-09,GPU,gpu-asrock-challenger-rx-9070-xt,ASRock Challenger RX 9070 XT,,RX 9070 XT,,パソコン工房,,確認できず,未確認,,指定店舗の検索と追加検索で一致商品URLを特定できず。取扱なし・販売終了とは断定していない
2026-10-09,GPU,gpu-asrock-challenger-rx-9070-xt,ASRock Challenger RX 9070 XT,,RX 9070 XT,,アプライド,,確認できず,未確認,,指定店舗の検索と追加検索で一致商品URLを特定できず。取扱なし・販売終了とは断定していない
2026-10-09,GPU,gpu-xfx-mercury-oc-rx-9070-xt,XFX Mercury OC RX 9070 XT,,RX 9070 XT,,アーク,,取扱終了,取扱終了,https://www.ark-pc.co.jp/i/20107730/,16GBモデル／ホワイトモデル／取得元クロール: 4 weeks ago
2026-10-09,GPU,gpu-xfx-mercury-oc-rx-9070-xt,XFX Mercury OC RX 9070 XT,,RX 9070 XT,,ツクモ,,在庫なし,購入不可,https://shop.tsukumo.co.jp/goods/4589785196550/,16GBモデル／ホワイトモデル
2026-10-09,GPU,gpu-xfx-mercury-oc-rx-9070-xt,XFX Mercury OC RX 9070 XT,,RX 9070 XT,,ドスパラ,,確認できず,未確認,,指定店舗の検索と追加検索で一致商品URLを特定できず。取扱なし・販売終了とは断定していない
2026-10-09,GPU,gpu-xfx-mercury-oc-rx-9070-xt,XFX Mercury OC RX 9070 XT,,RX 9070 XT,,パソコン工房,,確認できず,未確認,,指定店舗の検索と追加検索で一致商品URLを特定できず。取扱なし・販売終了とは断定していない
2026-10-09,GPU,gpu-xfx-mercury-oc-rx-9070-xt,XFX Mercury OC RX 9070 XT,,RX 9070 XT,,アプライド,,確認できず,未確認,,指定店舗の検索と追加検索で一致商品URLを特定できず。取扱なし・販売終了とは断定していない
2026-10-09,GPU,gpu-gigabyte-gaming-oc-rx-9070-xt,GIGABYTE GAMING OC RX 9070 XT,,RX 9070 XT,,アーク,,最新在庫未確認,未確認,https://www.ark-pc.co.jp/i/20107518/,取得元クロール: last week。旧日付の検索取得ページのため最新価格・在庫は未確認
2026-10-09,GPU,gpu-gigabyte-gaming-oc-rx-9070-xt,GIGABYTE GAMING OC RX 9070 XT,,RX 9070 XT,,ツクモ,154800,在庫わずか／24時間以内に出荷,購入可,https://shop.tsukumo.co.jp/goods/4988755070942/,
2026-10-09,GPU,gpu-gigabyte-gaming-oc-rx-9070-xt,GIGABYTE GAMING OC RX 9070 XT,,RX 9070 XT,,ドスパラ,,在庫なし,購入不可,https://www.dospara.co.jp/SBR1891/IC522629.html,16GBモデル
2026-10-09,GPU,gpu-gigabyte-gaming-oc-rx-9070-xt,GIGABYTE GAMING OC RX 9070 XT,,RX 9070 XT,,パソコン工房,,確認できず,未確認,https://www.pc-koubou.jp/products/detail.php?product_id=1182771,商品候補のページ表示を取得できず、税込価格・通販在庫を確定できず
2026-10-09,GPU,gpu-gigabyte-gaming-oc-rx-9070-xt,GIGABYTE GAMING OC RX 9070 XT,,RX 9070 XT,,アプライド,,確認できず,未確認,,指定店舗の検索と追加検索で一致商品URLを特定できず。取扱なし・販売終了とは断定していない
2026-10-09,GPU,gpu-rd-rx9070xt-e16gb-tp-rx-9070-xt,玄人志向 RD-RX9070XT-E16GB/TP RX 9070 XT,,RX 9070 XT,,アーク,,取扱終了,取扱終了,https://www.ark-pc.co.jp/i/20107529/,16GBモデル／取得元クロール: 2 days ago
2026-10-09,GPU,gpu-rd-rx9070xt-e16gb-tp-rx-9070-xt,玄人志向 RD-RX9070XT-E16GB/TP RX 9070 XT,,RX 9070 XT,,ツクモ,,在庫なし,購入不可,https://shop.tsukumo.co.jp/goods/4988755070973/,16GBモデル
2026-10-09,GPU,gpu-rd-rx9070xt-e16gb-tp-rx-9070-xt,玄人志向 RD-RX9070XT-E16GB/TP RX 9070 XT,,RX 9070 XT,,ドスパラ,,在庫なし,購入不可,https://www.dospara.co.jp/SBR1891/IC522638.html,16GBモデル
2026-10-09,GPU,gpu-rd-rx9070xt-e16gb-tp-rx-9070-xt,玄人志向 RD-RX9070XT-E16GB/TP RX 9070 XT,,RX 9070 XT,,パソコン工房,,確認できず,未確認,,指定店舗の検索と追加検索で一致商品URLを特定できず。取扱なし・販売終了とは断定していない
2026-10-09,GPU,gpu-rd-rx9070xt-e16gb-tp-rx-9070-xt,玄人志向 RD-RX9070XT-E16GB/TP RX 9070 XT,,RX 9070 XT,,アプライド,,確認できず,未確認,,指定店舗の検索と追加検索で一致商品URLを特定できず。取扱なし・販売終了とは断定していない
2026-10-09,GPU,gpu-sapphire-nitro-rx-9070,Sapphire NITRO+ RX 9070,,RX 9070,,アーク,,取扱終了,取扱終了,https://www.ark-pc.co.jp/i/20107525/,16GBモデル／取得元クロール: 3 weeks ago
2026-10-09,GPU,gpu-sapphire-nitro-rx-9070,Sapphire NITRO+ RX 9070,,RX 9070,,ツクモ,142800,在庫わずか／24時間以内に出荷,購入可,https://shop.tsukumo.co.jp/goods/4895106295933/,16GBモデル
2026-10-09,GPU,gpu-sapphire-nitro-rx-9070,Sapphire NITRO+ RX 9070,,RX 9070,,ドスパラ,,在庫なし,購入不可,https://www.dospara.co.jp/SBR1891/IC522648.html,16GBモデル
2026-10-09,GPU,gpu-sapphire-nitro-rx-9070,Sapphire NITRO+ RX 9070,,RX 9070,,パソコン工房,,確認できず,未確認,,指定店舗の検索と追加検索で一致商品URLを特定できず。取扱なし・販売終了とは断定していない
2026-10-09,GPU,gpu-sapphire-nitro-rx-9070,Sapphire NITRO+ RX 9070,,RX 9070,,アプライド,,確認できず,未確認,,指定店舗の検索と追加検索で一致商品URLを特定できず。取扱なし・販売終了とは断定していない
2026-10-09,GPU,gpu-sapphire-pure-rx-9070,Sapphire PURE RX 9070,,RX 9070,,アーク,,取扱終了,取扱終了,https://www.ark-pc.co.jp/i/20107526/,16GBモデル／取得元クロール: last month
2026-10-09,GPU,gpu-sapphire-pure-rx-9070,Sapphire PURE RX 9070,,RX 9070,,ツクモ,135800,在庫わずか／24時間以内に出荷,購入可,https://shop.tsukumo.co.jp/goods/4895106295957/,16GBモデル
2026-10-09,GPU,gpu-sapphire-pure-rx-9070,Sapphire PURE RX 9070,,RX 9070,,ドスパラ,,在庫なし,購入不可,https://www.dospara.co.jp/SBR1891/IC522649.html,16GBモデル
2026-10-09,GPU,gpu-sapphire-pure-rx-9070,Sapphire PURE RX 9070,,RX 9070,,パソコン工房,,確認できず,未確認,https://www.pc-koubou.jp/products/detail.php?product_id=1133337,商品候補のページ表示を取得できず、税込価格・通販在庫を確定できず
2026-10-09,GPU,gpu-sapphire-pure-rx-9070,Sapphire PURE RX 9070,,RX 9070,,アプライド,,確認できず,未確認,,指定店舗の検索と追加検索で一致商品URLを特定できず。取扱なし・販売終了とは断定していない
2026-10-09,GPU,gpu-asus-tuf-gaming-oc-rx-9070,ASUS TUF Gaming OC RX 9070,,RX 9070,,アーク,,取扱終了,取扱終了,https://www.ark-pc.co.jp/i/20107541/,16GBモデル／取得元クロール: last month
2026-10-09,GPU,gpu-asus-tuf-gaming-oc-rx-9070,ASUS TUF Gaming OC RX 9070,,RX 9070,,ツクモ,,確認できず,未確認,,指定店舗の検索と追加検索で一致商品URLを特定できず。取扱なし・販売終了とは断定していない
2026-10-09,GPU,gpu-asus-tuf-gaming-oc-rx-9070,ASUS TUF Gaming OC RX 9070,,RX 9070,,ドスパラ,,在庫なし,購入不可,https://www.dospara.co.jp/SBR1891/IC518978.html,16GBモデル
2026-10-09,GPU,gpu-asus-tuf-gaming-oc-rx-9070,ASUS TUF Gaming OC RX 9070,,RX 9070,,パソコン工房,,確認できず,未確認,,指定店舗の検索と追加検索で一致商品URLを特定できず。取扱なし・販売終了とは断定していない
2026-10-09,GPU,gpu-asus-tuf-gaming-oc-rx-9070,ASUS TUF Gaming OC RX 9070,,RX 9070,,アプライド,,確認できず,未確認,,指定店舗の検索と追加検索で一致商品URLを特定できず。取扱なし・販売終了とは断定していない
2026-10-09,GPU,gpu-asus-prime-oc-rx-9070,ASUS PRIME OC RX 9070,,RX 9070,,アーク,,取扱終了,取扱終了,https://www.ark-pc.co.jp/i/20107542/,16GBモデル／取得元クロール: last month
2026-10-09,GPU,gpu-asus-prime-oc-rx-9070,ASUS PRIME OC RX 9070,,RX 9070,,ツクモ,,在庫なし,購入不可,https://shop.tsukumo.co.jp/goods/0197105829596/,16GBモデル
2026-10-09,GPU,gpu-asus-prime-oc-rx-9070,ASUS PRIME OC RX 9070,,RX 9070,,ドスパラ,100800,在庫あり,購入可,https://www.dospara.co.jp/SBR1891/IC637642.html,12GBモデル
2026-10-09,GPU,gpu-asus-prime-oc-rx-9070,ASUS PRIME OC RX 9070,,RX 9070,,パソコン工房,,最新在庫未確認,未確認,https://www.pc-koubou.jp/products/detail.php?product_id=1236251,取得元クロール: last week。旧日付の検索取得ページのため最新価格・在庫は未確認
2026-10-09,GPU,gpu-asus-prime-oc-rx-9070,ASUS PRIME OC RX 9070,,RX 9070,,アプライド,,確認できず,未確認,,指定店舗の検索と追加検索で一致商品URLを特定できず。取扱なし・販売終了とは断定していない
2026-10-09,GPU,gpu-asrock-steel-legend-rx-9070,ASRock Steel Legend RX 9070,,RX 9070,,アーク,,取扱終了,取扱終了,https://www.ark-pc.co.jp/i/20107533/,16GBモデル／取得元クロール: last month
2026-10-09,GPU,gpu-asrock-steel-legend-rx-9070,ASRock Steel Legend RX 9070,,RX 9070,,ツクモ,,在庫なし,購入不可,https://shop.tsukumo.co.jp/goods/4711581490468/,16GBモデル
2026-10-09,GPU,gpu-asrock-steel-legend-rx-9070,ASRock Steel Legend RX 9070,,RX 9070,,ドスパラ,,在庫なし,購入不可,https://www.dospara.co.jp/SBR1891/IC518908.html,16GBモデル
2026-10-09,GPU,gpu-asrock-steel-legend-rx-9070,ASRock Steel Legend RX 9070,,RX 9070,,パソコン工房,,確認できず,未確認,,指定店舗の検索と追加検索で一致商品URLを特定できず。取扱なし・販売終了とは断定していない
2026-10-09,GPU,gpu-asrock-steel-legend-rx-9070,ASRock Steel Legend RX 9070,,RX 9070,,アプライド,,確認できず,未確認,,指定店舗の検索と追加検索で一致商品URLを特定できず。取扱なし・販売終了とは断定していない
2026-10-09,GPU,gpu-asrock-challenger-rx-9070,ASRock Challenger RX 9070,,RX 9070,,アーク,,取扱終了,取扱終了,https://www.ark-pc.co.jp/i/20107534/,16GBモデル／取得元クロール: last week
2026-10-09,GPU,gpu-asrock-challenger-rx-9070,ASRock Challenger RX 9070,,RX 9070,,ツクモ,125800,在庫あり／24時間以内に出荷,購入可,https://shop.tsukumo.co.jp/goods/4711581490475/,
2026-10-09,GPU,gpu-asrock-challenger-rx-9070,ASRock Challenger RX 9070,,RX 9070,,ドスパラ,,在庫なし,購入不可,https://www.dospara.co.jp/SBR1891/IC518909.html,16GBモデル
2026-10-09,GPU,gpu-asrock-challenger-rx-9070,ASRock Challenger RX 9070,,RX 9070,,パソコン工房,,確認できず,未確認,,指定店舗の検索と追加検索で一致商品URLを特定できず。取扱なし・販売終了とは断定していない
2026-10-09,GPU,gpu-asrock-challenger-rx-9070,ASRock Challenger RX 9070,,RX 9070,,アプライド,,確認できず,未確認,,指定店舗の検索と追加検索で一致商品URLを特定できず。取扱なし・販売終了とは断定していない
2026-10-09,GPU,gpu-powercolor-hellhound-rx-9070,PowerColor Hellhound RX 9070,,RX 9070,,アーク,,取扱終了,取扱終了,https://www.ark-pc.co.jp/i/20107516/,16GBモデル／取得元クロール: last week
2026-10-09,GPU,gpu-powercolor-hellhound-rx-9070,PowerColor Hellhound RX 9070,,RX 9070,,ツクモ,,在庫なし,購入不可,https://shop.tsukumo.co.jp/goods/4713436175773/,16GBモデル
2026-10-09,GPU,gpu-powercolor-hellhound-rx-9070,PowerColor Hellhound RX 9070,,RX 9070,,ドスパラ,,確認できず,未確認,,指定店舗の検索と追加検索で一致商品URLを特定できず。取扱なし・販売終了とは断定していない
2026-10-09,GPU,gpu-powercolor-hellhound-rx-9070,PowerColor Hellhound RX 9070,,RX 9070,,パソコン工房,,最新在庫未確認,未確認,https://www.pc-koubou.jp/products/detail.php?product_id=1236255,取得元クロール: last week。旧日付の検索取得ページのため最新価格・在庫は未確認
2026-10-09,GPU,gpu-powercolor-hellhound-rx-9070,PowerColor Hellhound RX 9070,,RX 9070,,アプライド,,確認できず,未確認,,指定店舗の検索と追加検索で一致商品URLを特定できず。取扱なし・販売終了とは断定していない
2026-10-09,GPU,gpu-gigabyte-gaming-oc-rx-9070,GIGABYTE GAMING OC RX 9070,,RX 9070,,アーク,,最新在庫未確認,未確認,https://www.ark-pc.co.jp/i/20107519/,取得元クロール: last week。旧日付の検索取得ページのため最新価格・在庫は未確認
2026-10-09,GPU,gpu-gigabyte-gaming-oc-rx-9070,GIGABYTE GAMING OC RX 9070,,RX 9070,,ツクモ,137100,在庫わずか／24時間以内に出荷,購入可,https://shop.tsukumo.co.jp/goods/4988755070959/,
2026-10-09,GPU,gpu-gigabyte-gaming-oc-rx-9070,GIGABYTE GAMING OC RX 9070,,RX 9070,,ドスパラ,,在庫なし,購入不可,https://www.dospara.co.jp/SBR1891/IC522630.html,16GBモデル
2026-10-09,GPU,gpu-gigabyte-gaming-oc-rx-9070,GIGABYTE GAMING OC RX 9070,,RX 9070,,パソコン工房,,確認できず,未確認,,指定店舗の検索と追加検索で一致商品URLを特定できず。取扱なし・販売終了とは断定していない
2026-10-09,GPU,gpu-gigabyte-gaming-oc-rx-9070,GIGABYTE GAMING OC RX 9070,,RX 9070,,アプライド,,確認できず,未確認,,指定店舗の検索と追加検索で一致商品URLを特定できず。取扱なし・販売終了とは断定していない
2026-10-09,GPU,gpu-rd-rx9070-e16gb-tp-rx-9070,玄人志向 RD-RX9070-E16GB/TP RX 9070,,RX 9070,,アーク,,確認できず,未確認,,指定店舗の検索と追加検索で一致商品URLを特定できず。取扱なし・販売終了とは断定していない
2026-10-09,GPU,gpu-rd-rx9070-e16gb-tp-rx-9070,玄人志向 RD-RX9070-E16GB/TP RX 9070,,RX 9070,,ツクモ,,在庫なし,購入不可,https://shop.tsukumo.co.jp/goods/4988755070966/,16GBモデル
2026-10-09,GPU,gpu-rd-rx9070-e16gb-tp-rx-9070,玄人志向 RD-RX9070-E16GB/TP RX 9070,,RX 9070,,ドスパラ,,在庫なし,購入不可,https://www.dospara.co.jp/SBR1891/IC522639.html,16GBモデル
2026-10-09,GPU,gpu-rd-rx9070-e16gb-tp-rx-9070,玄人志向 RD-RX9070-E16GB/TP RX 9070,,RX 9070,,パソコン工房,,確認できず,未確認,,指定店舗の検索と追加検索で一致商品URLを特定できず。取扱なし・販売終了とは断定していない
2026-10-09,GPU,gpu-rd-rx9070-e16gb-tp-rx-9070,玄人志向 RD-RX9070-E16GB/TP RX 9070,,RX 9070,,アプライド,,確認できず,未確認,,指定店舗の検索と追加検索で一致商品URLを特定できず。取扱なし・販売終了とは断定していない
2026-10-09,GPU,gpu-asus-prime-oc-rx-9060-xt,ASUS PRIME OC RX 9060 XT,,RX 9060 XT,,アーク,,最新在庫未確認,未確認,https://www.ark-pc.co.jp/i/20107673/,取得元クロール: last month。旧日付の検索取得ページのため最新価格・在庫は未確認
2026-10-09,GPU,gpu-asus-prime-oc-rx-9060-xt,ASUS PRIME OC RX 9060 XT,,RX 9060 XT,,ツクモ,103980,在庫わずか／24時間以内に出荷,購入可,https://shop.tsukumo.co.jp/goods/0197105994188/,8GBモデル
2026-10-09,GPU,gpu-asus-prime-oc-rx-9060-xt,ASUS PRIME OC RX 9060 XT,,RX 9060 XT,,ドスパラ,,在庫なし,購入不可,https://www.dospara.co.jp/SBR1891/IC528410.html,16GBモデル
2026-10-09,GPU,gpu-asus-prime-oc-rx-9060-xt,ASUS PRIME OC RX 9060 XT,,RX 9060 XT,,パソコン工房,,確認できず,未確認,https://www.pc-koubou.jp/products/detail.php?product_id=1153444,商品候補のページ表示を取得できず、税込価格・通販在庫を確定できず
2026-10-09,GPU,gpu-asus-prime-oc-rx-9060-xt,ASUS PRIME OC RX 9060 XT,,RX 9060 XT,,アプライド,,確認できず,未確認,,指定店舗の検索と追加検索で一致商品URLを特定できず。取扱なし・販売終了とは断定していない
2026-10-09,GPU,gpu-asrock-challenger-oc-rx-9060-xt,ASRock Challenger OC RX 9060 XT,,RX 9060 XT,,アーク,,取扱終了,取扱終了,https://www.ark-pc.co.jp/i/20107662/,8GBモデル／取得元クロール: last month
2026-10-09,GPU,gpu-asrock-challenger-oc-rx-9060-xt,ASRock Challenger OC RX 9060 XT,,RX 9060 XT,,ツクモ,99800,在庫あり／24時間以内に出荷,購入可,https://shop.tsukumo.co.jp/goods/4711581491205/,16GBモデル
2026-10-09,GPU,gpu-asrock-challenger-oc-rx-9060-xt,ASRock Challenger OC RX 9060 XT,,RX 9060 XT,,ドスパラ,89800,在庫あり,購入可,https://www.dospara.co.jp/SBR1891/IC568028.html,16GBモデル
2026-10-09,GPU,gpu-asrock-challenger-oc-rx-9060-xt,ASRock Challenger OC RX 9060 XT,,RX 9060 XT,,パソコン工房,,確認できず,未確認,https://www.pc-koubou.jp/products/detail.php?product_id=1153448,商品候補のページ表示を取得できず、税込価格・通販在庫を確定できず
2026-10-09,GPU,gpu-asrock-challenger-oc-rx-9060-xt,ASRock Challenger OC RX 9060 XT,,RX 9060 XT,,アプライド,,確認できず,未確認,,指定店舗の検索と追加検索で一致商品URLを特定できず。取扱なし・販売終了とは断定していない
2026-10-09,GPU,gpu-gigabyte-gaming-oc-rx-9060-xt,GIGABYTE GAMING OC RX 9060 XT,,RX 9060 XT,,アーク,,最新在庫未確認,未確認,https://www.ark-pc.co.jp/i/20107684/,取得元クロール: 2 weeks ago。旧日付の検索取得ページのため最新価格・在庫は未確認
2026-10-09,GPU,gpu-gigabyte-gaming-oc-rx-9060-xt,GIGABYTE GAMING OC RX 9060 XT,,RX 9060 XT,,ツクモ,76800,在庫あり／24時間以内に出荷,購入可,https://shop.tsukumo.co.jp/goods/4988755072250/,
2026-10-09,GPU,gpu-gigabyte-gaming-oc-rx-9060-xt,GIGABYTE GAMING OC RX 9060 XT,,RX 9060 XT,,ドスパラ,,在庫なし,購入不可,https://www.dospara.co.jp/SBR1891/IC528537.html,16GBモデル
2026-10-09,GPU,gpu-gigabyte-gaming-oc-rx-9060-xt,GIGABYTE GAMING OC RX 9060 XT,,RX 9060 XT,,パソコン工房,,最新在庫未確認,未確認,https://www.pc-koubou.jp/products/detail.php?product_id=1182772,取得元クロール: 3 weeks ago。旧日付の検索取得ページのため最新価格・在庫は未確認
2026-10-09,GPU,gpu-gigabyte-gaming-oc-rx-9060-xt,GIGABYTE GAMING OC RX 9060 XT,,RX 9060 XT,,アプライド,,確認できず,未確認,,指定店舗の検索と追加検索で一致商品URLを特定できず。取扱なし・販売終了とは断定していない
2026-10-09,CPUクーラー,cooler-deepcool-ak400,DeepCool AK400,,空冷(シングルタワー),,アーク,,取扱終了,取扱終了,https://www.ark-pc.co.jp/i/10401239/,取得元クロール: 2 weeks ago
2026-10-09,CPUクーラー,cooler-deepcool-ak400,DeepCool AK400,,空冷(シングルタワー),,ツクモ,3221,在庫あり／24時間以内に出荷,購入可,https://shop.tsukumo.co.jp/goods/6933412727446/,
2026-10-09,CPUクーラー,cooler-deepcool-ak400,DeepCool AK400,,空冷(シングルタワー),,ドスパラ,,確認できず,未確認,,指定店舗の検索と追加検索で一致商品URLを特定できず。取扱なし・販売終了とは断定していない
2026-10-09,CPUクーラー,cooler-deepcool-ak400,DeepCool AK400,,空冷(シングルタワー),,パソコン工房,,確認できず,未確認,,指定店舗の検索と追加検索で一致商品URLを特定できず。取扱なし・販売終了とは断定していない
2026-10-09,CPUクーラー,cooler-deepcool-ak400,DeepCool AK400,,空冷(シングルタワー),,アプライド,3350,在庫あり,購入可,https://shop.applied-net.co.jp/view/item/000000423475,
2026-10-09,CPUクーラー,cooler-deepcool-ak700-vc,DeepCool AK700 VC,,空冷(シングルタワー),,アーク,,確認できず,未確認,,指定店舗の検索と追加検索で一致商品URLを特定できず。取扱なし・販売終了とは断定していない
2026-10-09,CPUクーラー,cooler-deepcool-ak700-vc,DeepCool AK700 VC,,空冷(シングルタワー),,ツクモ,,在庫なし,購入不可,https://shop.tsukumo.co.jp/goods/6933412730385/,
2026-10-09,CPUクーラー,cooler-deepcool-ak700-vc,DeepCool AK700 VC,,空冷(シングルタワー),,ドスパラ,,確認できず,未確認,,指定店舗の検索と追加検索で一致商品URLを特定できず。取扱なし・販売終了とは断定していない
2026-10-09,CPUクーラー,cooler-deepcool-ak700-vc,DeepCool AK700 VC,,空冷(シングルタワー),,パソコン工房,,確認できず,未確認,,指定店舗の検索と追加検索で一致商品URLを特定できず。取扱なし・販売終了とは断定していない
2026-10-09,CPUクーラー,cooler-deepcool-ak700-vc,DeepCool AK700 VC,,空冷(シングルタワー),,アプライド,,確認できず,未確認,,指定店舗の検索と追加検索で一致商品URLを特定できず。取扱なし・販売終了とは断定していない
2026-10-09,CPUクーラー,cooler-sudokoo-sk700v,Sudokoo SK700V(ディスプレイ付き),,空冷(シングルタワー),,アーク,,確認できず,未確認,https://www.ark-pc.co.jp/i/10401958/,mach仕様違い
2026-10-09,CPUクーラー,cooler-sudokoo-sk700v,Sudokoo SK700V(ディスプレイ付き),,空冷(シングルタワー),,ツクモ,,確認できず,未確認,https://shop.tsukumo.co.jp/goods/8881300820626/,mach仕様違い
2026-10-09,CPUクーラー,cooler-sudokoo-sk700v,Sudokoo SK700V(ディスプレイ付き),,空冷(シングルタワー),,ドスパラ,,確認できず,未確認,https://www.dospara.co.jp/SBR1968/IC668218.html,mach仕様違い
2026-10-09,CPUクーラー,cooler-sudokoo-sk700v,Sudokoo SK700V(ディスプレイ付き),,空冷(シングルタワー),,パソコン工房,,確認できず,未確認,https://www.pc-koubou.jp/products/detail.php?product_id=1264729,mach仕様違い
2026-10-09,CPUクーラー,cooler-sudokoo-sk700v,Sudokoo SK700V(ディスプレイ付き),,空冷(シングルタワー),,アプライド,,確認できず,未確認,,指定店舗の検索と追加検索で一致商品URLを特定できず。取扱なし・販売終了とは断定していない
2026-10-09,CPUクーラー,cooler-sudokoo-sk700v-mach,Sudokoo SK700V MACH,,空冷(シングルタワー),,アーク,,最新在庫未確認,未確認,https://www.ark-pc.co.jp/i/10401958/,取得元クロール: 2 days ago。旧日付の検索取得ページのため最新価格・在庫は未確認
2026-10-09,CPUクーラー,cooler-sudokoo-sk700v-mach,Sudokoo SK700V MACH,,空冷(シングルタワー),,ツクモ,15880,在庫わずか／24時間以内に出荷,購入可,https://shop.tsukumo.co.jp/goods/8881300820626/,
2026-10-09,CPUクーラー,cooler-sudokoo-sk700v-mach,Sudokoo SK700V MACH,,空冷(シングルタワー),,ドスパラ,,在庫なし,購入不可,https://www.dospara.co.jp/SBR1968/IC668218.html,
2026-10-09,CPUクーラー,cooler-sudokoo-sk700v-mach,Sudokoo SK700V MACH,,空冷(シングルタワー),,パソコン工房,,確認できず,未確認,https://www.pc-koubou.jp/products/detail.php?product_id=1264729,商品一致候補だが税込価格・通販在庫を確定できず
2026-10-09,CPUクーラー,cooler-sudokoo-sk700v-mach,Sudokoo SK700V MACH,,空冷(シングルタワー),,アプライド,,確認できず,未確認,,指定店舗の検索と追加検索で一致商品URLを特定できず。取扱なし・販売終了とは断定していない
2026-10-09,CPUクーラー,cooler-sudokoo-sk620v,Sudokoo SK620V(ディスプレイ付き),,空冷(デュアルタワー),,アーク,,確認できず,未確認,,指定店舗の検索と追加検索で一致商品URLを特定できず。取扱なし・販売終了とは断定していない
2026-10-09,CPUクーラー,cooler-sudokoo-sk620v,Sudokoo SK620V(ディスプレイ付き),,空冷(デュアルタワー),,ツクモ,,確認できず,未確認,,指定店舗の検索と追加検索で一致商品URLを特定できず。取扱なし・販売終了とは断定していない
2026-10-09,CPUクーラー,cooler-sudokoo-sk620v,Sudokoo SK620V(ディスプレイ付き),,空冷(デュアルタワー),,ドスパラ,,確認できず,未確認,,指定店舗の検索と追加検索で一致商品URLを特定できず。取扱なし・販売終了とは断定していない
2026-10-09,CPUクーラー,cooler-sudokoo-sk620v,Sudokoo SK620V(ディスプレイ付き),,空冷(デュアルタワー),,パソコン工房,,確認できず,未確認,,指定店舗の検索と追加検索で一致商品URLを特定できず。取扱なし・販売終了とは断定していない
2026-10-09,CPUクーラー,cooler-sudokoo-sk620v,Sudokoo SK620V(ディスプレイ付き),,空冷(デュアルタワー),,アプライド,,確認できず,未確認,,指定店舗の検索と追加検索で一致商品URLを特定できず。取扱なし・販売終了とは断定していない
2026-10-09,CPUクーラー,cooler-sudokoo-nexaura-240,Sudokoo NEXAURA 240,,簡易水冷 240mm,,アーク,,確認できず,未確認,,指定店舗の検索と追加検索で一致商品URLを特定できず。取扱なし・販売終了とは断定していない
2026-10-09,CPUクーラー,cooler-sudokoo-nexaura-240,Sudokoo NEXAURA 240,,簡易水冷 240mm,,ツクモ,,確認できず,未確認,,指定店舗の検索と追加検索で一致商品URLを特定できず。取扱なし・販売終了とは断定していない
2026-10-09,CPUクーラー,cooler-sudokoo-nexaura-240,Sudokoo NEXAURA 240,,簡易水冷 240mm,,ドスパラ,,確認できず,未確認,,指定店舗の検索と追加検索で一致商品URLを特定できず。取扱なし・販売終了とは断定していない
2026-10-09,CPUクーラー,cooler-sudokoo-nexaura-240,Sudokoo NEXAURA 240,,簡易水冷 240mm,,パソコン工房,,確認できず,未確認,,指定店舗の検索と追加検索で一致商品URLを特定できず。取扱なし・販売終了とは断定していない
2026-10-09,CPUクーラー,cooler-sudokoo-nexaura-240,Sudokoo NEXAURA 240,,簡易水冷 240mm,,アプライド,,確認できず,未確認,,指定店舗の検索と追加検索で一致商品URLを特定できず。取扱なし・販売終了とは断定していない
2026-10-09,CPUクーラー,cooler-sudokoo-nexaura-360,Sudokoo NEXAURA 360,,簡易水冷 360mm,,アーク,,確認できず,未確認,,指定店舗の検索と追加検索で一致商品URLを特定できず。取扱なし・販売終了とは断定していない
2026-10-09,CPUクーラー,cooler-sudokoo-nexaura-360,Sudokoo NEXAURA 360,,簡易水冷 360mm,,ツクモ,,確認できず,未確認,,指定店舗の検索と追加検索で一致商品URLを特定できず。取扱なし・販売終了とは断定していない
2026-10-09,CPUクーラー,cooler-sudokoo-nexaura-360,Sudokoo NEXAURA 360,,簡易水冷 360mm,,ドスパラ,,確認できず,未確認,,指定店舗の検索と追加検索で一致商品URLを特定できず。取扱なし・販売終了とは断定していない
2026-10-09,CPUクーラー,cooler-sudokoo-nexaura-360,Sudokoo NEXAURA 360,,簡易水冷 360mm,,パソコン工房,,確認できず,未確認,,指定店舗の検索と追加検索で一致商品URLを特定できず。取扱なし・販売終了とは断定していない
2026-10-09,CPUクーラー,cooler-sudokoo-nexaura-360,Sudokoo NEXAURA 360,,簡易水冷 360mm,,アプライド,,確認できず,未確認,,指定店舗の検索と追加検索で一致商品URLを特定できず。取扱なし・販売終了とは断定していない
2026-10-09,CPUクーラー,cooler-deepcool-assassin-vc-elite,DeepCool ASSASSIN VC ELITE,,空冷(デュアルタワー),,アーク,,取扱終了,取扱終了,https://www.ark-pc.co.jp/i/10401758/,
2026-10-09,CPUクーラー,cooler-deepcool-assassin-vc-elite,DeepCool ASSASSIN VC ELITE,,空冷(デュアルタワー),,ツクモ,,販売終了,取扱終了,https://shop.tsukumo.co.jp/goods/6933412729761/,
2026-10-09,CPUクーラー,cooler-deepcool-assassin-vc-elite,DeepCool ASSASSIN VC ELITE,,空冷(デュアルタワー),,ドスパラ,,確認できず,未確認,,指定店舗の検索と追加検索で一致商品URLを特定できず。取扱なし・販売終了とは断定していない
2026-10-09,CPUクーラー,cooler-deepcool-assassin-vc-elite,DeepCool ASSASSIN VC ELITE,,空冷(デュアルタワー),,パソコン工房,,確認できず,未確認,,指定店舗の検索と追加検索で一致商品URLを特定できず。取扱なし・販売終了とは断定していない
2026-10-09,CPUクーラー,cooler-deepcool-assassin-vc-elite,DeepCool ASSASSIN VC ELITE,,空冷(デュアルタワー),,アプライド,,確認できず,未確認,,指定店舗の検索と追加検索で一致商品URLを特定できず。取扱なし・販売終了とは断定していない
2026-10-09,CPUクーラー,cooler-scythe-mugen6,Scythe MUGEN6,,空冷(シングルタワー),,アーク,,取扱終了,取扱終了,https://www.ark-pc.co.jp/i/10401508/,取得元クロール: 1.1 years ago
2026-10-09,CPUクーラー,cooler-scythe-mugen6,Scythe MUGEN6,,空冷(シングルタワー),,ツクモ,,販売終了,取扱終了,https://shop.tsukumo.co.jp/goods/4571225058962/,
2026-10-09,CPUクーラー,cooler-scythe-mugen6,Scythe MUGEN6,,空冷(シングルタワー),,ドスパラ,,確認できず,未確認,https://www.dospara.co.jp/SBR1968/IC526011.html,blackedition仕様違い
2026-10-09,CPUクーラー,cooler-scythe-mugen6,Scythe MUGEN6,,空冷(シングルタワー),,パソコン工房,,確認できず,未確認,https://www.pc-koubou.jp/products/detail.php?product_id=1050338,blackedition仕様違い
2026-10-09,CPUクーラー,cooler-scythe-mugen6,Scythe MUGEN6,,空冷(シングルタワー),,アプライド,,確認できず,未確認,https://shop.applied-net.co.jp/view/item/000000428316,blackedition仕様違い
2026-10-09,CPUクーラー,cooler-scythe-mugen6-black-edition-2,Scythe MUGEN6 BLACK EDITION(ファン2基),,空冷(シングルタワー),,アーク,,最新在庫未確認,未確認,https://www.ark-pc.co.jp/i/10401509/,取得元クロール: 3 days ago。旧日付の検索取得ページのため最新価格・在庫は未確認
2026-10-09,CPUクーラー,cooler-scythe-mugen6-black-edition-2,Scythe MUGEN6 BLACK EDITION(ファン2基),,空冷(シングルタワー),,ツクモ,5190,在庫わずか／24時間以内に出荷,購入可,https://shop.tsukumo.co.jp/goods/4571225059723/,
2026-10-09,CPUクーラー,cooler-scythe-mugen6-black-edition-2,Scythe MUGEN6 BLACK EDITION(ファン2基),,空冷(シングルタワー),,ドスパラ,5190,在庫あり,購入可,https://www.dospara.co.jp/SBR1968/IC526011.html,
2026-10-09,CPUクーラー,cooler-scythe-mugen6-black-edition-2,Scythe MUGEN6 BLACK EDITION(ファン2基),,空冷(シングルタワー),,パソコン工房,,税込価格未確認,未確認,https://www.pc-koubou.jp/products/detail.php?product_id=1050338,商品一致候補だが税込価格・通販在庫を確定できず
2026-10-09,CPUクーラー,cooler-scythe-mugen6-black-edition-2,Scythe MUGEN6 BLACK EDITION(ファン2基),,空冷(シングルタワー),,アプライド,6380,在庫あり,購入可,https://shop.applied-net.co.jp/view/item/000000428316,
2026-10-09,CPUクーラー,cooler-thermalright-peerless-assassin-120-se-v3,Thermalright Peerless Assassin 120 SE V3,,空冷(デュアルタワー),,アーク,,最新在庫未確認,未確認,https://www.ark-pc.co.jp/i/10401914/,取得元クロール: 6 days ago。旧日付の検索取得ページのため最新価格・在庫は未確認
2026-10-09,CPUクーラー,cooler-thermalright-peerless-assassin-120-se-v3,Thermalright Peerless Assassin 120 SE V3,,空冷(デュアルタワー),,ツクモ,,確認できず,未確認,,指定店舗の検索と追加検索で一致商品URLを特定できず。取扱なし・販売終了とは断定していない
2026-10-09,CPUクーラー,cooler-thermalright-peerless-assassin-120-se-v3,Thermalright Peerless Assassin 120 SE V3,,空冷(デュアルタワー),,ドスパラ,,在庫なし,購入不可,https://www.dospara.co.jp/SBR1968/IC645423.html,
2026-10-09,CPUクーラー,cooler-thermalright-peerless-assassin-120-se-v3,Thermalright Peerless Assassin 120 SE V3,,空冷(デュアルタワー),,パソコン工房,,確認できず,未確認,,指定店舗の検索と追加検索で一致商品URLを特定できず。取扱なし・販売終了とは断定していない
2026-10-09,CPUクーラー,cooler-thermalright-peerless-assassin-120-se-v3,Thermalright Peerless Assassin 120 SE V3,,空冷(デュアルタワー),,アプライド,,売り切れ,購入不可,https://shop.applied-net.co.jp/view/item/000000451074,
2026-10-09,CPUクーラー,cooler-thermalright-phantom-spirit-120-se,Thermalright Phantom Spirit 120 SE,,空冷(デュアルタワー),,アーク,,確認できず,未確認,,指定店舗の検索と追加検索で一致商品URLを特定できず。取扱なし・販売終了とは断定していない
2026-10-09,CPUクーラー,cooler-thermalright-phantom-spirit-120-se,Thermalright Phantom Spirit 120 SE,,空冷(デュアルタワー),,ツクモ,,確認できず,未確認,,指定店舗の検索と追加検索で一致商品URLを特定できず。取扱なし・販売終了とは断定していない
2026-10-09,CPUクーラー,cooler-thermalright-phantom-spirit-120-se,Thermalright Phantom Spirit 120 SE,,空冷(デュアルタワー),,ドスパラ,,確認できず,未確認,,指定店舗の検索と追加検索で一致商品URLを特定できず。取扱なし・販売終了とは断定していない
2026-10-09,CPUクーラー,cooler-thermalright-phantom-spirit-120-se,Thermalright Phantom Spirit 120 SE,,空冷(デュアルタワー),,パソコン工房,,確認できず,未確認,,指定店舗の検索と追加検索で一致商品URLを特定できず。取扱なし・販売終了とは断定していない
2026-10-09,CPUクーラー,cooler-thermalright-phantom-spirit-120-se,Thermalright Phantom Spirit 120 SE,,空冷(デュアルタワー),,アプライド,,確認できず,未確認,,指定店舗の検索と追加検索で一致商品URLを特定できず。取扱なし・販売終了とは断定していない
2026-10-09,CPUクーラー,cooler-arctic-freezer-36,ARCTIC Freezer 36,,空冷(シングルタワー),,アーク,,最新在庫未確認,未確認,https://www.ark-pc.co.jp/i/10401575/,取得元クロール: 2 weeks ago。旧日付の検索取得ページのため最新価格・在庫は未確認
2026-10-09,CPUクーラー,cooler-arctic-freezer-36,ARCTIC Freezer 36,,空冷(シングルタワー),,ツクモ,2990,在庫わずか／24時間以内に出荷,購入可,https://shop.tsukumo.co.jp/goods/0409174265015/,
2026-10-09,CPUクーラー,cooler-arctic-freezer-36,ARCTIC Freezer 36,,空冷(シングルタワー),,ドスパラ,3000,在庫あり,購入可,https://www.dospara.co.jp/SBR1968/IC657431.html,
2026-10-09,CPUクーラー,cooler-arctic-freezer-36,ARCTIC Freezer 36,,空冷(シングルタワー),,パソコン工房,,最新在庫未確認,未確認,https://www.pc-koubou.jp/products/detail.php?product_id=1099954,取得元クロール: last month。旧日付の検索取得ページのため最新価格・在庫は未確認
2026-10-09,CPUクーラー,cooler-arctic-freezer-36,ARCTIC Freezer 36,,空冷(シングルタワー),,アプライド,3000,在庫あり,購入可,https://shop.applied-net.co.jp/view/item/000000451953?category_page_id=all_items,
2026-10-09,CPUクーラー,cooler-arctic-liquid-freezer-iii-pro-360,ARCTIC Liquid Freezer III Pro 360,,簡易水冷 360mm,,アーク,15980,在庫あり,購入可,https://www.ark-pc.co.jp/i/10401749/,
2026-10-09,CPUクーラー,cooler-arctic-liquid-freezer-iii-pro-360,ARCTIC Liquid Freezer III Pro 360,,簡易水冷 360mm,,ツクモ,,在庫なし,購入不可,https://shop.tsukumo.co.jp/goods/4895265000249/,
2026-10-09,CPUクーラー,cooler-arctic-liquid-freezer-iii-pro-360,ARCTIC Liquid Freezer III Pro 360,,簡易水冷 360mm,,ドスパラ,,確認できず,未確認,https://www.dospara.co.jp/SBR321/IC624619.html,RGB版。付属ファン仕様の一致未確認
2026-10-09,CPUクーラー,cooler-arctic-liquid-freezer-iii-pro-360,ARCTIC Liquid Freezer III Pro 360,,簡易水冷 360mm,,パソコン工房,,税込価格未確認,未確認,https://www.pc-koubou.jp/products/detail.php?product_id=1158549,商品一致候補だが税込価格・通販在庫を確定できず
2026-10-09,CPUクーラー,cooler-arctic-liquid-freezer-iii-pro-360,ARCTIC Liquid Freezer III Pro 360,,簡易水冷 360mm,,アプライド,14600,在庫あり,購入可,https://shop.applied-net.co.jp/view/item/000000451748?category_page_id=ct1980,
2026-10-09,CPUクーラー,cooler-arctic-liquid-freezer-iii-pro-420,ARCTIC Liquid Freezer III Pro 420,,簡易水冷 420mm,,アーク,,確認できず,未確認,,指定店舗の検索と追加検索で一致商品URLを特定できず。取扱なし・販売終了とは断定していない
2026-10-09,CPUクーラー,cooler-arctic-liquid-freezer-iii-pro-420,ARCTIC Liquid Freezer III Pro 420,,簡易水冷 420mm,,ツクモ,17980,在庫あり／24時間以内に出荷,購入可,https://shop.tsukumo.co.jp/goods/4895265000348/,
2026-10-09,CPUクーラー,cooler-arctic-liquid-freezer-iii-pro-420,ARCTIC Liquid Freezer III Pro 420,,簡易水冷 420mm,,ドスパラ,,確認できず,未確認,,指定店舗の検索と追加検索で一致商品URLを特定できず。取扱なし・販売終了とは断定していない
2026-10-09,CPUクーラー,cooler-arctic-liquid-freezer-iii-pro-420,ARCTIC Liquid Freezer III Pro 420,,簡易水冷 420mm,,パソコン工房,,確認できず,未確認,,指定店舗の検索と追加検索で一致商品URLを特定できず。取扱なし・販売終了とは断定していない
2026-10-09,CPUクーラー,cooler-arctic-liquid-freezer-iii-pro-420,ARCTIC Liquid Freezer III Pro 420,,簡易水冷 420mm,,アプライド,,確認できず,未確認,,指定店舗の検索と追加検索で一致商品URLを特定できず。取扱なし・販売終了とは断定していない
2026-10-09,CPUクーラー,cooler-cooler-master-masterliquid-360-atmos-ii,Cooler Master MasterLiquid 360 Atmos II,,簡易水冷 360mm,,アーク,,確認できず,未確認,https://www.ark-pc.co.jp/i/10401895/,RGB版。付属ファン仕様の一致未確認
2026-10-09,CPUクーラー,cooler-cooler-master-masterliquid-360-atmos-ii,Cooler Master MasterLiquid 360 Atmos II,,簡易水冷 360mm,,ツクモ,,確認できず,未確認,,指定店舗の検索と追加検索で一致商品URLを特定できず。取扱なし・販売終了とは断定していない
2026-10-09,CPUクーラー,cooler-cooler-master-masterliquid-360-atmos-ii,Cooler Master MasterLiquid 360 Atmos II,,簡易水冷 360mm,,ドスパラ,,確認できず,未確認,,指定店舗の検索と追加検索で一致商品URLを特定できず。取扱なし・販売終了とは断定していない
2026-10-09,CPUクーラー,cooler-cooler-master-masterliquid-360-atmos-ii,Cooler Master MasterLiquid 360 Atmos II,,簡易水冷 360mm,,パソコン工房,,確認できず,未確認,https://www.pc-koubou.jp/products/detail.php?product_id=1171474,RGB版。付属ファン仕様の一致未確認
2026-10-09,CPUクーラー,cooler-cooler-master-masterliquid-360-atmos-ii,Cooler Master MasterLiquid 360 Atmos II,,簡易水冷 360mm,,アプライド,,確認できず,未確認,,指定店舗の検索と追加検索で一致商品URLを特定できず。取扱なし・販売終了とは断定していない
2026-10-09,CPUクーラー,cooler-pccooler-cps-rt400,PCCOOLER CPS RT400,,空冷(シングルタワー),,アーク,,取扱終了,取扱終了,https://www.ark-pc.co.jp/i/10401577/,取得元クロール: last month
2026-10-09,CPUクーラー,cooler-pccooler-cps-rt400,PCCOOLER CPS RT400,,空冷(シングルタワー),,ツクモ,2234,在庫わずか／24時間以内に出荷,購入可,https://shop.tsukumo.co.jp/goods/6940526113713/,
2026-10-09,CPUクーラー,cooler-pccooler-cps-rt400,PCCOOLER CPS RT400,,空冷(シングルタワー),,ドスパラ,,確認できず,未確認,,指定店舗の検索と追加検索で一致商品URLを特定できず。取扱なし・販売終了とは断定していない
2026-10-09,CPUクーラー,cooler-pccooler-cps-rt400,PCCOOLER CPS RT400,,空冷(シングルタワー),,パソコン工房,,確認できず,未確認,,指定店舗の検索と追加検索で一致商品URLを特定できず。取扱なし・販売終了とは断定していない
2026-10-09,CPUクーラー,cooler-pccooler-cps-rt400,PCCOOLER CPS RT400,,空冷(シングルタワー),,アプライド,,確認できず,未確認,,指定店舗の検索と追加検索で一致商品URLを特定できず。取扱なし・販売終了とは断定していない
2026-10-09,CPUクーラー,cooler-pccooler-cps-rt620-pro,PCCOOLER CPS RT620 PRO,,空冷(デュアルタワー),,アーク,,確認できず,未確認,https://www.ark-pc.co.jp/i/10401867/,digital仕様違い
2026-10-09,CPUクーラー,cooler-pccooler-cps-rt620-pro,PCCOOLER CPS RT620 PRO,,空冷(デュアルタワー),,ツクモ,,確認できず,未確認,,指定店舗の検索と追加検索で一致商品URLを特定できず。取扱なし・販売終了とは断定していない
2026-10-09,CPUクーラー,cooler-pccooler-cps-rt620-pro,PCCOOLER CPS RT620 PRO,,空冷(デュアルタワー),,ドスパラ,,確認できず,未確認,,指定店舗の検索と追加検索で一致商品URLを特定できず。取扱なし・販売終了とは断定していない
2026-10-09,CPUクーラー,cooler-pccooler-cps-rt620-pro,PCCOOLER CPS RT620 PRO,,空冷(デュアルタワー),,パソコン工房,,最新在庫未確認,未確認,https://www.pc-koubou.jp/products/detail.php?product_id=1217929,取得元クロール: 2 weeks ago。旧日付の検索取得ページのため最新価格・在庫は未確認
2026-10-09,CPUクーラー,cooler-pccooler-cps-rt620-pro,PCCOOLER CPS RT620 PRO,,空冷(デュアルタワー),,アプライド,,確認できず,未確認,,指定店舗の検索と追加検索で一致商品URLを特定できず。取扱なし・販売終了とは断定していない
2026-10-09,CPUクーラー,cooler-pccooler-cps-ds360,PCCOOLER CPS DS360,,簡易水冷 360mm,,アーク,,最新在庫未確認,未確認,https://www.ark-pc.co.jp/i/10401561/,取得元クロール: 3 weeks ago。旧日付の検索取得ページのため最新価格・在庫は未確認
2026-10-09,CPUクーラー,cooler-pccooler-cps-ds360,PCCOOLER CPS DS360,,簡易水冷 360mm,,ツクモ,,確認できず,未確認,,指定店舗の検索と追加検索で一致商品URLを特定できず。取扱なし・販売終了とは断定していない
2026-10-09,CPUクーラー,cooler-pccooler-cps-ds360,PCCOOLER CPS DS360,,簡易水冷 360mm,,ドスパラ,,確認できず,未確認,,指定店舗の検索と追加検索で一致商品URLを特定できず。取扱なし・販売終了とは断定していない
2026-10-09,CPUクーラー,cooler-pccooler-cps-ds360,PCCOOLER CPS DS360,,簡易水冷 360mm,,パソコン工房,,確認できず,未確認,,指定店舗の検索と追加検索で一致商品URLを特定できず。取扱なし・販売終了とは断定していない
2026-10-09,CPUクーラー,cooler-pccooler-cps-ds360,PCCOOLER CPS DS360,,簡易水冷 360mm,,アプライド,,確認できず,未確認,,指定店舗の検索と追加検索で一致商品URLを特定できず。取扱なし・販売終了とは断定していない
2026-10-09,CPUクーラー,cooler-nzxt-kraken-plus-280,NZXT Kraken Plus 280,,簡易水冷 280mm,,アーク,,確認できず,未確認,,指定店舗の検索と追加検索で一致商品URLを特定できず。取扱なし・販売終了とは断定していない
2026-10-09,CPUクーラー,cooler-nzxt-kraken-plus-280,NZXT Kraken Plus 280,,簡易水冷 280mm,,ツクモ,,販売終了,取扱終了,https://shop.tsukumo.co.jp/goods/4943508304965/,
2026-10-09,CPUクーラー,cooler-nzxt-kraken-plus-280,NZXT Kraken Plus 280,,簡易水冷 280mm,,ドスパラ,,在庫なし,購入不可,https://www.dospara.co.jp/SBR321/IC524296.html,
2026-10-09,CPUクーラー,cooler-nzxt-kraken-plus-280,NZXT Kraken Plus 280,,簡易水冷 280mm,,パソコン工房,,確認できず,未確認,,指定店舗の検索と追加検索で一致商品URLを特定できず。取扱なし・販売終了とは断定していない
2026-10-09,CPUクーラー,cooler-nzxt-kraken-plus-280,NZXT Kraken Plus 280,,簡易水冷 280mm,,アプライド,,確認できず,未確認,,指定店舗の検索と追加検索で一致商品URLを特定できず。取扱なし・販売終了とは断定していない
2026-10-09,CPUクーラー,cooler-corsair-icue-link-titan-360-rx,Corsair iCUE LINK TITAN 360 RX,,簡易水冷 360mm,,アーク,,確認できず,未確認,https://www.ark-pc.co.jp/i/10401571/,RGB版。付属ファン仕様の一致未確認
2026-10-09,CPUクーラー,cooler-corsair-icue-link-titan-360-rx,Corsair iCUE LINK TITAN 360 RX,,簡易水冷 360mm,,ツクモ,,確認できず,未確認,https://shop.tsukumo.co.jp/goods/0840440482956/,RGB版。付属ファン仕様の一致未確認
2026-10-09,CPUクーラー,cooler-corsair-icue-link-titan-360-rx,Corsair iCUE LINK TITAN 360 RX,,簡易水冷 360mm,,ドスパラ,,確認できず,未確認,https://www.dospara.co.jp/SBR321/IC555772.html,RGB版。付属ファン仕様の一致未確認
2026-10-09,CPUクーラー,cooler-corsair-icue-link-titan-360-rx,Corsair iCUE LINK TITAN 360 RX,,簡易水冷 360mm,,パソコン工房,,確認できず,未確認,https://www.pc-koubou.jp/products/detail.php?product_id=1095598,RGB版。付属ファン仕様の一致未確認
2026-10-09,CPUクーラー,cooler-corsair-icue-link-titan-360-rx,Corsair iCUE LINK TITAN 360 RX,,簡易水冷 360mm,,アプライド,,確認できず,未確認,,指定店舗の検索と追加検索で一致商品URLを特定できず。取扱なし・販売終了とは断定していない
2026-10-09,CPUクーラー,cooler-corsair-nautilus-240-rs,Corsair NAUTILUS 240 RS,,簡易水冷 240mm,,アーク,,確認できず,未確認,https://www.ark-pc.co.jp/i/10401616/,RGB版。付属ファン仕様の一致未確認
2026-10-09,CPUクーラー,cooler-corsair-nautilus-240-rs,Corsair NAUTILUS 240 RS,,簡易水冷 240mm,,ツクモ,,確認できず,未確認,,指定店舗の検索と追加検索で一致商品URLを特定できず。取扱なし・販売終了とは断定していない
2026-10-09,CPUクーラー,cooler-corsair-nautilus-240-rs,Corsair NAUTILUS 240 RS,,簡易水冷 240mm,,ドスパラ,10680,在庫あり,購入可,https://www.dospara.co.jp/SBR321/IC560394.html,
2026-10-09,CPUクーラー,cooler-corsair-nautilus-240-rs,Corsair NAUTILUS 240 RS,,簡易水冷 240mm,,パソコン工房,,確認できず,未確認,https://www.pc-koubou.jp/products/detail.php?product_id=1112483,RGB版。付属ファン仕様の一致未確認
2026-10-09,CPUクーラー,cooler-corsair-nautilus-240-rs,Corsair NAUTILUS 240 RS,,簡易水冷 240mm,,アプライド,,確認できず,未確認,,指定店舗の検索と追加検索で一致商品URLを特定できず。取扱なし・販売終了とは断定していない
2026-10-09,CPUクーラー,cooler-asus-rog-strix-lc-iv-360,ASUS ROG STRIX LC IV 360,,簡易水冷 360mm,,アーク,,確認できず,未確認,https://www.ark-pc.co.jp/i/10401912/,RGB版。付属ファン仕様の一致未確認
2026-10-09,CPUクーラー,cooler-asus-rog-strix-lc-iv-360,ASUS ROG STRIX LC IV 360,,簡易水冷 360mm,,ツクモ,,確認できず,未確認,https://shop.tsukumo.co.jp/goods/0199291385955/,RGB版。付属ファン仕様の一致未確認
2026-10-09,CPUクーラー,cooler-asus-rog-strix-lc-iv-360,ASUS ROG STRIX LC IV 360,,簡易水冷 360mm,,ドスパラ,,確認できず,未確認,https://www.dospara.co.jp/SBR321/IC653605.html,RGB版。付属ファン仕様の一致未確認
2026-10-09,CPUクーラー,cooler-asus-rog-strix-lc-iv-360,ASUS ROG STRIX LC IV 360,,簡易水冷 360mm,,パソコン工房,,確認できず,未確認,https://www.pc-koubou.jp/products/detail.php?product_id=1247941,RGB版。付属ファン仕様の一致未確認
2026-10-09,CPUクーラー,cooler-asus-rog-strix-lc-iv-360,ASUS ROG STRIX LC IV 360,,簡易水冷 360mm,,アプライド,,確認できず,未確認,,指定店舗の検索と追加検索で一致商品URLを特定できず。取扱なし・販売終了とは断定していない
2026-10-09,CPUクーラー,cooler-thermalright-phantom-spirit-120-evo,Thermalright Phantom Spirit 120 EVO,,空冷(デュアルタワー),,アーク,,確認できず,未確認,,指定店舗の検索と追加検索で一致商品URLを特定できず。取扱なし・販売終了とは断定していない
2026-10-09,CPUクーラー,cooler-thermalright-phantom-spirit-120-evo,Thermalright Phantom Spirit 120 EVO,,空冷(デュアルタワー),,ツクモ,,確認できず,未確認,,指定店舗の検索と追加検索で一致商品URLを特定できず。取扱なし・販売終了とは断定していない
2026-10-09,CPUクーラー,cooler-thermalright-phantom-spirit-120-evo,Thermalright Phantom Spirit 120 EVO,,空冷(デュアルタワー),,ドスパラ,,確認できず,未確認,,指定店舗の検索と追加検索で一致商品URLを特定できず。取扱なし・販売終了とは断定していない
2026-10-09,CPUクーラー,cooler-thermalright-phantom-spirit-120-evo,Thermalright Phantom Spirit 120 EVO,,空冷(デュアルタワー),,パソコン工房,,確認できず,未確認,,指定店舗の検索と追加検索で一致商品URLを特定できず。取扱なし・販売終了とは断定していない
2026-10-09,CPUクーラー,cooler-thermalright-phantom-spirit-120-evo,Thermalright Phantom Spirit 120 EVO,,空冷(デュアルタワー),,アプライド,,確認できず,未確認,,指定店舗の検索と追加検索で一致商品URLを特定できず。取扱なし・販売終了とは断定していない
2026-10-09,CPUクーラー,cooler-deepcool-ak500,DeepCool AK500,,空冷(シングルタワー),,アーク,,取扱終了,取扱終了,https://www.ark-pc.co.jp/i/10401265/,取得元クロール: last month
2026-10-09,CPUクーラー,cooler-deepcool-ak500,DeepCool AK500,,空冷(シングルタワー),,ツクモ,,販売終了,取扱終了,https://shop.tsukumo.co.jp/goods/6933412727965/,
2026-10-09,CPUクーラー,cooler-deepcool-ak500,DeepCool AK500,,空冷(シングルタワー),,ドスパラ,,確認できず,未確認,,指定店舗の検索と追加検索で一致商品URLを特定できず。取扱なし・販売終了とは断定していない
2026-10-09,CPUクーラー,cooler-deepcool-ak500,DeepCool AK500,,空冷(シングルタワー),,パソコン工房,,確認できず,未確認,,指定店舗の検索と追加検索で一致商品URLを特定できず。取扱なし・販売終了とは断定していない
2026-10-09,CPUクーラー,cooler-deepcool-ak500,DeepCool AK500,,空冷(シングルタワー),,アプライド,,確認できず,未確認,,指定店舗の検索と追加検索で一致商品URLを特定できず。取扱なし・販売終了とは断定していない
2026-10-09,CPUクーラー,cooler-be-quiet-dark-rock-pro-5,be quiet! Dark Rock Pro 5,,空冷(デュアルタワー),,アーク,,最新在庫未確認,未確認,https://www.ark-pc.co.jp/i/10401536/,取得元クロール: 1.1 years ago。旧日付の検索取得ページのため最新価格・在庫は未確認
2026-10-09,CPUクーラー,cooler-be-quiet-dark-rock-pro-5,be quiet! Dark Rock Pro 5,,空冷(デュアルタワー),,ツクモ,,販売終了,取扱終了,https://shop.tsukumo.co.jp/goods/4260052190746/,
2026-10-09,CPUクーラー,cooler-be-quiet-dark-rock-pro-5,be quiet! Dark Rock Pro 5,,空冷(デュアルタワー),,ドスパラ,,確認できず,未確認,,指定店舗の検索と追加検索で一致商品URLを特定できず。取扱なし・販売終了とは断定していない
2026-10-09,CPUクーラー,cooler-be-quiet-dark-rock-pro-5,be quiet! Dark Rock Pro 5,,空冷(デュアルタワー),,パソコン工房,,確認できず,未確認,https://www.pc-koubou.jp/products/detail.php?product_id=1072309,商品一致候補だが税込価格・通販在庫を確定できず
2026-10-09,CPUクーラー,cooler-be-quiet-dark-rock-pro-5,be quiet! Dark Rock Pro 5,,空冷(デュアルタワー),,アプライド,,確認できず,未確認,,指定店舗の検索と追加検索で一致商品URLを特定できず。取扱なし・販売終了とは断定していない
2026-10-09,CPUクーラー,cooler-be-quiet-pure-rock-3,be quiet! Pure Rock 3,,空冷(シングルタワー),,アーク,,在庫なし,購入不可,https://www.ark-pc.co.jp/i/10401675/,
2026-10-09,CPUクーラー,cooler-be-quiet-pure-rock-3,be quiet! Pure Rock 3,,空冷(シングルタワー),,ツクモ,,確認できず,未確認,,指定店舗の検索と追加検索で一致商品URLを特定できず。取扱なし・販売終了とは断定していない
2026-10-09,CPUクーラー,cooler-be-quiet-pure-rock-3,be quiet! Pure Rock 3,,空冷(シングルタワー),,ドスパラ,,確認できず,未確認,,指定店舗の検索と追加検索で一致商品URLを特定できず。取扱なし・販売終了とは断定していない
2026-10-09,CPUクーラー,cooler-be-quiet-pure-rock-3,be quiet! Pure Rock 3,,空冷(シングルタワー),,パソコン工房,,確認できず,未確認,https://www.pc-koubou.jp/products/detail.php?product_id=1141960,商品一致候補だが税込価格・通販在庫を確定できず
2026-10-09,CPUクーラー,cooler-be-quiet-pure-rock-3,be quiet! Pure Rock 3,,空冷(シングルタワー),,アプライド,,確認できず,未確認,,指定店舗の検索と追加検索で一致商品URLを特定できず。取扱なし・販売終了とは断定していない
2026-10-09,CPUクーラー,cooler-arctic-liquid-freezer-iii-pro-280,ARCTIC Liquid Freezer III Pro 280,,簡易水冷 280mm,,アーク,,確認できず,未確認,https://www.ark-pc.co.jp/i/10401851/,RGB版。付属ファン仕様の一致未確認
2026-10-09,CPUクーラー,cooler-arctic-liquid-freezer-iii-pro-280,ARCTIC Liquid Freezer III Pro 280,,簡易水冷 280mm,,ツクモ,,在庫なし,購入不可,https://shop.tsukumo.co.jp/goods/4895265000317/,
2026-10-09,CPUクーラー,cooler-arctic-liquid-freezer-iii-pro-280,ARCTIC Liquid Freezer III Pro 280,,簡易水冷 280mm,,ドスパラ,,在庫なし,購入不可,https://www.dospara.co.jp/SBR321/IC585794.html,
2026-10-09,CPUクーラー,cooler-arctic-liquid-freezer-iii-pro-280,ARCTIC Liquid Freezer III Pro 280,,簡易水冷 280mm,,パソコン工房,,最新在庫未確認,未確認,https://www.pc-koubou.jp/products/detail.php?product_id=1199373,取得元クロール: 3 weeks ago。旧日付の検索取得ページのため最新価格・在庫は未確認
2026-10-09,CPUクーラー,cooler-arctic-liquid-freezer-iii-pro-280,ARCTIC Liquid Freezer III Pro 280,,簡易水冷 280mm,,アプライド,,確認できず,未確認,https://shop.applied-net.co.jp/view/item/000000447819?category_page_id=ct2365,RGB版。付属ファン仕様の一致未確認
2026-10-09,CPUクーラー,cooler-msi-mag-coreliquid-i240,MSI MAG CORELIQUID I240,,簡易水冷 240mm,,アーク,,最新在庫未確認,未確認,https://www.ark-pc.co.jp/i/10401700/,取得元クロール: last year。旧日付の検索取得ページのため最新価格・在庫は未確認
2026-10-09,CPUクーラー,cooler-msi-mag-coreliquid-i240,MSI MAG CORELIQUID I240,,簡易水冷 240mm,,ツクモ,16010,在庫わずか／24時間以内に出荷,購入可,https://shop.tsukumo.co.jp/goods/4711377233194/,ホワイトモデル
2026-10-09,CPUクーラー,cooler-msi-mag-coreliquid-i240,MSI MAG CORELIQUID I240,,簡易水冷 240mm,,ドスパラ,16010,在庫あり,購入可,https://www.dospara.co.jp/SBR321/IC560383.html,ホワイトモデル
2026-10-09,CPUクーラー,cooler-msi-mag-coreliquid-i240,MSI MAG CORELIQUID I240,,簡易水冷 240mm,,パソコン工房,,最新在庫未確認,未確認,https://www.pc-koubou.jp/products/detail.php?product_id=1145131,取得元クロール: last year。旧日付の検索取得ページのため最新価格・在庫は未確認
2026-10-09,CPUクーラー,cooler-msi-mag-coreliquid-i240,MSI MAG CORELIQUID I240,,簡易水冷 240mm,,アプライド,,確認できず,未確認,,指定店舗の検索と追加検索で一致商品URLを特定できず。取扱なし・販売終了とは断定していない
2026-10-09,CPUクーラー,cooler-thermalright-aqua-elite-360-v3,Thermalright Aqua Elite 360 V3,,簡易水冷 360mm,,アーク,,確認できず,未確認,,指定店舗の検索と追加検索で一致商品URLを特定できず。取扱なし・販売終了とは断定していない
2026-10-09,CPUクーラー,cooler-thermalright-aqua-elite-360-v3,Thermalright Aqua Elite 360 V3,,簡易水冷 360mm,,ツクモ,,確認できず,未確認,,指定店舗の検索と追加検索で一致商品URLを特定できず。取扱なし・販売終了とは断定していない
2026-10-09,CPUクーラー,cooler-thermalright-aqua-elite-360-v3,Thermalright Aqua Elite 360 V3,,簡易水冷 360mm,,ドスパラ,,確認できず,未確認,,指定店舗の検索と追加検索で一致商品URLを特定できず。取扱なし・販売終了とは断定していない
2026-10-09,CPUクーラー,cooler-thermalright-aqua-elite-360-v3,Thermalright Aqua Elite 360 V3,,簡易水冷 360mm,,パソコン工房,,確認できず,未確認,,指定店舗の検索と追加検索で一致商品URLを特定できず。取扱なし・販売終了とは断定していない
2026-10-09,CPUクーラー,cooler-thermalright-aqua-elite-360-v3,Thermalright Aqua Elite 360 V3,,簡易水冷 360mm,,アプライド,,確認できず,未確認,,指定店舗の検索と追加検索で一致商品URLを特定できず。取扱なし・販売終了とは断定していない
2026-10-09,ファン,fan-arctic-p12-pwm-pst,ARCTIC P12 PWM PST,,120mm,,アーク,,取扱終了,取扱終了,https://www.ark-pc.co.jp/i/24301510/,取得元クロール: 2 days ago
2026-10-09,ファン,fan-arctic-p12-pwm-pst,ARCTIC P12 PWM PST,,120mm,,ツクモ,,販売終了,取扱終了,https://shop.tsukumo.co.jp/goods/4895213701310/,
2026-10-09,ファン,fan-arctic-p12-pwm-pst,ARCTIC P12 PWM PST,,120mm,,ドスパラ,,確認できず,未確認,,指定店舗の検索と追加検索で一致商品URLを特定できず。取扱なし・販売終了とは断定していない
2026-10-09,ファン,fan-arctic-p12-pwm-pst,ARCTIC P12 PWM PST,,120mm,,パソコン工房,,在庫切れです,購入不可,https://www.pc-koubou.jp/products/detail.php?product_id=1006562,
2026-10-09,ファン,fan-arctic-p12-pwm-pst,ARCTIC P12 PWM PST,,120mm,,アプライド,,確認できず,未確認,,指定店舗の検索と追加検索で一致商品URLを特定できず。取扱なし・販売終了とは断定していない
2026-10-09,ファン,fan-thermalright-tl-c12c,Thermalright TL-C12C,,120mm,,アーク,,確認できず,未確認,,指定店舗の検索と追加検索で一致商品URLを特定できず。取扱なし・販売終了とは断定していない
2026-10-09,ファン,fan-thermalright-tl-c12c,Thermalright TL-C12C,,120mm,,ツクモ,,確認できず,未確認,,指定店舗の検索と追加検索で一致商品URLを特定できず。取扱なし・販売終了とは断定していない
2026-10-09,ファン,fan-thermalright-tl-c12c,Thermalright TL-C12C,,120mm,,ドスパラ,,確認できず,未確認,,指定店舗の検索と追加検索で一致商品URLを特定できず。取扱なし・販売終了とは断定していない
2026-10-09,ファン,fan-thermalright-tl-c12c,Thermalright TL-C12C,,120mm,,パソコン工房,,確認できず,未確認,,指定店舗の検索と追加検索で一致商品URLを特定できず。取扱なし・販売終了とは断定していない
2026-10-09,ファン,fan-thermalright-tl-c12c,Thermalright TL-C12C,,120mm,,アプライド,,確認できず,未確認,,指定店舗の検索と追加検索で一致商品URLを特定できず。取扱なし・販売終了とは断定していない
2026-10-09,ファン,fan-lian-li-uni-fan-sl120-v2,Lian Li UNI FAN SL120 V2,,120mm,,アーク,,確認できず,未確認,https://www.ark-pc.co.jp/i/24301418/,ホワイト版。指定モデルの色との一致未確認
2026-10-09,ファン,fan-lian-li-uni-fan-sl120-v2,Lian Li UNI FAN SL120 V2,,120mm,,ツクモ,,確認できず,未確認,https://shop.tsukumo.co.jp/goods/4718466012555/,複数個パック。単品価格として不採用
2026-10-09,ファン,fan-lian-li-uni-fan-sl120-v2,Lian Li UNI FAN SL120 V2,,120mm,,ドスパラ,,確認できず,未確認,https://www.dospara.co.jp/SBR738/IC484429.html,複数個パック。単品価格として不採用
2026-10-09,ファン,fan-lian-li-uni-fan-sl120-v2,Lian Li UNI FAN SL120 V2,,120mm,,パソコン工房,,確認できず,未確認,https://www.pc-koubou.jp/products/detail.php?product_id=1135066,商品候補のページ表示を取得できず、税込価格・通販在庫を確定できず
2026-10-09,ファン,fan-lian-li-uni-fan-sl120-v2,Lian Li UNI FAN SL120 V2,,120mm,,アプライド,,確認できず,未確認,,指定店舗の検索と追加検索で一致商品URLを特定できず。取扱なし・販売終了とは断定していない
2026-10-09,ファン,fan-be-quiet-silent-wings-4-120mm,be quiet! Silent Wings 4 120mm 高速版,,120mm,,アーク,,確認できず,未確認,,指定店舗の検索と追加検索で一致商品URLを特定できず。取扱なし・販売終了とは断定していない
2026-10-09,ファン,fan-be-quiet-silent-wings-4-120mm,be quiet! Silent Wings 4 120mm 高速版,,120mm,,ツクモ,,確認できず,未確認,,指定店舗の検索と追加検索で一致商品URLを特定できず。取扱なし・販売終了とは断定していない
2026-10-09,ファン,fan-be-quiet-silent-wings-4-120mm,be quiet! Silent Wings 4 120mm 高速版,,120mm,,ドスパラ,,在庫なし,購入不可,https://www.dospara.co.jp/SBR738/IC617902.html,
2026-10-09,ファン,fan-be-quiet-silent-wings-4-120mm,be quiet! Silent Wings 4 120mm 高速版,,120mm,,パソコン工房,,確認できず,未確認,https://www.pc-koubou.jp/products/detail.php?product_id=1111088,ホワイト版。指定モデルの色との一致未確認
2026-10-09,ファン,fan-be-quiet-silent-wings-4-120mm,be quiet! Silent Wings 4 120mm 高速版,,120mm,,アプライド,,確認できず,未確認,,指定店舗の検索と追加検索で一致商品URLを特定できず。取扱なし・販売終了とは断定していない
2026-10-09,ファン,fan-arctic-p12-max,ARCTIC P12 Max,,120mm,,アーク,,取扱終了,取扱終了,https://www.ark-pc.co.jp/i/24301508/,取得元クロール: last month
2026-10-09,ファン,fan-arctic-p12-max,ARCTIC P12 Max,,120mm,,ツクモ,,販売終了,取扱終了,https://shop.tsukumo.co.jp/goods/4895213704076/,
2026-10-09,ファン,fan-arctic-p12-max,ARCTIC P12 Max,,120mm,,ドスパラ,,確認できず,未確認,,指定店舗の検索と追加検索で一致商品URLを特定できず。取扱なし・販売終了とは断定していない
2026-10-09,ファン,fan-arctic-p12-max,ARCTIC P12 Max,,120mm,,パソコン工房,,最新在庫未確認,未確認,https://www.pc-koubou.jp/products/detail.php?product_id=996306,取得元クロール: last month。旧日付の検索取得ページのため最新価格・在庫は未確認
2026-10-09,ファン,fan-arctic-p12-max,ARCTIC P12 Max,,120mm,,アプライド,,確認できず,未確認,,指定店舗の検索と追加検索で一致商品URLを特定できず。取扱なし・販売終了とは断定していない
2026-10-09,ファン,fan-phanteks-t30-120,Phanteks T30-120(3000rpmモード),,120mm,,アーク,,確認できず,未確認,,指定店舗の検索と追加検索で一致商品URLを特定できず。取扱なし・販売終了とは断定していない
2026-10-09,ファン,fan-phanteks-t30-120,Phanteks T30-120(3000rpmモード),,120mm,,ツクモ,,確認できず,未確認,,指定店舗の検索と追加検索で一致商品URLを特定できず。取扱なし・販売終了とは断定していない
2026-10-09,ファン,fan-phanteks-t30-120,Phanteks T30-120(3000rpmモード),,120mm,,ドスパラ,,確認できず,未確認,,指定店舗の検索と追加検索で一致商品URLを特定できず。取扱なし・販売終了とは断定していない
2026-10-09,ファン,fan-phanteks-t30-120,Phanteks T30-120(3000rpmモード),,120mm,,パソコン工房,,確認できず,未確認,,指定店舗の検索と追加検索で一致商品URLを特定できず。取扱なし・販売終了とは断定していない
2026-10-09,ファン,fan-phanteks-t30-120,Phanteks T30-120(3000rpmモード),,120mm,,アプライド,,確認できず,未確認,,指定店舗の検索と追加検索で一致商品URLを特定できず。取扱なし・販売終了とは断定していない
2026-10-09,ファン,fan-deepcool-fc120,DeepCool FC120,,120mm,,アーク,,確認できず,未確認,,指定店舗の検索と追加検索で一致商品URLを特定できず。取扱なし・販売終了とは断定していない
2026-10-09,ファン,fan-deepcool-fc120,DeepCool FC120,,120mm,,ツクモ,,販売終了,取扱終了,https://shop.tsukumo.co.jp/goods/6933412710554/,
2026-10-09,ファン,fan-deepcool-fc120,DeepCool FC120,,120mm,,ドスパラ,,在庫なし,購入不可,https://www.dospara.co.jp/SBR738/IC496023.html,
2026-10-09,ファン,fan-deepcool-fc120,DeepCool FC120,,120mm,,パソコン工房,,確認できず,未確認,https://www.pc-koubou.jp/products/detail.php?product_id=881116,商品候補のページ表示を取得できず、税込価格・通販在庫を確定できず
2026-10-09,ファン,fan-deepcool-fc120,DeepCool FC120,,120mm,,アプライド,,確認できず,未確認,,指定店舗の検索と追加検索で一致商品URLを特定できず。取扱なし・販売終了とは断定していない
2026-10-09,ファン,fan-be-quiet-pure-wings-3-120mm-pwm,be quiet! Pure Wings 3 120mm PWM 高速版,,120mm,,アーク,,最新在庫未確認,未確認,https://www.ark-pc.co.jp/i/24301650/,取得元クロール: last month。旧日付の検索取得ページのため最新価格・在庫は未確認
2026-10-09,ファン,fan-be-quiet-pure-wings-3-120mm-pwm,be quiet! Pure Wings 3 120mm PWM 高速版,,120mm,,ツクモ,,確認できず,未確認,https://shop.tsukumo.co.jp/goods/4260052193839/,複数個パック。単品価格として不採用
2026-10-09,ファン,fan-be-quiet-pure-wings-3-120mm-pwm,be quiet! Pure Wings 3 120mm PWM 高速版,,120mm,,ドスパラ,,確認できず,未確認,,指定店舗の検索と追加検索で一致商品URLを特定できず。取扱なし・販売終了とは断定していない
2026-10-09,ファン,fan-be-quiet-pure-wings-3-120mm-pwm,be quiet! Pure Wings 3 120mm PWM 高速版,,120mm,,パソコン工房,,確認できず,未確認,,指定店舗の検索と追加検索で一致商品URLを特定できず。取扱なし・販売終了とは断定していない
2026-10-09,ファン,fan-be-quiet-pure-wings-3-120mm-pwm,be quiet! Pure Wings 3 120mm PWM 高速版,,120mm,,アプライド,,確認できず,未確認,,指定店舗の検索と追加検索で一致商品URLを特定できず。取扱なし・販売終了とは断定していない
2026-10-09,ファン,fan-arctic-p14-pwm-pst,ARCTIC P14 PWM PST,,140mm,,アーク,,取扱終了,取扱終了,https://www.ark-pc.co.jp/i/24301511/,取得元クロール: last month
2026-10-09,ファン,fan-arctic-p14-pwm-pst,ARCTIC P14 PWM PST,,140mm,,ツクモ,,販売終了,取扱終了,https://shop.tsukumo.co.jp/goods/4895213701563/,
2026-10-09,ファン,fan-arctic-p14-pwm-pst,ARCTIC P14 PWM PST,,140mm,,ドスパラ,,確認できず,未確認,https://www.dospara.co.jp/SBR739/IC608996.html,ホワイト版。指定モデルの色との一致未確認
2026-10-09,ファン,fan-arctic-p14-pwm-pst,ARCTIC P14 PWM PST,,140mm,,パソコン工房,,在庫切れです,購入不可,https://www.pc-koubou.jp/products/detail.php?product_id=1024322,
2026-10-09,ファン,fan-arctic-p14-pwm-pst,ARCTIC P14 PWM PST,,140mm,,アプライド,,確認できず,未確認,,指定店舗の検索と追加検索で一致商品URLを特定できず。取扱なし・販売終了とは断定していない
2026-10-09,ファン,fan-lian-li-uni-fan-sl140-v2,Lian Li UNI FAN SL140 V2,,140mm,,アーク,,取扱終了,取扱終了,https://www.ark-pc.co.jp/i/24301421/,
2026-10-09,ファン,fan-lian-li-uni-fan-sl140-v2,Lian Li UNI FAN SL140 V2,,140mm,,ツクモ,,販売終了,取扱終了,https://shop.tsukumo.co.jp/goods/4718466012654/,
2026-10-09,ファン,fan-lian-li-uni-fan-sl140-v2,Lian Li UNI FAN SL140 V2,,140mm,,ドスパラ,,確認できず,未確認,,指定店舗の検索と追加検索で一致商品URLを特定できず。取扱なし・販売終了とは断定していない
2026-10-09,ファン,fan-lian-li-uni-fan-sl140-v2,Lian Li UNI FAN SL140 V2,,140mm,,パソコン工房,,在庫切れです,購入不可,https://www.pc-koubou.jp/products/detail.php?product_id=1196539,
2026-10-09,ファン,fan-lian-li-uni-fan-sl140-v2,Lian Li UNI FAN SL140 V2,,140mm,,アプライド,,確認できず,未確認,,指定店舗の検索と追加検索で一致商品URLを特定できず。取扱なし・販売終了とは断定していない
2026-10-09,ファン,fan-be-quiet-silent-wings-4-140mm-pwm,be quiet! Silent Wings 4 140mm PWM,,140mm,,アーク,,取扱終了,取扱終了,https://www.ark-pc.co.jp/i/24300695/,取得元クロール: 3 months ago
2026-10-09,ファン,fan-be-quiet-silent-wings-4-140mm-pwm,be quiet! Silent Wings 4 140mm PWM,,140mm,,ツクモ,,在庫なし,購入不可,https://shop.tsukumo.co.jp/goods/4260052188880/,
2026-10-09,ファン,fan-be-quiet-silent-wings-4-140mm-pwm,be quiet! Silent Wings 4 140mm PWM,,140mm,,ドスパラ,,確認できず,未確認,https://www.dospara.co.jp/SBR739/IC617903.html,高速版のため標準回転数モデルと異なる
2026-10-09,ファン,fan-be-quiet-silent-wings-4-140mm-pwm,be quiet! Silent Wings 4 140mm PWM,,140mm,,パソコン工房,,確認できず,未確認,,指定店舗の検索と追加検索で一致商品URLを特定できず。取扱なし・販売終了とは断定していない
2026-10-09,ファン,fan-be-quiet-silent-wings-4-140mm-pwm,be quiet! Silent Wings 4 140mm PWM,,140mm,,アプライド,,確認できず,未確認,,指定店舗の検索と追加検索で一致商品URLを特定できず。取扱なし・販売終了とは断定していない
2026-10-09,ファン,fan-lian-li-uni-fan-tl-120-reverse,Lian Li UNI FAN TL 120 Reverse,,120mm,,アーク,,確認できず,未確認,,指定店舗の検索と追加検索で一致商品URLを特定できず。取扱なし・販売終了とは断定していない
2026-10-09,ファン,fan-lian-li-uni-fan-tl-120-reverse,Lian Li UNI FAN TL 120 Reverse,,120mm,,ツクモ,,販売終了,取扱終了,https://shop.tsukumo.co.jp/goods/4718466014214/,
2026-10-09,ファン,fan-lian-li-uni-fan-tl-120-reverse,Lian Li UNI FAN TL 120 Reverse,,120mm,,ドスパラ,,確認できず,未確認,https://www.dospara.co.jp/SBR738/IC500559.html,複数個パック。単品価格として不採用
2026-10-09,ファン,fan-lian-li-uni-fan-tl-120-reverse,Lian Li UNI FAN TL 120 Reverse,,120mm,,パソコン工房,,確認できず,未確認,,指定店舗の検索と追加検索で一致商品URLを特定できず。取扱なし・販売終了とは断定していない
2026-10-09,ファン,fan-lian-li-uni-fan-tl-120-reverse,Lian Li UNI FAN TL 120 Reverse,,120mm,,アプライド,,確認できず,未確認,,指定店舗の検索と追加検索で一致商品URLを特定できず。取扱なし・販売終了とは断定していない
2026-10-09,ファン,fan-lian-li-uni-fan-tl-140-reverse,Lian Li UNI FAN TL 140 Reverse,,140mm,,アーク,,確認できず,未確認,,指定店舗の検索と追加検索で一致商品URLを特定できず。取扱なし・販売終了とは断定していない
2026-10-09,ファン,fan-lian-li-uni-fan-tl-140-reverse,Lian Li UNI FAN TL 140 Reverse,,140mm,,ツクモ,,確認できず,未確認,https://shop.tsukumo.co.jp/goods/4718466014528/,ホワイト版。指定モデルの色との一致未確認
2026-10-09,ファン,fan-lian-li-uni-fan-tl-140-reverse,Lian Li UNI FAN TL 140 Reverse,,140mm,,ドスパラ,,在庫なし,購入不可,https://www.dospara.co.jp/SBR739/IC500560.html,
2026-10-09,ファン,fan-lian-li-uni-fan-tl-140-reverse,Lian Li UNI FAN TL 140 Reverse,,140mm,,パソコン工房,,確認できず,未確認,,指定店舗の検索と追加検索で一致商品URLを特定できず。取扱なし・販売終了とは断定していない
2026-10-09,ファン,fan-lian-li-uni-fan-tl-140-reverse,Lian Li UNI FAN TL 140 Reverse,,140mm,,アプライド,,確認できず,未確認,,指定店舗の検索と追加検索で一致商品URLを特定できず。取扱なし・販売終了とは断定していない
2026-10-09,ファン,fan-lian-li-uni-fan-tl-lcd-120,Lian Li UNI FAN TL LCD 120,,120mm,,アーク,,確認できず,未確認,,指定店舗の検索と追加検索で一致商品URLを特定できず。取扱なし・販売終了とは断定していない
2026-10-09,ファン,fan-lian-li-uni-fan-tl-lcd-120,Lian Li UNI FAN TL LCD 120,,120mm,,ツクモ,,確認できず,未確認,https://shop.tsukumo.co.jp/goods/4718466014399/,複数個パック。単品価格として不採用
2026-10-09,ファン,fan-lian-li-uni-fan-tl-lcd-120,Lian Li UNI FAN TL LCD 120,,120mm,,ドスパラ,,確認できず,未確認,https://www.dospara.co.jp/SBR738/IC500564.html,複数個パック。単品価格として不採用
2026-10-09,ファン,fan-lian-li-uni-fan-tl-lcd-120,Lian Li UNI FAN TL LCD 120,,120mm,,パソコン工房,,在庫切れです,購入不可,https://www.pc-koubou.jp/products/detail.php?product_id=1171437,
2026-10-09,ファン,fan-lian-li-uni-fan-tl-lcd-120,Lian Li UNI FAN TL LCD 120,,120mm,,アプライド,,確認できず,未確認,,指定店舗の検索と追加検索で一致商品URLを特定できず。取扱なし・販売終了とは断定していない
2026-10-09,ファン,fan-lian-li-uni-fan-tl-lcd-140,Lian Li UNI FAN TL LCD 140,,140mm,,アーク,,確認できず,未確認,,指定店舗の検索と追加検索で一致商品URLを特定できず。取扱なし・販売終了とは断定していない
2026-10-09,ファン,fan-lian-li-uni-fan-tl-lcd-140,Lian Li UNI FAN TL LCD 140,,140mm,,ツクモ,,確認できず,未確認,,指定店舗の検索と追加検索で一致商品URLを特定できず。取扱なし・販売終了とは断定していない
2026-10-09,ファン,fan-lian-li-uni-fan-tl-lcd-140,Lian Li UNI FAN TL LCD 140,,140mm,,ドスパラ,,確認できず,未確認,,指定店舗の検索と追加検索で一致商品URLを特定できず。取扱なし・販売終了とは断定していない
2026-10-09,ファン,fan-lian-li-uni-fan-tl-lcd-140,Lian Li UNI FAN TL LCD 140,,140mm,,パソコン工房,,確認できず,未確認,,指定店舗の検索と追加検索で一致商品URLを特定できず。取扱なし・販売終了とは断定していない
2026-10-09,ファン,fan-lian-li-uni-fan-tl-lcd-140,Lian Li UNI FAN TL LCD 140,,140mm,,アプライド,,確認できず,未確認,,指定店舗の検索と追加検索で一致商品URLを特定できず。取扱なし・販売終了とは断定していない
2026-10-09,ファン,fan-lian-li-uni-fan-tl-lcd-120-reverse,Lian Li UNI FAN TL LCD 120 Reverse,,120mm,,アーク,,確認できず,未確認,,指定店舗の検索と追加検索で一致商品URLを特定できず。取扱なし・販売終了とは断定していない
2026-10-09,ファン,fan-lian-li-uni-fan-tl-lcd-120-reverse,Lian Li UNI FAN TL LCD 120 Reverse,,120mm,,ツクモ,,販売終了,取扱終了,https://shop.tsukumo.co.jp/goods/4718466014238/,
2026-10-09,ファン,fan-lian-li-uni-fan-tl-lcd-120-reverse,Lian Li UNI FAN TL LCD 120 Reverse,,120mm,,ドスパラ,,確認できず,未確認,https://www.dospara.co.jp/SBR738/IC500567.html,複数個パック。単品価格として不採用
2026-10-09,ファン,fan-lian-li-uni-fan-tl-lcd-120-reverse,Lian Li UNI FAN TL LCD 120 Reverse,,120mm,,パソコン工房,,在庫切れです,購入不可,https://www.pc-koubou.jp/products/detail.php?product_id=1171435,
2026-10-09,ファン,fan-lian-li-uni-fan-tl-lcd-120-reverse,Lian Li UNI FAN TL LCD 120 Reverse,,120mm,,アプライド,,確認できず,未確認,,指定店舗の検索と追加検索で一致商品URLを特定できず。取扱なし・販売終了とは断定していない
2026-10-09,ファン,fan-lian-li-uni-fan-tl-lcd-140-reverse,Lian Li UNI FAN TL LCD 140 Reverse,,140mm,,アーク,,確認できず,未確認,,指定店舗の検索と追加検索で一致商品URLを特定できず。取扱なし・販売終了とは断定していない
2026-10-09,ファン,fan-lian-li-uni-fan-tl-lcd-140-reverse,Lian Li UNI FAN TL LCD 140 Reverse,,140mm,,ツクモ,,在庫なし,購入不可,https://shop.tsukumo.co.jp/goods/4718466014535/,
2026-10-09,ファン,fan-lian-li-uni-fan-tl-lcd-140-reverse,Lian Li UNI FAN TL LCD 140 Reverse,,140mm,,ドスパラ,,在庫なし,購入不可,https://www.dospara.co.jp/SBR739/IC500568.html,
2026-10-09,ファン,fan-lian-li-uni-fan-tl-lcd-140-reverse,Lian Li UNI FAN TL LCD 140 Reverse,,140mm,,パソコン工房,,確認できず,未確認,,指定店舗の検索と追加検索で一致商品URLを特定できず。取扱なし・販売終了とは断定していない
2026-10-09,ファン,fan-lian-li-uni-fan-tl-lcd-140-reverse,Lian Li UNI FAN TL LCD 140 Reverse,,140mm,,アプライド,,確認できず,未確認,,指定店舗の検索と追加検索で一致商品URLを特定できず。取扱なし・販売終了とは断定していない
2026-10-09,ファン,fan-lian-li-uni-fan-sl-inf-120,Lian Li UNI FAN SL-INF 120,,120mm,,アーク,,取扱終了,取扱終了,https://www.ark-pc.co.jp/i/24301379/,
2026-10-09,ファン,fan-lian-li-uni-fan-sl-inf-120,Lian Li UNI FAN SL-INF 120,,120mm,,ツクモ,,在庫なし,購入不可,https://shop.tsukumo.co.jp/goods/4718466011718/,
2026-10-09,ファン,fan-lian-li-uni-fan-sl-inf-120,Lian Li UNI FAN SL-INF 120,,120mm,,ドスパラ,,確認できず,未確認,https://www.dospara.co.jp/SBR738/IC481089.html,ホワイト版。指定モデルの色との一致未確認
2026-10-09,ファン,fan-lian-li-uni-fan-sl-inf-120,Lian Li UNI FAN SL-INF 120,,120mm,,パソコン工房,,最新在庫未確認,未確認,https://www.pc-koubou.jp/products/detail.php?product_id=1168746,取得元クロール: last month。旧日付の検索取得ページのため最新価格・在庫は未確認
2026-10-09,ファン,fan-lian-li-uni-fan-sl-inf-120,Lian Li UNI FAN SL-INF 120,,120mm,,アプライド,,売り切れ,購入不可,https://shop.applied-net.co.jp/view/item/000000442817?category_page_id=ct2399,
2026-10-09,ファン,fan-lian-li-uni-fan-sl-inf-140,Lian Li UNI FAN SL-INF 140,,140mm,,アーク,,最新在庫未確認,未確認,https://www.ark-pc.co.jp/i/24301431/,取得元クロール: 1.3 years ago。旧日付の検索取得ページのため最新価格・在庫は未確認
2026-10-09,ファン,fan-lian-li-uni-fan-sl-inf-140,Lian Li UNI FAN SL-INF 140,,140mm,,ツクモ,,在庫なし,購入不可,https://shop.tsukumo.co.jp/goods/4718466013156/,
2026-10-09,ファン,fan-lian-li-uni-fan-sl-inf-140,Lian Li UNI FAN SL-INF 140,,140mm,,ドスパラ,,在庫なし,購入不可,https://www.dospara.co.jp/SBR283/IC486181.html,
2026-10-09,ファン,fan-lian-li-uni-fan-sl-inf-140,Lian Li UNI FAN SL-INF 140,,140mm,,パソコン工房,,確認できず,未確認,,指定店舗の検索と追加検索で一致商品URLを特定できず。取扱なし・販売終了とは断定していない
2026-10-09,ファン,fan-lian-li-uni-fan-sl-inf-140,Lian Li UNI FAN SL-INF 140,,140mm,,アプライド,,売り切れ,購入不可,https://shop.applied-net.co.jp/view/item/000000442821?category_page_id=ct2399,
2026-10-09,ファン,fan-lian-li-uni-fan-sl-inf-120-reverse,Lian Li UNI FAN SL-INF 120 Reverse,,120mm,,アーク,,確認できず,未確認,,指定店舗の検索と追加検索で一致商品URLを特定できず。取扱なし・販売終了とは断定していない
2026-10-09,ファン,fan-lian-li-uni-fan-sl-inf-120-reverse,Lian Li UNI FAN SL-INF 120 Reverse,,120mm,,ツクモ,3520,在庫わずか／24時間以内に出荷,購入可,https://shop.tsukumo.co.jp/goods/4718466013194/,
2026-10-09,ファン,fan-lian-li-uni-fan-sl-inf-120-reverse,Lian Li UNI FAN SL-INF 120 Reverse,,120mm,,ドスパラ,,在庫なし,購入不可,https://www.dospara.co.jp/SBR738/IC543961.html,
2026-10-09,ファン,fan-lian-li-uni-fan-sl-inf-120-reverse,Lian Li UNI FAN SL-INF 120 Reverse,,120mm,,パソコン工房,,確認できず,未確認,,指定店舗の検索と追加検索で一致商品URLを特定できず。取扱なし・販売終了とは断定していない
2026-10-09,ファン,fan-lian-li-uni-fan-sl-inf-120-reverse,Lian Li UNI FAN SL-INF 120 Reverse,,120mm,,アプライド,,確認できず,未確認,,指定店舗の検索と追加検索で一致商品URLを特定できず。取扱なし・販売終了とは断定していない
2026-10-09,ファン,fan-lian-li-uni-fan-sl-inf-140-reverse,Lian Li UNI FAN SL-INF 140 Reverse,,140mm,,アーク,,取扱終了,取扱終了,https://www.ark-pc.co.jp/i/24301583/,取得元クロール: last month
2026-10-09,ファン,fan-lian-li-uni-fan-sl-inf-140-reverse,Lian Li UNI FAN SL-INF 140 Reverse,,140mm,,ツクモ,,在庫なし,購入不可,https://shop.tsukumo.co.jp/goods/4718466014894/,
2026-10-09,ファン,fan-lian-li-uni-fan-sl-inf-140-reverse,Lian Li UNI FAN SL-INF 140 Reverse,,140mm,,ドスパラ,,確認できず,未確認,,指定店舗の検索と追加検索で一致商品URLを特定できず。取扱なし・販売終了とは断定していない
2026-10-09,ファン,fan-lian-li-uni-fan-sl-inf-140-reverse,Lian Li UNI FAN SL-INF 140 Reverse,,140mm,,パソコン工房,,確認できず,未確認,,指定店舗の検索と追加検索で一致商品URLを特定できず。取扱なし・販売終了とは断定していない
2026-10-09,ファン,fan-lian-li-uni-fan-sl-inf-140-reverse,Lian Li UNI FAN SL-INF 140 Reverse,,140mm,,アプライド,,確認できず,未確認,https://shop.applied-net.co.jp/view/item/000000428405?category_page_id=ct2365,ホワイト版。指定モデルの色との一致未確認
2026-10-09,ファン,fan-lian-li-uni-fan-sl-wireless-120-led,Lian Li UNI FAN SL Wireless 120 LED,,120mm,,アーク,,確認できず,未確認,,指定店舗の検索と追加検索で一致商品URLを特定できず。取扱なし・販売終了とは断定していない
2026-10-09,ファン,fan-lian-li-uni-fan-sl-wireless-120-led,Lian Li UNI FAN SL Wireless 120 LED,,120mm,,ツクモ,,確認できず,未確認,https://shop.tsukumo.co.jp/goods/4718466016744/,複数個パック。単品価格として不採用
2026-10-09,ファン,fan-lian-li-uni-fan-sl-wireless-120-led,Lian Li UNI FAN SL Wireless 120 LED,,120mm,,ドスパラ,,確認できず,未確認,,指定店舗の検索と追加検索で一致商品URLを特定できず。取扱なし・販売終了とは断定していない
2026-10-09,ファン,fan-lian-li-uni-fan-sl-wireless-120-led,Lian Li UNI FAN SL Wireless 120 LED,,120mm,,パソコン工房,,最新在庫未確認,未確認,https://www.pc-koubou.jp/products/detail.php?product_id=1115747,取得元クロール: 3 months ago。旧日付の検索取得ページのため最新価格・在庫は未確認
2026-10-09,ファン,fan-lian-li-uni-fan-sl-wireless-120-led,Lian Li UNI FAN SL Wireless 120 LED,,120mm,,アプライド,,確認できず,未確認,,指定店舗の検索と追加検索で一致商品URLを特定できず。取扱なし・販売終了とは断定していない
2026-10-09,ファン,fan-lian-li-uni-fan-sl-wireless-120-led-reverse,Lian Li UNI FAN SL Wireless 120 LED Reverse,,120mm,,アーク,,確認できず,未確認,,指定店舗の検索と追加検索で一致商品URLを特定できず。取扱なし・販売終了とは断定していない
2026-10-09,ファン,fan-lian-li-uni-fan-sl-wireless-120-led-reverse,Lian Li UNI FAN SL Wireless 120 LED Reverse,,120mm,,ツクモ,4690,在庫わずか／24時間以内に出荷,購入可,https://shop.tsukumo.co.jp/goods/4718466016713/,
2026-10-09,ファン,fan-lian-li-uni-fan-sl-wireless-120-led-reverse,Lian Li UNI FAN SL Wireless 120 LED Reverse,,120mm,,ドスパラ,,確認できず,未確認,,指定店舗の検索と追加検索で一致商品URLを特定できず。取扱なし・販売終了とは断定していない
2026-10-09,ファン,fan-lian-li-uni-fan-sl-wireless-120-led-reverse,Lian Li UNI FAN SL Wireless 120 LED Reverse,,120mm,,パソコン工房,,確認できず,未確認,https://www.pc-koubou.jp/products/detail.php?product_id=1115753,複数個パック。単品価格として不採用
2026-10-09,ファン,fan-lian-li-uni-fan-sl-wireless-120-led-reverse,Lian Li UNI FAN SL Wireless 120 LED Reverse,,120mm,,アプライド,,確認できず,未確認,,指定店舗の検索と追加検索で一致商品URLを特定できず。取扱なし・販売終了とは断定していない
2026-10-09,ファン,fan-lian-li-uni-fan-sl-wireless-120-lcd,Lian Li UNI FAN SL Wireless 120 LCD,,120mm,,アーク,,確認できず,未確認,,指定店舗の検索と追加検索で一致商品URLを特定できず。取扱なし・販売終了とは断定していない
2026-10-09,ファン,fan-lian-li-uni-fan-sl-wireless-120-lcd,Lian Li UNI FAN SL Wireless 120 LCD,,120mm,,ツクモ,,在庫なし,購入不可,https://shop.tsukumo.co.jp/goods/4718466016775/,
2026-10-09,ファン,fan-lian-li-uni-fan-sl-wireless-120-lcd,Lian Li UNI FAN SL Wireless 120 LCD,,120mm,,ドスパラ,,確認できず,未確認,https://www.dospara.co.jp/SBR738/IC547543.html,複数個パック。単品価格として不採用
2026-10-09,ファン,fan-lian-li-uni-fan-sl-wireless-120-lcd,Lian Li UNI FAN SL Wireless 120 LCD,,120mm,,パソコン工房,,確認できず,未確認,https://www.pc-koubou.jp/products/detail.php?product_id=1115756,ホワイト版。指定モデルの色との一致未確認
2026-10-09,ファン,fan-lian-li-uni-fan-sl-wireless-120-lcd,Lian Li UNI FAN SL Wireless 120 LCD,,120mm,,アプライド,,確認できず,未確認,,指定店舗の検索と追加検索で一致商品URLを特定できず。取扱なし・販売終了とは断定していない
2026-10-09,ファン,fan-lian-li-uni-fan-sl-wireless-120-lcd-reverse,Lian Li UNI FAN SL Wireless 120 LCD Reverse,,120mm,,アーク,,確認できず,未確認,https://www.ark-pc.co.jp/i/24301822/,複数個パック。単品価格として不採用
2026-10-09,ファン,fan-lian-li-uni-fan-sl-wireless-120-lcd-reverse,Lian Li UNI FAN SL Wireless 120 LCD Reverse,,120mm,,ツクモ,7436,在庫わずか／24時間以内に出荷,購入可,https://shop.tsukumo.co.jp/goods/4718466016799/,
2026-10-09,ファン,fan-lian-li-uni-fan-sl-wireless-120-lcd-reverse,Lian Li UNI FAN SL Wireless 120 LCD Reverse,,120mm,,ドスパラ,,確認できず,未確認,https://www.dospara.co.jp/SBR738/IC547544.html,複数個パック。単品価格として不採用
2026-10-09,ファン,fan-lian-li-uni-fan-sl-wireless-120-lcd-reverse,Lian Li UNI FAN SL Wireless 120 LCD Reverse,,120mm,,パソコン工房,,確認できず,未確認,https://www.pc-koubou.jp/products/detail.php?product_id=1127510,複数個パック。単品価格として不採用
2026-10-09,ファン,fan-lian-li-uni-fan-sl-wireless-120-lcd-reverse,Lian Li UNI FAN SL Wireless 120 LCD Reverse,,120mm,,アプライド,,確認できず,未確認,,指定店舗の検索と追加検索で一致商品URLを特定できず。取扱なし・販売終了とは断定していない
2026-10-09,ファン,fan-lian-li-uni-fan-sl-inf-wireless-120,Lian Li UNI FAN SL-INF Wireless 120,,120mm,,アーク,,確認できず,未確認,,指定店舗の検索と追加検索で一致商品URLを特定できず。取扱なし・販売終了とは断定していない
2026-10-09,ファン,fan-lian-li-uni-fan-sl-inf-wireless-120,Lian Li UNI FAN SL-INF Wireless 120,,120mm,,ツクモ,4404,在庫わずか／24時間以内に出荷,購入可,https://shop.tsukumo.co.jp/goods/4718466017659/,
2026-10-09,ファン,fan-lian-li-uni-fan-sl-inf-wireless-120,Lian Li UNI FAN SL-INF Wireless 120,,120mm,,ドスパラ,,確認できず,未確認,,指定店舗の検索と追加検索で一致商品URLを特定できず。取扱なし・販売終了とは断定していない
2026-10-09,ファン,fan-lian-li-uni-fan-sl-inf-wireless-120,Lian Li UNI FAN SL-INF Wireless 120,,120mm,,パソコン工房,,確認できず,未確認,,指定店舗の検索と追加検索で一致商品URLを特定できず。取扱なし・販売終了とは断定していない
2026-10-09,ファン,fan-lian-li-uni-fan-sl-inf-wireless-120,Lian Li UNI FAN SL-INF Wireless 120,,120mm,,アプライド,,確認できず,未確認,,指定店舗の検索と追加検索で一致商品URLを特定できず。取扱なし・販売終了とは断定していない
2026-10-09,ファン,fan-lian-li-uni-fan-sl-inf-wireless-120-reverse,Lian Li UNI FAN SL-INF Wireless 120 Reverse,,120mm,,アーク,,確認できず,未確認,,指定店舗の検索と追加検索で一致商品URLを特定できず。取扱なし・販売終了とは断定していない
2026-10-09,ファン,fan-lian-li-uni-fan-sl-inf-wireless-120-reverse,Lian Li UNI FAN SL-INF Wireless 120 Reverse,,120mm,,ツクモ,,販売終了,取扱終了,https://shop.tsukumo.co.jp/goods/4718466017673/,
2026-10-09,ファン,fan-lian-li-uni-fan-sl-inf-wireless-120-reverse,Lian Li UNI FAN SL-INF Wireless 120 Reverse,,120mm,,ドスパラ,,確認できず,未確認,,指定店舗の検索と追加検索で一致商品URLを特定できず。取扱なし・販売終了とは断定していない
2026-10-09,ファン,fan-lian-li-uni-fan-sl-inf-wireless-120-reverse,Lian Li UNI FAN SL-INF Wireless 120 Reverse,,120mm,,パソコン工房,,確認できず,未確認,,指定店舗の検索と追加検索で一致商品URLを特定できず。取扱なし・販売終了とは断定していない
2026-10-09,ファン,fan-lian-li-uni-fan-sl-inf-wireless-120-reverse,Lian Li UNI FAN SL-INF Wireless 120 Reverse,,120mm,,アプライド,,確認できず,未確認,,指定店舗の検索と追加検索で一致商品URLを特定できず。取扱なし・販売終了とは断定していない
2026-10-09,ファン,fan-lian-li-uni-fan-sl-inf-wireless-140,Lian Li UNI FAN SL-INF Wireless 140,,140mm,,アーク,,確認できず,未確認,,指定店舗の検索と追加検索で一致商品URLを特定できず。取扱なし・販売終了とは断定していない
2026-10-09,ファン,fan-lian-li-uni-fan-sl-inf-wireless-140,Lian Li UNI FAN SL-INF Wireless 140,,140mm,,ツクモ,,販売終了,取扱終了,https://shop.tsukumo.co.jp/goods/4718466022585/,
2026-10-09,ファン,fan-lian-li-uni-fan-sl-inf-wireless-140,Lian Li UNI FAN SL-INF Wireless 140,,140mm,,ドスパラ,,確認できず,未確認,,指定店舗の検索と追加検索で一致商品URLを特定できず。取扱なし・販売終了とは断定していない
2026-10-09,ファン,fan-lian-li-uni-fan-sl-inf-wireless-140,Lian Li UNI FAN SL-INF Wireless 140,,140mm,,パソコン工房,,最新在庫未確認,未確認,https://www.pc-koubou.jp/products/detail.php?product_id=1226539,取得元クロール: last month。旧日付の検索取得ページのため最新価格・在庫は未確認
2026-10-09,ファン,fan-lian-li-uni-fan-sl-inf-wireless-140,Lian Li UNI FAN SL-INF Wireless 140,,140mm,,アプライド,,確認できず,未確認,,指定店舗の検索と追加検索で一致商品URLを特定できず。取扱なし・販売終了とは断定していない
2026-10-09,ファン,fan-lian-li-uni-fan-sl-inf-wireless-140-reverse,Lian Li UNI FAN SL-INF Wireless 140 Reverse,,140mm,,アーク,,確認できず,未確認,,指定店舗の検索と追加検索で一致商品URLを特定できず。取扱なし・販売終了とは断定していない
2026-10-09,ファン,fan-lian-li-uni-fan-sl-inf-wireless-140-reverse,Lian Li UNI FAN SL-INF Wireless 140 Reverse,,140mm,,ツクモ,,販売終了,取扱終了,https://shop.tsukumo.co.jp/goods/4718466022608/,
2026-10-09,ファン,fan-lian-li-uni-fan-sl-inf-wireless-140-reverse,Lian Li UNI FAN SL-INF Wireless 140 Reverse,,140mm,,ドスパラ,,確認できず,未確認,,指定店舗の検索と追加検索で一致商品URLを特定できず。取扱なし・販売終了とは断定していない
2026-10-09,ファン,fan-lian-li-uni-fan-sl-inf-wireless-140-reverse,Lian Li UNI FAN SL-INF Wireless 140 Reverse,,140mm,,パソコン工房,,税込価格未確認,未確認,https://www.pc-koubou.jp/products/detail.php?product_id=1226541,商品一致候補だが税込価格・通販在庫を確定できず
2026-10-09,ファン,fan-lian-li-uni-fan-sl-inf-wireless-140-reverse,Lian Li UNI FAN SL-INF Wireless 140 Reverse,,140mm,,アプライド,,確認できず,未確認,,指定店舗の検索と追加検索で一致商品URLを特定できず。取扱なし・販売終了とは断定していない
2026-10-09,ファン,fan-lian-li-uni-fan-tl-flex-120-led,Lian Li UNI FAN TL FLEX 120 LED,,120mm,,アーク,,確認できず,未確認,,指定店舗の検索と追加検索で一致商品URLを特定できず。取扱なし・販売終了とは断定していない
2026-10-09,ファン,fan-lian-li-uni-fan-tl-flex-120-led,Lian Li UNI FAN TL FLEX 120 LED,,120mm,,ツクモ,,確認できず,未確認,,指定店舗の検索と追加検索で一致商品URLを特定できず。取扱なし・販売終了とは断定していない
2026-10-09,ファン,fan-lian-li-uni-fan-tl-flex-120-led,Lian Li UNI FAN TL FLEX 120 LED,,120mm,,ドスパラ,,確認できず,未確認,https://www.dospara.co.jp/SBR738/IC665237.html,複数個パック。単品価格として不採用
2026-10-09,ファン,fan-lian-li-uni-fan-tl-flex-120-led,Lian Li UNI FAN TL FLEX 120 LED,,120mm,,パソコン工房,,確認できず,未確認,https://www.pc-koubou.jp/products/detail.php?product_id=1248404,複数個パック。単品価格として不採用
2026-10-09,ファン,fan-lian-li-uni-fan-tl-flex-120-led,Lian Li UNI FAN TL FLEX 120 LED,,120mm,,アプライド,,売り切れ,購入不可,https://shop.applied-net.co.jp/view/item/000000451513?category_page_id=ct2037,
2026-10-09,ファン,fan-lian-li-uni-fan-tl-flex-120-led-reverse,Lian Li UNI FAN TL FLEX 120 LED Reverse,,120mm,,アーク,,確認できず,未確認,,指定店舗の検索と追加検索で一致商品URLを特定できず。取扱なし・販売終了とは断定していない
2026-10-09,ファン,fan-lian-li-uni-fan-tl-flex-120-led-reverse,Lian Li UNI FAN TL FLEX 120 LED Reverse,,120mm,,ツクモ,,確認できず,未確認,,指定店舗の検索と追加検索で一致商品URLを特定できず。取扱なし・販売終了とは断定していない
2026-10-09,ファン,fan-lian-li-uni-fan-tl-flex-120-led-reverse,Lian Li UNI FAN TL FLEX 120 LED Reverse,,120mm,,ドスパラ,6480,在庫あり,購入可,https://www.dospara.co.jp/SBR738/IC665234.html,
2026-10-09,ファン,fan-lian-li-uni-fan-tl-flex-120-led-reverse,Lian Li UNI FAN TL FLEX 120 LED Reverse,,120mm,,パソコン工房,,確認できず,未確認,,指定店舗の検索と追加検索で一致商品URLを特定できず。取扱なし・販売終了とは断定していない
2026-10-09,ファン,fan-lian-li-uni-fan-tl-flex-120-led-reverse,Lian Li UNI FAN TL FLEX 120 LED Reverse,,120mm,,アプライド,,確認できず,未確認,https://shop.applied-net.co.jp/view/item/000000451516?category_page_id=ct2399,ホワイト版。指定モデルの色との一致未確認
2026-10-09,ファン,fan-lian-li-uni-fan-tl-flex-120-lcd,Lian Li UNI FAN TL FLEX 120 LCD,,120mm,,アーク,,確認できず,未確認,,指定店舗の検索と追加検索で一致商品URLを特定できず。取扱なし・販売終了とは断定していない
2026-10-09,ファン,fan-lian-li-uni-fan-tl-flex-120-lcd,Lian Li UNI FAN TL FLEX 120 LCD,,120mm,,ツクモ,,確認できず,未確認,,指定店舗の検索と追加検索で一致商品URLを特定できず。取扱なし・販売終了とは断定していない
2026-10-09,ファン,fan-lian-li-uni-fan-tl-flex-120-lcd,Lian Li UNI FAN TL FLEX 120 LCD,,120mm,,ドスパラ,,確認できず,未確認,,指定店舗の検索と追加検索で一致商品URLを特定できず。取扱なし・販売終了とは断定していない
2026-10-09,ファン,fan-lian-li-uni-fan-tl-flex-120-lcd,Lian Li UNI FAN TL FLEX 120 LCD,,120mm,,パソコン工房,,確認できず,未確認,https://www.pc-koubou.jp/products/detail.php?product_id=1248395,商品一致候補だが税込価格・通販在庫を確定できず
2026-10-09,ファン,fan-lian-li-uni-fan-tl-flex-120-lcd,Lian Li UNI FAN TL FLEX 120 LCD,,120mm,,アプライド,7990,在庫あり,購入可,https://shop.applied-net.co.jp/view/item/000000451521?category_page_id=ct2037,
2026-10-09,ファン,fan-lian-li-uni-fan-tl-flex-120-lcd-reverse,Lian Li UNI FAN TL FLEX 120 LCD Reverse,,120mm,,アーク,,確認できず,未確認,,指定店舗の検索と追加検索で一致商品URLを特定できず。取扱なし・販売終了とは断定していない
2026-10-09,ファン,fan-lian-li-uni-fan-tl-flex-120-lcd-reverse,Lian Li UNI FAN TL FLEX 120 LCD Reverse,,120mm,,ツクモ,,確認できず,未確認,,指定店舗の検索と追加検索で一致商品URLを特定できず。取扱なし・販売終了とは断定していない
2026-10-09,ファン,fan-lian-li-uni-fan-tl-flex-120-lcd-reverse,Lian Li UNI FAN TL FLEX 120 LCD Reverse,,120mm,,ドスパラ,,確認できず,未確認,,指定店舗の検索と追加検索で一致商品URLを特定できず。取扱なし・販売終了とは断定していない
2026-10-09,ファン,fan-lian-li-uni-fan-tl-flex-120-lcd-reverse,Lian Li UNI FAN TL FLEX 120 LCD Reverse,,120mm,,パソコン工房,,確認できず,未確認,https://www.pc-koubou.jp/products/detail.php?product_id=1248399,商品一致候補だが税込価格・通販在庫を確定できず
2026-10-09,ファン,fan-lian-li-uni-fan-tl-flex-120-lcd-reverse,Lian Li UNI FAN TL FLEX 120 LCD Reverse,,120mm,,アプライド,8916,在庫あり,購入可,https://shop.applied-net.co.jp/view/item/000000451523?category_page_id=ct2338,
2026-10-09,ファン,fan-arctic-p12-pwm-pst-a-rgb,ARCTIC P12 PWM PST A-RGB,,120mm,,アーク,,確認できず,未確認,,指定店舗の検索と追加検索で一致商品URLを特定できず。取扱なし・販売終了とは断定していない
2026-10-09,ファン,fan-arctic-p12-pwm-pst-a-rgb,ARCTIC P12 PWM PST A-RGB,,120mm,,ツクモ,,確認できず,未確認,,指定店舗の検索と追加検索で一致商品URLを特定できず。取扱なし・販売終了とは断定していない
2026-10-09,ファン,fan-arctic-p12-pwm-pst-a-rgb,ARCTIC P12 PWM PST A-RGB,,120mm,,ドスパラ,,確認できず,未確認,,指定店舗の検索と追加検索で一致商品URLを特定できず。取扱なし・販売終了とは断定していない
2026-10-09,ファン,fan-arctic-p12-pwm-pst-a-rgb,ARCTIC P12 PWM PST A-RGB,,120mm,,パソコン工房,,確認できず,未確認,,指定店舗の検索と追加検索で一致商品URLを特定できず。取扱なし・販売終了とは断定していない
2026-10-09,ファン,fan-arctic-p12-pwm-pst-a-rgb,ARCTIC P12 PWM PST A-RGB,,120mm,,アプライド,,確認できず,未確認,,指定店舗の検索と追加検索で一致商品URLを特定できず。取扱なし・販売終了とは断定していない
2026-10-09,ファン,fan-arctic-p14-pwm-pst-a-rgb,ARCTIC P14 PWM PST A-RGB,,140mm,,アーク,,確認できず,未確認,,指定店舗の検索と追加検索で一致商品URLを特定できず。取扱なし・販売終了とは断定していない
2026-10-09,ファン,fan-arctic-p14-pwm-pst-a-rgb,ARCTIC P14 PWM PST A-RGB,,140mm,,ツクモ,,確認できず,未確認,,指定店舗の検索と追加検索で一致商品URLを特定できず。取扱なし・販売終了とは断定していない
2026-10-09,ファン,fan-arctic-p14-pwm-pst-a-rgb,ARCTIC P14 PWM PST A-RGB,,140mm,,ドスパラ,,確認できず,未確認,,指定店舗の検索と追加検索で一致商品URLを特定できず。取扱なし・販売終了とは断定していない
2026-10-09,ファン,fan-arctic-p14-pwm-pst-a-rgb,ARCTIC P14 PWM PST A-RGB,,140mm,,パソコン工房,,確認できず,未確認,,指定店舗の検索と追加検索で一致商品URLを特定できず。取扱なし・販売終了とは断定していない
2026-10-09,ファン,fan-arctic-p14-pwm-pst-a-rgb,ARCTIC P14 PWM PST A-RGB,,140mm,,アプライド,,確認できず,未確認,,指定店舗の検索と追加検索で一致商品URLを特定できず。取扱なし・販売終了とは断定していない
2026-10-09,ファン,fan-arctic-p14-max,ARCTIC P14 Max,,140mm,,アーク,,取扱終了,取扱終了,https://www.ark-pc.co.jp/i/24301597/,取得元クロール: 2 days ago
2026-10-09,ファン,fan-arctic-p14-max,ARCTIC P14 Max,,140mm,,ツクモ,,販売終了,取扱終了,https://shop.tsukumo.co.jp/goods/4895213704328/,
2026-10-09,ファン,fan-arctic-p14-max,ARCTIC P14 Max,,140mm,,ドスパラ,,確認できず,未確認,,指定店舗の検索と追加検索で一致商品URLを特定できず。取扱なし・販売終了とは断定していない
2026-10-09,ファン,fan-arctic-p14-max,ARCTIC P14 Max,,140mm,,パソコン工房,,確認できず,未確認,,指定店舗の検索と追加検索で一致商品URLを特定できず。取扱なし・販売終了とは断定していない
2026-10-09,ファン,fan-arctic-p14-max,ARCTIC P14 Max,,140mm,,アプライド,,確認できず,未確認,,指定店舗の検索と追加検索で一致商品URLを特定できず。取扱なし・販売終了とは断定していない
2026-10-09,ファン,fan-corsair-icue-link-lx140-rgb,Corsair iCUE LINK LX140 RGB,,140mm,,アーク,,確認できず,未確認,,指定店舗の検索と追加検索で一致商品URLを特定できず。取扱なし・販売終了とは断定していない
2026-10-09,ファン,fan-corsair-icue-link-lx140-rgb,Corsair iCUE LINK LX140 RGB,,140mm,,ツクモ,,確認できず,未確認,,指定店舗の検索と追加検索で一致商品URLを特定できず。取扱なし・販売終了とは断定していない
2026-10-09,ファン,fan-corsair-icue-link-lx140-rgb,Corsair iCUE LINK LX140 RGB,,140mm,,ドスパラ,,確認できず,未確認,https://www.dospara.co.jp/SBR283/IC563705.html,CO版は別仕様
2026-10-09,ファン,fan-corsair-icue-link-lx140-rgb,Corsair iCUE LINK LX140 RGB,,140mm,,パソコン工房,,確認できず,未確認,https://www.pc-koubou.jp/products/detail.php?product_id=1100343,ホワイト版。指定モデルの色との一致未確認
2026-10-09,ファン,fan-corsair-icue-link-lx140-rgb,Corsair iCUE LINK LX140 RGB,,140mm,,アプライド,,確認できず,未確認,,指定店舗の検索と追加検索で一致商品URLを特定できず。取扱なし・販売終了とは断定していない
2026-10-09,ファン,fan-phanteks-d30-120,Phanteks D30-120,,120mm,,アーク,,確認できず,未確認,,指定店舗の検索と追加検索で一致商品URLを特定できず。取扱なし・販売終了とは断定していない
2026-10-09,ファン,fan-phanteks-d30-120,Phanteks D30-120,,120mm,,ツクモ,,確認できず,未確認,,指定店舗の検索と追加検索で一致商品URLを特定できず。取扱なし・販売終了とは断定していない
2026-10-09,ファン,fan-phanteks-d30-120,Phanteks D30-120,,120mm,,ドスパラ,,確認できず,未確認,,指定店舗の検索と追加検索で一致商品URLを特定できず。取扱なし・販売終了とは断定していない
2026-10-09,ファン,fan-phanteks-d30-120,Phanteks D30-120,,120mm,,パソコン工房,,確認できず,未確認,,指定店舗の検索と追加検索で一致商品URLを特定できず。取扱なし・販売終了とは断定していない
2026-10-09,ファン,fan-phanteks-d30-120,Phanteks D30-120,,120mm,,アプライド,,確認できず,未確認,,指定店舗の検索と追加検索で一致商品URLを特定できず。取扱なし・販売終了とは断定していない
2026-10-09,ファン,fan-phanteks-d30-120-reverse,Phanteks D30-120 Reverse,,120mm,,アーク,,確認できず,未確認,,指定店舗の検索と追加検索で一致商品URLを特定できず。取扱なし・販売終了とは断定していない
2026-10-09,ファン,fan-phanteks-d30-120-reverse,Phanteks D30-120 Reverse,,120mm,,ツクモ,,確認できず,未確認,,指定店舗の検索と追加検索で一致商品URLを特定できず。取扱なし・販売終了とは断定していない
2026-10-09,ファン,fan-phanteks-d30-120-reverse,Phanteks D30-120 Reverse,,120mm,,ドスパラ,,確認できず,未確認,,指定店舗の検索と追加検索で一致商品URLを特定できず。取扱なし・販売終了とは断定していない
2026-10-09,ファン,fan-phanteks-d30-120-reverse,Phanteks D30-120 Reverse,,120mm,,パソコン工房,,確認できず,未確認,,指定店舗の検索と追加検索で一致商品URLを特定できず。取扱なし・販売終了とは断定していない
2026-10-09,ファン,fan-phanteks-d30-120-reverse,Phanteks D30-120 Reverse,,120mm,,アプライド,,確認できず,未確認,,指定店舗の検索と追加検索で一致商品URLを特定できず。取扱なし・販売終了とは断定していない
2026-10-09,ファン,fan-phanteks-d30-140,Phanteks D30-140,,140mm,,アーク,,確認できず,未確認,,指定店舗の検索と追加検索で一致商品URLを特定できず。取扱なし・販売終了とは断定していない
2026-10-09,ファン,fan-phanteks-d30-140,Phanteks D30-140,,140mm,,ツクモ,,確認できず,未確認,,指定店舗の検索と追加検索で一致商品URLを特定できず。取扱なし・販売終了とは断定していない
2026-10-09,ファン,fan-phanteks-d30-140,Phanteks D30-140,,140mm,,ドスパラ,,確認できず,未確認,,指定店舗の検索と追加検索で一致商品URLを特定できず。取扱なし・販売終了とは断定していない
2026-10-09,ファン,fan-phanteks-d30-140,Phanteks D30-140,,140mm,,パソコン工房,,確認できず,未確認,,指定店舗の検索と追加検索で一致商品URLを特定できず。取扱なし・販売終了とは断定していない
2026-10-09,ファン,fan-phanteks-d30-140,Phanteks D30-140,,140mm,,アプライド,,確認できず,未確認,,指定店舗の検索と追加検索で一致商品URLを特定できず。取扱なし・販売終了とは断定していない
2026-10-09,ファン,fan-phanteks-d30-140-reverse,Phanteks D30-140 Reverse,,140mm,,アーク,,確認できず,未確認,,指定店舗の検索と追加検索で一致商品URLを特定できず。取扱なし・販売終了とは断定していない
2026-10-09,ファン,fan-phanteks-d30-140-reverse,Phanteks D30-140 Reverse,,140mm,,ツクモ,,確認できず,未確認,,指定店舗の検索と追加検索で一致商品URLを特定できず。取扱なし・販売終了とは断定していない
2026-10-09,ファン,fan-phanteks-d30-140-reverse,Phanteks D30-140 Reverse,,140mm,,ドスパラ,,確認できず,未確認,,指定店舗の検索と追加検索で一致商品URLを特定できず。取扱なし・販売終了とは断定していない
2026-10-09,ファン,fan-phanteks-d30-140-reverse,Phanteks D30-140 Reverse,,140mm,,パソコン工房,,確認できず,未確認,,指定店舗の検索と追加検索で一致商品URLを特定できず。取扱なし・販売終了とは断定していない
2026-10-09,ファン,fan-phanteks-d30-140-reverse,Phanteks D30-140 Reverse,,140mm,,アプライド,,確認できず,未確認,,指定店舗の検索と追加検索で一致商品URLを特定できず。取扱なし・販売終了とは断定していない
2026-10-09,ファン,fan-thermaltake-swafan-ex12,Thermaltake SWAFAN EX12 標準羽根,,120mm,,アーク,,最新在庫未確認,未確認,https://www.ark-pc.co.jp/i/24301465/,取得元クロール: 1.2 years ago。旧日付の検索取得ページのため最新価格・在庫は未確認
2026-10-09,ファン,fan-thermaltake-swafan-ex12,Thermaltake SWAFAN EX12 標準羽根,,120mm,,ツクモ,,確認できず,未確認,,指定店舗の検索と追加検索で一致商品URLを特定できず。取扱なし・販売終了とは断定していない
2026-10-09,ファン,fan-thermaltake-swafan-ex12,Thermaltake SWAFAN EX12 標準羽根,,120mm,,ドスパラ,,確認できず,未確認,https://www.dospara.co.jp/SBR738/IC561824.html,複数個パック。単品価格として不採用
2026-10-09,ファン,fan-thermaltake-swafan-ex12,Thermaltake SWAFAN EX12 標準羽根,,120mm,,パソコン工房,,確認できず,未確認,https://www.pc-koubou.jp/products/detail.php?product_id=986020,ホワイト版。指定モデルの色との一致未確認
2026-10-09,ファン,fan-thermaltake-swafan-ex12,Thermaltake SWAFAN EX12 標準羽根,,120mm,,アプライド,,確認できず,未確認,,指定店舗の検索と追加検索で一致商品URLを特定できず。取扱なし・販売終了とは断定していない
2026-10-09,ファン,fan-thermaltake-swafan-ex12-reverse,Thermaltake SWAFAN EX12 リバース羽根,,120mm,,アーク,,最新在庫未確認,未確認,https://www.ark-pc.co.jp/i/24301465/,取得元クロール: 1.2 years ago。旧日付の検索取得ページのため最新価格・在庫は未確認
2026-10-09,ファン,fan-thermaltake-swafan-ex12-reverse,Thermaltake SWAFAN EX12 リバース羽根,,120mm,,ツクモ,,確認できず,未確認,,指定店舗の検索と追加検索で一致商品URLを特定できず。取扱なし・販売終了とは断定していない
2026-10-09,ファン,fan-thermaltake-swafan-ex12-reverse,Thermaltake SWAFAN EX12 リバース羽根,,120mm,,ドスパラ,,確認できず,未確認,https://www.dospara.co.jp/SBR738/IC561824.html,複数個パック。単品価格として不採用
2026-10-09,ファン,fan-thermaltake-swafan-ex12-reverse,Thermaltake SWAFAN EX12 リバース羽根,,120mm,,パソコン工房,,確認できず,未確認,https://www.pc-koubou.jp/products/detail.php?product_id=986020,ホワイト版。指定モデルの色との一致未確認
2026-10-09,ファン,fan-thermaltake-swafan-ex12-reverse,Thermaltake SWAFAN EX12 リバース羽根,,120mm,,アプライド,,確認できず,未確認,,指定店舗の検索と追加検索で一致商品URLを特定できず。取扱なし・販売終了とは断定していない
2026-10-09,ファン,fan-thermaltake-swafan-ex14,Thermaltake SWAFAN EX14 標準羽根,,140mm,,アーク,,確認できず,未確認,,指定店舗の検索と追加検索で一致商品URLを特定できず。取扱なし・販売終了とは断定していない
2026-10-09,ファン,fan-thermaltake-swafan-ex14,Thermaltake SWAFAN EX14 標準羽根,,140mm,,ツクモ,,確認できず,未確認,,指定店舗の検索と追加検索で一致商品URLを特定できず。取扱なし・販売終了とは断定していない
2026-10-09,ファン,fan-thermaltake-swafan-ex14,Thermaltake SWAFAN EX14 標準羽根,,140mm,,ドスパラ,,確認できず,未確認,,指定店舗の検索と追加検索で一致商品URLを特定できず。取扱なし・販売終了とは断定していない
2026-10-09,ファン,fan-thermaltake-swafan-ex14,Thermaltake SWAFAN EX14 標準羽根,,140mm,,パソコン工房,,確認できず,未確認,https://www.pc-koubou.jp/products/detail.php?product_id=986021,ホワイト版。指定モデルの色との一致未確認
2026-10-09,ファン,fan-thermaltake-swafan-ex14,Thermaltake SWAFAN EX14 標準羽根,,140mm,,アプライド,,確認できず,未確認,,指定店舗の検索と追加検索で一致商品URLを特定できず。取扱なし・販売終了とは断定していない
2026-10-09,ファン,fan-thermaltake-swafan-ex14-reverse,Thermaltake SWAFAN EX14 リバース羽根,,140mm,,アーク,,確認できず,未確認,,指定店舗の検索と追加検索で一致商品URLを特定できず。取扱なし・販売終了とは断定していない
2026-10-09,ファン,fan-thermaltake-swafan-ex14-reverse,Thermaltake SWAFAN EX14 リバース羽根,,140mm,,ツクモ,,確認できず,未確認,,指定店舗の検索と追加検索で一致商品URLを特定できず。取扱なし・販売終了とは断定していない
2026-10-09,ファン,fan-thermaltake-swafan-ex14-reverse,Thermaltake SWAFAN EX14 リバース羽根,,140mm,,ドスパラ,,確認できず,未確認,,指定店舗の検索と追加検索で一致商品URLを特定できず。取扱なし・販売終了とは断定していない
2026-10-09,ファン,fan-thermaltake-swafan-ex14-reverse,Thermaltake SWAFAN EX14 リバース羽根,,140mm,,パソコン工房,,確認できず,未確認,https://www.pc-koubou.jp/products/detail.php?product_id=986021,ホワイト版。指定モデルの色との一致未確認
2026-10-09,ファン,fan-thermaltake-swafan-ex14-reverse,Thermaltake SWAFAN EX14 リバース羽根,,140mm,,アプライド,,確認できず,未確認,,指定店舗の検索と追加検索で一致商品URLを特定できず。取扱なし・販売終了とは断定していない
2026-10-09,ファン,fan-thermalright-tl-c12rb-s-v2-reverse,Thermalright TL-C12RB-S V2,,120mm,,アーク,,確認できず,未確認,,指定店舗の検索と追加検索で一致商品URLを特定できず。取扱なし・販売終了とは断定していない
2026-10-09,ファン,fan-thermalright-tl-c12rb-s-v2-reverse,Thermalright TL-C12RB-S V2,,120mm,,ツクモ,,確認できず,未確認,,指定店舗の検索と追加検索で一致商品URLを特定できず。取扱なし・販売終了とは断定していない
2026-10-09,ファン,fan-thermalright-tl-c12rb-s-v2-reverse,Thermalright TL-C12RB-S V2,,120mm,,ドスパラ,,確認できず,未確認,,指定店舗の検索と追加検索で一致商品URLを特定できず。取扱なし・販売終了とは断定していない
2026-10-09,ファン,fan-thermalright-tl-c12rb-s-v2-reverse,Thermalright TL-C12RB-S V2,,120mm,,パソコン工房,,確認できず,未確認,,指定店舗の検索と追加検索で一致商品URLを特定できず。取扱なし・販売終了とは断定していない
2026-10-09,ファン,fan-thermalright-tl-c12rb-s-v2-reverse,Thermalright TL-C12RB-S V2,,120mm,,アプライド,,確認できず,未確認,,指定店舗の検索と追加検索で一致商品URLを特定できず。取扱なし・販売終了とは断定していない
2026-10-09,ファン,fan-thermalright-tl-m12r-s-reverse,Thermalright TL-M12R-S,,120mm,,アーク,,確認できず,未確認,,指定店舗の検索と追加検索で一致商品URLを特定できず。取扱なし・販売終了とは断定していない
2026-10-09,ファン,fan-thermalright-tl-m12r-s-reverse,Thermalright TL-M12R-S,,120mm,,ツクモ,,確認できず,未確認,,指定店舗の検索と追加検索で一致商品URLを特定できず。取扱なし・販売終了とは断定していない
2026-10-09,ファン,fan-thermalright-tl-m12r-s-reverse,Thermalright TL-M12R-S,,120mm,,ドスパラ,,確認できず,未確認,,指定店舗の検索と追加検索で一致商品URLを特定できず。取扱なし・販売終了とは断定していない
2026-10-09,ファン,fan-thermalright-tl-m12r-s-reverse,Thermalright TL-M12R-S,,120mm,,パソコン工房,,確認できず,未確認,,指定店舗の検索と追加検索で一致商品URLを特定できず。取扱なし・販売終了とは断定していない
2026-10-09,ファン,fan-thermalright-tl-m12r-s-reverse,Thermalright TL-M12R-S,,120mm,,アプライド,,確認できず,未確認,,指定店舗の検索と追加検索で一致商品URLを特定できず。取扱なし・販売終了とは断定していない
2026-10-09,ファン,fan-be-quiet-silent-wings-pro-4-120mm-pwm,be quiet! Silent Wings Pro 4 120mm PWM(最高速モード),,120mm,,アーク,,確認できず,未確認,,指定店舗の検索と追加検索で一致商品URLを特定できず。取扱なし・販売終了とは断定していない
2026-10-09,ファン,fan-be-quiet-silent-wings-pro-4-120mm-pwm,be quiet! Silent Wings Pro 4 120mm PWM(最高速モード),,120mm,,ツクモ,,確認できず,未確認,,指定店舗の検索と追加検索で一致商品URLを特定できず。取扱なし・販売終了とは断定していない
2026-10-09,ファン,fan-be-quiet-silent-wings-pro-4-120mm-pwm,be quiet! Silent Wings Pro 4 120mm PWM(最高速モード),,120mm,,ドスパラ,4890,在庫あり,購入可,https://www.dospara.co.jp/SBR738/IC617907.html,
2026-10-09,ファン,fan-be-quiet-silent-wings-pro-4-120mm-pwm,be quiet! Silent Wings Pro 4 120mm PWM(最高速モード),,120mm,,パソコン工房,,確認できず,未確認,,指定店舗の検索と追加検索で一致商品URLを特定できず。取扱なし・販売終了とは断定していない
2026-10-09,ファン,fan-be-quiet-silent-wings-pro-4-120mm-pwm,be quiet! Silent Wings Pro 4 120mm PWM(最高速モード),,120mm,,アプライド,,確認できず,未確認,,指定店舗の検索と追加検索で一致商品URLを特定できず。取扱なし・販売終了とは断定していない
2026-10-09,ファン,fan-be-quiet-silent-wings-pro-4-140mm-pwm,be quiet! Silent Wings Pro 4 140mm PWM(最高速モード),,140mm,,アーク,,確認できず,未確認,,指定店舗の検索と追加検索で一致商品URLを特定できず。取扱なし・販売終了とは断定していない
2026-10-09,ファン,fan-be-quiet-silent-wings-pro-4-140mm-pwm,be quiet! Silent Wings Pro 4 140mm PWM(最高速モード),,140mm,,ツクモ,4309,在庫わずか／24時間以内に出荷,購入可,https://shop.tsukumo.co.jp/goods/0409171171012/,
2026-10-09,ファン,fan-be-quiet-silent-wings-pro-4-140mm-pwm,be quiet! Silent Wings Pro 4 140mm PWM(最高速モード),,140mm,,ドスパラ,,在庫なし,購入不可,https://www.dospara.co.jp/SBR739/IC617909.html,
2026-10-09,ファン,fan-be-quiet-silent-wings-pro-4-140mm-pwm,be quiet! Silent Wings Pro 4 140mm PWM(最高速モード),,140mm,,パソコン工房,,確認できず,未確認,,指定店舗の検索と追加検索で一致商品URLを特定できず。取扱なし・販売終了とは断定していない
2026-10-09,ファン,fan-be-quiet-silent-wings-pro-4-140mm-pwm,be quiet! Silent Wings Pro 4 140mm PWM(最高速モード),,140mm,,アプライド,,確認できず,未確認,,指定店舗の検索と追加検索で一致商品URLを特定できず。取扱なし・販売終了とは断定していない
2026-10-09,ファン,fan-deepcool-fk120,DeepCool FK120,,120mm,,アーク,,確認できず,未確認,,指定店舗の検索と追加検索で一致商品URLを特定できず。取扱なし・販売終了とは断定していない
2026-10-09,ファン,fan-deepcool-fk120,DeepCool FK120,,120mm,,ツクモ,,確認できず,未確認,,指定店舗の検索と追加検索で一致商品URLを特定できず。取扱なし・販売終了とは断定していない
2026-10-09,ファン,fan-deepcool-fk120,DeepCool FK120,,120mm,,ドスパラ,,在庫なし,購入不可,https://www.dospara.co.jp/SBR738/IC490203.html,
2026-10-09,ファン,fan-deepcool-fk120,DeepCool FK120,,120mm,,パソコン工房,,確認できず,未確認,,指定店舗の検索と追加検索で一致商品URLを特定できず。取扱なし・販売終了とは断定していない
2026-10-09,ファン,fan-deepcool-fk120,DeepCool FK120,,120mm,,アプライド,,確認できず,未確認,,指定店舗の検索と追加検索で一致商品URLを特定できず。取扱なし・販売終了とは断定していない
2026-10-09,ファン,fan-cooler-master-mobius-120,Cooler Master Mobius 120,,120mm,,アーク,,確認できず,未確認,https://www.ark-pc.co.jp/i/24301657/,複数個パック。単品価格として不採用
2026-10-09,ファン,fan-cooler-master-mobius-120,Cooler Master Mobius 120,,120mm,,ツクモ,,確認できず,未確認,https://shop.tsukumo.co.jp/goods/4719512126776/,RGB版。指定モデルとの仕様違い
2026-10-09,ファン,fan-cooler-master-mobius-120,Cooler Master Mobius 120,,120mm,,ドスパラ,,確認できず,未確認,,指定店舗の検索と追加検索で一致商品URLを特定できず。取扱なし・販売終了とは断定していない
2026-10-09,ファン,fan-cooler-master-mobius-120,Cooler Master Mobius 120,,120mm,,パソコン工房,,確認できず,未確認,https://www.pc-koubou.jp/products/detail.php?product_id=1095771,商品候補のページ表示を取得できず、税込価格・通販在庫を確定できず
2026-10-09,ファン,fan-cooler-master-mobius-120,Cooler Master Mobius 120,,120mm,,アプライド,,売り切れ,購入不可,https://shop.applied-net.co.jp/view/item/000000433903,
2026-10-09,ファン,fan-cooler-master-sickleflow-120-argb-reverse-edition,Cooler Master SickleFlow 120 ARGB Reverse Edition,,120mm,,アーク,,確認できず,未確認,,指定店舗の検索と追加検索で一致商品URLを特定できず。取扱なし・販売終了とは断定していない
2026-10-09,ファン,fan-cooler-master-sickleflow-120-argb-reverse-edition,Cooler Master SickleFlow 120 ARGB Reverse Edition,,120mm,,ツクモ,,確認できず,未確認,,指定店舗の検索と追加検索で一致商品URLを特定できず。取扱なし・販売終了とは断定していない
2026-10-09,ファン,fan-cooler-master-sickleflow-120-argb-reverse-edition,Cooler Master SickleFlow 120 ARGB Reverse Edition,,120mm,,ドスパラ,,確認できず,未確認,,指定店舗の検索と追加検索で一致商品URLを特定できず。取扱なし・販売終了とは断定していない
2026-10-09,ファン,fan-cooler-master-sickleflow-120-argb-reverse-edition,Cooler Master SickleFlow 120 ARGB Reverse Edition,,120mm,,パソコン工房,,確認できず,未確認,,指定店舗の検索と追加検索で一致商品URLを特定できず。取扱なし・販売終了とは断定していない
2026-10-09,ファン,fan-cooler-master-sickleflow-120-argb-reverse-edition,Cooler Master SickleFlow 120 ARGB Reverse Edition,,120mm,,アプライド,,確認できず,未確認,,指定店舗の検索と追加検索で一致商品URLを特定できず。取扱なし・販売終了とは断定していない
2026-10-09,ケース,case-cc-h52fb-01,NZXT H5 Flow (2024),CC-H52FB-01,,,アーク,,確認できず,未確認,,指定店舗の検索と追加検索で一致商品URLを特定できず。取扱なし・販売終了とは断定していない
2026-10-09,ケース,case-cc-h52fb-01,NZXT H5 Flow (2024),CC-H52FB-01,,,ツクモ,,販売終了,取扱終了,https://shop.tsukumo.co.jp/goods/4943508304392/,
2026-10-09,ケース,case-cc-h52fb-01,NZXT H5 Flow (2024),CC-H52FB-01,,,ドスパラ,14980,在庫あり,購入可,https://www.dospara.co.jp/SBR1959/IC509667.html,
2026-10-09,ケース,case-cc-h52fb-01,NZXT H5 Flow (2024),CC-H52FB-01,,,パソコン工房,,最新在庫未確認,未確認,https://www.pc-koubou.jp/products/detail.php?product_id=1094593,取得元クロール: 6 days ago。旧日付の検索取得ページのため最新価格・在庫は未確認
2026-10-09,ケース,case-cc-h52fb-01,NZXT H5 Flow (2024),CC-H52FB-01,,,アプライド,,確認できず,未確認,https://shop.applied-net.co.jp/view/item/000000434838?category_page_id=ct2387,商品ページの読み込み制限または取得失敗。税込価格・通販在庫を確定できず
2026-10-09,ケース,case-ca-1q9-00s1wn-00,Thermaltake S100 TG,CA-1Q9-00S1WN-00,,,アーク,,最新在庫未確認,未確認,https://www.ark-pc.co.jp/i/15201530/,取得元クロール: last week。旧日付の検索取得ページのため最新価格・在庫は未確認
2026-10-09,ケース,case-ca-1q9-00s1wn-00,Thermaltake S100 TG,CA-1Q9-00S1WN-00,,,ツクモ,4515,在庫あり／24時間以内に出荷,購入可,https://shop.tsukumo.co.jp/goods/4713227525084/,
2026-10-09,ケース,case-ca-1q9-00s1wn-00,Thermaltake S100 TG,CA-1Q9-00S1WN-00,,,ドスパラ,6480,在庫あり,購入可,https://www.dospara.co.jp/SBR448/IC469268.html,
2026-10-09,ケース,case-ca-1q9-00s1wn-00,Thermaltake S100 TG,CA-1Q9-00S1WN-00,,,パソコン工房,6480,当日出荷 【18†Image: 当日出荷対応商品】【19†?】,購入可,https://www.pc-koubou.jp/products/detail.php?product_id=907168,
2026-10-09,ケース,case-ca-1q9-00s1wn-00,Thermaltake S100 TG,CA-1Q9-00S1WN-00,,,アプライド,,売り切れ,購入不可,https://shop.applied-net.co.jp/view/item/000000421717?category_page_id=ct2362,ホワイトモデル／指定の白型番を採用
